username,timestamp
vivafit__oficial,2025-07-23 14:52:15.484814
leilacantuario_,2025-07-23 14:53:22.565730
wrdivulgacoesparaiso.to,2025-07-23 14:55:53.386143
amatea_pso,2025-07-23 14:57:47.957473
paraisosolucoeseletricas,2025-07-23 14:58:54.702205
cantinho_da_marlene65,2025-07-23 17:32:53.109744
serranosrestaurante,2025-07-23 17:34:22.720838
ametomineracao,2025-07-23 17:37:40.652289
victorhsenna,2025-07-23 17:38:45.937823
juniorlainetti,2025-07-23 17:41:02.769709
juliocesar.contabilidade,2025-07-23 17:42:27.653994
rosinhamaarinho,2025-07-23 17:45:16.988666
bordadocomafeto_06,2025-07-23 17:46:43.835099
lorranynascimentooficial,2025-07-23 17:48:02.903811
marildadalourencosousa,2025-07-23 17:49:28.071302
federalpreparatorio,2025-07-23 17:51:16.217490
tratorfertilpalmas,2025-07-23 17:53:11.634527
compartluz_,2025-07-23 17:56:17.674713
cristina.ernestina35175,2025-07-23 17:57:54.969198
casacureparaiso,2025-07-23 17:59:42.651542
rejany08,2025-07-23 18:01:11.474362
lanches_espetinhodocanteiro,2025-07-23 18:03:58.021130
opulenciauniformes,2025-07-23 18:07:57.939963
ohanaencomendas,2025-07-23 18:09:09.011573
rochaaevento,2025-07-23 18:11:11.950526
estetica_bigode2022,2025-07-23 18:13:28.346351
construcasagpi,2025-07-23 18:14:34.740646
promocoes_de_palmas,2025-07-23 18:18:36.397234
kedes_corretor,2025-07-23 18:21:15.762755
donizete8522,2025-07-23 18:25:15.407057
akimodasconfeccoes,2025-07-23 18:28:11.945625
itgustavo.a2f,2025-07-23 18:31:55.507107
hans_muller_martins,2025-07-23 18:33:16.114110
worneyramos,2025-07-23 18:34:44.350167
gynservices,2025-07-23 18:35:49.310293
poesiaa_cc,2025-07-23 18:38:09.092979
gyzely.goncalves,2025-07-23 18:39:55.602164
leidianecarvalho49,2025-07-23 18:41:51.564286
emporiodasmangueiras,2025-07-23 18:43:01.308451
thahh_freitas,2025-07-23 18:44:36.520384
tvplayoficial_,2025-07-23 18:46:58.930863
fredson4530,2025-07-23 18:50:01.452233
agiliza_assessoria_informatica,2025-07-23 18:52:41.690053
lucilene.rs94,2025-07-23 18:55:24.461503
resta_daval,2025-07-23 18:57:41.607558
dallyannesilvasales,2025-07-23 19:00:06.054909
gustavorodrigues_63,2025-07-23 19:03:57.185929
lucassousa.oficial01,2025-07-23 19:05:14.023153
studio.patricia_hair_styles,2025-07-23 19:07:39.081841
panificadoranascimento.pso,2025-07-23 19:11:34.551169
aiarabianca,2025-07-23 19:13:24.952233
aireseabreuadvogados,2025-07-23 19:16:22.424730
flavianapereirada2,2025-07-23 19:20:08.487181
ellietesoaressilva,2025-07-23 19:23:59.709289
reinaldo.bezerra5r,2025-07-23 19:26:39.342403
_joaolukaslisboaxzz,2025-07-23 19:27:55.310589
jacy9562,2025-07-23 19:29:55.823811
jose.chacara.galileia,2025-07-23 19:31:37.087940
dylbert_soares,2025-07-23 19:33:09.194207
clediane_castro_de_carvalho,2025-07-23 19:35:41.855707
geirleneviana,2025-07-23 19:39:06.632585
andressinha_gomes_oficial,2025-07-23 19:42:20.580339
johnrhayorgeoficial,2025-07-23 19:44:27.184206
bsclean7,2025-07-23 19:47:34.693944
luiz_felipe_oficial24,2025-07-23 19:49:41.163883
caio.mineiro,2025-07-23 19:51:14.305571
mayanemartinsl,2025-07-23 19:53:29.127860
namesachef,2025-07-23 19:55:11.520853
zack_delivery,2025-07-23 19:58:14.429261
skyfitparaisodotocantins,2025-07-23 20:02:04.004593
cleonice0014,2025-07-23 20:04:45.430297
elianebezerragama,2025-07-23 20:07:25.454465
jhonattasandrade,2025-07-23 20:11:04.805285
maxdoposto,2025-07-23 20:14:28.125106
adriellymendesbeauty,2025-07-23 20:16:31.898011
wsbsilasatitude,2025-07-23 20:17:38.649598
poliany_cristiny_rodrigues,2025-07-23 20:18:43.446527
danny_aires08,2025-07-23 20:22:31.640027
leia.borgesoliveira,2025-07-23 20:24:43.899819
alinepires907,2025-07-23 20:28:10.267234
vaniaalvesgomes,2025-07-23 20:29:49.627476
simone_9540morena,2025-07-23 20:31:59.150279
leticia____oficial08,2025-07-23 20:35:45.974110
simone.bandeira.332,2025-07-23 20:37:57.048923
gracy2420,2025-07-23 20:41:45.160576
danielvicente907,2025-07-23 20:44:01.546346
katia.martinsnunes,2025-07-23 20:47:17.072657
oboticariomiracemato,2025-07-23 20:48:39.523038
lucinete.pereira.1007,2025-07-23 20:51:43.776910
raquelliracosta,2025-07-23 20:54:00.699030
andreza2141,2025-07-23 20:56:15.435311
mayzaa_ribeiroo,2025-07-23 20:58:04.835281
kellydiany,2025-07-23 21:01:24.067085
nabrasa_3j,2025-07-23 21:05:10.274932
kaylani.abreu,2025-07-23 21:08:51.470695
iolanda_floricultura_primavera,2025-07-23 21:12:46.137194
talitw_,2025-07-23 21:15:05.590305
antoniomoreira451,2025-07-23 21:18:26.160592
miranorte_med,2025-07-23 21:19:29.327388
lilianbezerraoficial,2025-07-23 21:20:52.622287
gabrielacinquinifranco,2025-07-23 21:24:48.547978
celia.claudia.58,2025-07-23 21:26:20.035597
nilson_cardoso_oficial,2025-07-23 21:27:26.961297
irenildarabelo,2025-07-23 21:28:54.681402
santagbn_,2025-07-23 21:32:17.532304
dronesvoolivre,2025-07-23 21:34:56.271597
fernandoramoreira,2025-07-23 21:37:00.154638
achadinhoos15,2025-07-23 21:39:02.300574
oliveirasousaleonardo,2025-07-23 21:41:44.919974
riba.sabino77,2025-07-23 21:44:30.708906
lofimusicbrasiloficial,2025-07-23 21:47:15.696642
vttored2004,2025-07-23 21:49:30.413363
ray_silva3043,2025-07-23 21:50:51.582431
danielguitar.oficial,2025-07-23 21:53:28.962846
petshop_pedigree,2025-07-23 21:55:11.009444
chic.cosmeticos_,2025-07-23 21:57:26.393994
monicaaquino_estetica,2025-07-23 22:00:55.867974
geodesiatopografia_,2025-07-23 22:03:51.425182
acelluzimangues,2025-07-23 22:06:53.978472
portengelfin,2025-07-23 22:09:30.370209
gabinodias,2025-07-23 22:11:02.198012
nova_cred_,2025-07-23 22:12:54.772487
galegoshowcantoroficial,2025-07-23 22:14:57.661707
amandha_antonia,2025-07-23 22:17:14.003886
oficialfabiogranja,2025-07-23 22:19:15.920484
barbeariadocabelo,2025-07-23 22:23:14.932161
mbjessica26,2025-07-23 22:25:02.924692
geraldodesouza,2025-07-23 22:27:37.790199
pablo_ruandias,2025-07-23 22:29:02.611295
elsieneborba,2025-07-23 22:30:08.427229
sunglass_pmw,2025-07-23 22:32:03.753676
capacity_and_training,2025-07-23 22:34:20.127843
roberto.corretorr,2025-07-23 22:37:34.010050
juscelinocarvalhodebrito,2025-07-23 22:39:09.132745
projetoecourbano,2025-07-23 22:42:24.892218
diego_martins_passos,2025-07-23 22:44:04.322173
niltoncruz.oficial,2025-07-23 22:46:50.934734
diogof.oficial,2025-07-23 22:50:49.488512
saraamorimamorim,2025-07-23 22:52:47.477752
marcelaborgesdesousa,2025-07-23 22:55:05.097359
regisantoli,2025-07-23 22:57:12.321580
desativadoo_242424,2025-07-23 22:59:12.505138
tia.tharkyla,2025-07-23 23:00:32.457032
lunna__aires,2025-07-23 23:02:57.664399
deboralbteixeira.adv,2025-07-23 23:05:52.470531
paraisodoscaiaques,2025-07-23 23:09:08.720373
marlete_maia,2025-07-23 23:10:28.458097
mundodadancato,2025-07-23 23:12:00.324278
fatima.araujo25,2025-07-23 23:13:55.050657
mmagroscience,2025-07-23 23:16:16.815308
nubia__oficial,2025-07-23 23:18:03.146140
dorinhabrandalise,2025-07-23 23:20:36.409312
alinemoraismilhomem,2025-07-23 23:23:12.208519
fran70181,2025-07-23 23:25:33.977567
joaninhaoliveira1000,2025-07-23 23:29:00.680970
isaiashuescar,2025-07-23 23:32:17.020827
pronorti.sistemas,2025-07-23 23:35:04.951616
jucilene12334,2025-07-23 23:37:40.520657
acaijunio,2025-07-23 23:39:53.443289
gilmaramendesaguiar,2025-07-23 23:41:02.754618
millenysousa751,2025-07-23 23:43:57.819937
viviane_advocacia,2025-07-23 23:47:08.670397
mariaespiritosantopires,2025-07-23 23:49:52.335787
lena.barbosa.1293,2025-07-23 23:53:19.890668
use_arcoirismodakids,2025-07-23 23:54:43.886830
ms_diesel.ofc,2025-07-23 23:55:56.644326
familiadeliverypsooo,2025-07-23 23:58:18.934516
valdene5859,2025-07-24 00:00:18.590997
musicoterapeuta_elieze,2025-07-24 00:02:45.713829
luanakalinea,2025-07-24 00:05:13.512066
marlleane,2025-07-24 00:08:32.595804
mariavictoriaaraujo2310,2025-07-24 00:11:32.397661
_alicealecar,2025-07-24 00:14:20.159523
nara_bolos_cakes,2025-07-24 00:16:10.767727
elisapso10,2025-07-24 00:20:02.127592
carolsantosstudio01,2025-07-24 00:22:43.577876
joanadarque0104,2025-07-24 00:24:23.617991
casearanoticias,2025-07-24 00:27:10.357389
estrella_pr1m3,2025-07-24 00:28:36.416396
closetborges,2025-07-24 00:31:05.896165
saraharaujo_designer,2025-07-24 00:33:24.336746
thaisthaianerocha,2025-07-24 00:37:07.184917
luhbelle__,2025-07-24 00:38:39.758399
leitegomesanalucia3,2025-07-24 00:41:11.134170
barbearia_andrade___,2025-07-24 00:45:04.450373
cavalcante_marcilene,2025-07-24 00:48:20.943997
lucasrdsilva_,2025-07-24 00:51:06.086811
hernandysoliveira,2025-07-24 00:52:51.865176
carissima.boutique,2025-07-24 00:56:06.591601
drdiego_ferreira,2025-07-24 00:57:13.451165
studio_luziasousa_nails,2025-07-24 00:58:41.663702
rogeriobrittoreserva,2025-07-24 00:59:52.924774
thais_silvap94,2025-07-24 01:01:22.703763
dyegomarques30,2025-07-24 01:04:00.857417
samya.vduarte,2025-07-24 01:07:20.302760
elevor.to,2025-07-24 01:08:47.748182
fernanda_abreu37,2025-07-24 01:10:03.020435
ludmilla_peres35,2025-07-24 01:11:48.206590
katiuciaoliveirakolp,2025-07-24 01:13:55.557435
delmaribeirojf,2025-07-24 01:15:33.033249
mariaj_dconceicao,2025-07-24 01:16:52.236082
dagmargontijo,2025-07-24 01:18:17.430300
valdenes_silva_,2025-07-24 01:21:00.218057
ssarahsthe,2025-07-24 01:22:14.295659
_yolandapinheiro,2025-07-24 01:25:32.309345
luziaamaraal,2025-07-24 01:27:35.952241
bala_tendas,2025-07-24 01:30:19.303833
arantes.delivery,2025-07-24 01:32:03.162449
elaine.siqueira.7355,2025-07-24 01:35:22.673839
crislopes.personalizados,2025-07-24 01:38:53.596044
anaccomunica,2025-07-24 01:40:06.845540
maerciocoelho,2025-07-24 01:41:18.284967
locamais_to,2025-07-24 01:45:16.807515
andremaia.vasco,2025-07-24 01:46:27.172294
dra.paulamascarenhas,2025-07-24 01:47:48.790741
lolalola.oficial,2025-07-24 01:51:21.644231
antonioluizbadaro157,2025-07-24 01:54:37.035509
leydianelimalive,2025-07-24 01:56:56.191128
jeanne_karllabraga,2025-07-24 01:58:32.334057
erileneemiliana,2025-07-24 02:01:36.683170
ray_p.martins,2025-07-24 02:05:31.600724
paraisodosdrones,2025-07-24 02:08:23.472680
ts.clinvet,2025-07-24 02:10:12.428475
heliamara_miranda,2025-07-24 02:12:05.615096
piquena_29,2025-07-24 02:14:43.181016
studionayaradias,2025-07-24 02:18:09.337917
sarinha_io,2025-07-24 02:20:31.279991
maria_eduarda.me19,2025-07-24 02:24:15.982296
rogeriomoraesreis,2025-07-24 02:26:14.701659
patty2205,2025-07-24 02:29:55.477577
camila_marinho2910,2025-07-24 02:31:26.695021
vanilsonmartins10,2025-07-24 02:33:36.644371
fioseformasboutique,2025-07-24 02:35:54.839854
maiconcamargooficial,2025-07-24 02:39:26.180519
habitararquitetura.paraiso,2025-07-24 02:41:15.207263
placidacarreiro,2025-07-24 02:42:22.490933
ameliassalgados,2025-07-24 02:45:42.710442
lopes_0593,2025-07-24 02:49:04.888931
jailson_eletricista,2025-07-24 02:52:48.995491
melhoresdoanoparaisotocantins,2025-07-24 02:55:12.382016
estudio_guida_manicurepedecure,2025-07-24 02:58:46.725447
cristianerprado,2025-07-24 03:01:49.372149
sergianaribeir,2025-07-24 03:05:25.647987
elianetreinadora,2025-07-24 07:03:37.478029
dra.carolcabrall,2025-07-24 07:05:24.597229
adrianataflafemachado,2025-07-24 07:08:48.888119
tainaraavelino_,2025-07-24 07:12:11.744927
adv.amandammilhomem,2025-07-24 07:15:10.630903
ijichihiroko98,2025-07-24 07:18:40.954305
espacogiovannaratsbone,2025-07-24 07:22:40.200118
janainamasso_terapeuta,2025-07-24 07:24:44.543212
jaymara.silva_,2025-07-24 07:27:23.393161
agenciafuture,2025-07-24 07:28:48.290338
donutsdamanu__,2025-07-24 07:32:17.232780
dragiovannamilhomem,2025-07-24 07:35:34.538733
isaquefelixconsultor,2025-07-24 07:37:33.395140
ellenbeatrizdoscilios,2025-07-24 07:40:50.715918
ruancharlesbodypiercer,2025-07-24 07:41:54.868669
julianaap.martins,2025-07-24 07:43:58.438289
raianemocelai,2025-07-24 07:45:23.232810
saracutiaroficial,2025-07-24 07:49:14.268283
milkajales,2025-07-24 07:51:37.264981
atelie.meninas_oficial,2025-07-24 07:53:34.297186
casadalavoura_lojacountry,2025-07-24 07:56:49.803713
odontofanpso,2025-07-24 07:59:36.613547
marcostom1,2025-07-24 08:01:20.838430
duda_cestas__,2025-07-24 08:02:33.805875
isabelsalgadinhosdefesta,2025-07-24 08:04:30.813
dupassoparaiso,2025-07-24 08:05:40.248316
yanag_estetica,2025-07-24 08:07:01.928848
eng.nataliafernandes,2025-07-24 08:10:54.707693
kassiasilva.adm,2025-07-24 08:12:46.726182
gilberto_treinador,2025-07-24 08:15:07.187510
kojakadaoribeiro,2025-07-24 08:17:46.502942
jonathasnelesfotografia,2025-07-24 08:19:31.581126
santiagodourival,2025-07-24 08:22:09.239849
karleanerodriguesda,2025-07-24 08:26:05.951875
warlenmesquita7,2025-07-24 08:29:30.118240
capitalmoveisplanejados,2025-07-24 08:31:43.725218
laufershowroom,2025-07-24 08:32:51.308843
joanny_dsc,2025-07-24 08:35:20.663018
savannaferreira,2025-07-24 08:37:59.738501
40grausmodapraiato,2025-07-24 08:40:27.475902
fernandobernardes7,2025-07-24 08:41:47.619166
laliquesconceptstore,2025-07-24 08:43:07.856089
crisstore_modas,2025-07-24 08:46:47.079688
netoavelino.oficial,2025-07-24 08:49:26.833881
marianacarvalho.b,2025-07-24 08:52:04.882436
thaisepatriciarosa,2025-07-24 08:54:22.554295
gomesdeabreubezerra,2025-07-24 08:58:16.661912
scrubsdaanaa,2025-07-24 09:00:09.227511
giovannacsilveira_,2025-07-24 09:01:50.344639
diogomilhomemadv,2025-07-24 09:05:02.389904
djalma_milhomem,2025-07-24 09:07:06.205295
simonypereirasantos30,2025-07-24 09:08:42.894254
dra_anakaritacarvalho,2025-07-24 09:11:06.448536
eleonorapinheiroacessorios,2025-07-24 09:12:53.560974
drabrunakeveny,2025-07-24 09:14:54.233264
dralarissaandre,2025-07-24 09:17:11.780959
joanaclara12,2025-07-24 09:20:11.891507
mc.construcoes_10,2025-07-24 09:23:20.776689
camilamoraes.mm,2025-07-24 09:25:57.024130
crisaraujo_adv,2025-07-24 09:27:00.249225
erlainnebl,2025-07-24 09:28:38.983082
chrisvieirasemijoias,2025-07-24 09:30:51.684926
artesanal.paraiso,2025-07-24 09:32:05.374486
simplesaroma,2025-07-24 09:35:52.528844
estacaodosapato_paraiso,2025-07-24 09:37:09.528160
ivanildehairs,2025-07-24 09:40:51.101171
karllinha_barcelos,2025-07-24 09:43:27.438255
rosely_camargo1,2025-07-24 09:44:46.366667
malwee.paraiso,2025-07-24 09:46:04.586518
vereador_ricardodiniz,2025-07-24 09:47:26.836949
raylanelongahstudio,2025-07-24 09:50:37.526305
upfitbr,2025-07-24 09:54:38.522211
aventuresejalapao,2025-07-24 09:58:17.905827
solve.sgn,2025-07-24 10:01:58.769646
novaface_cosmeticos,2025-07-24 10:04:42.081399
enf_isadoracavalcante,2025-07-24 10:08:17.401489
anaclaudiamiguell_,2025-07-24 10:09:23.189472
parkortopediapilates,2025-07-24 10:12:24.489638
nandomilhomem.adv,2025-07-24 10:16:07.502911
samiradornelles,2025-07-24 10:19:07.079479
revisaautocarpso,2025-07-24 10:20:08.669901
valquiriamoura.adv,2025-07-24 10:23:59.026458
gislayne_doces,2025-07-24 10:25:18.686931
naira.cavalcante.167,2025-07-24 10:27:22.169229
christianenoletosemijoias,2025-07-24 10:31:15.061201
polly_oliveiraah,2025-07-24 10:32:38.520220
jocarvalhoestetic,2025-07-24 10:35:23.380279
estudioinspirart,2025-07-24 10:38:38.126494
thomas_jeffersonadv,2025-07-24 10:41:32.408168
advwillmartins,2025-07-24 10:42:56.266667
karllinha_brito,2025-07-24 10:45:40.589420
vibeesereia,2025-07-24 10:46:50.195983
autocenterpinheiroto,2025-07-24 10:48:44.089965
deth.bronze,2025-07-24 10:51:45.372918
alivecontabilidade,2025-07-24 10:53:25.647129
conceicao.bezerra28,2025-07-24 10:54:40.755506
meire_moreira_store,2025-07-24 10:56:08.135432
erica_oliarq,2025-07-24 10:58:02.017747
v.bstore_,2025-07-24 11:00:02.701088
dr.mateusbez,2025-07-24 11:03:15.262453
fisioclaricecarinne,2025-07-24 11:05:39.004649
lagoa_med,2025-07-24 11:07:56.624007
millenniumcontabilidade,2025-07-24 11:10:06.559252
cris.tiellefigueiredo,2025-07-24 11:13:53.666661
fernandasoual,2025-07-24 11:16:48.494869
keniadorneles,2025-07-24 11:19:06.173351
elencristinaluz_,2025-07-24 11:20:45.122336
dayycristinaaa,2025-07-24 11:21:52.119641
draanaalencar.oficial,2025-07-24 11:23:28.121050
flaviamoraes98mo,2025-07-24 11:24:54.657738
tuliovilelasantos,2025-07-24 11:26:00.333614
ester_teles_c,2025-07-24 11:29:08.359518
criskeileoficial,2025-07-24 11:31:59.283412
vallonevariedades,2025-07-24 11:34:57.190676
_renata.leo,2025-07-24 11:36:14.301777
espaco.mastereventos,2025-07-24 11:37:19.932176
joiasglux,2025-07-24 11:38:34.897126
geicelea,2025-07-24 11:39:57.361936
vera15martins,2025-07-24 11:43:54.692825
_clubtshirts,2025-07-24 11:45:39.269575
informaticapso2024,2025-07-24 11:47:37.707547
jt.esteticadental,2025-07-24 11:49:20.000498
anaclaudiagomessantos.29,2025-07-24 11:52:03.075149
cabanas_gril,2025-07-24 11:54:44.445361
drakaoannerios,2025-07-24 11:58:30.623999
marcia_almeida654,2025-07-24 12:01:57.141286
isabelly_guidaa,2025-07-24 12:04:00.386874
estudiojulienecunha,2025-07-24 12:07:17.760926
chris_mendes5851,2025-07-24 12:10:54.933303
alana_caetanoo,2025-07-24 12:12:12.171874
herikaleobascerimonialista,2025-07-24 12:15:26.324021
vilarinsbrito,2025-07-24 12:16:35.691638
araujobela03,2025-07-24 12:20:28.333876
jack.aborges,2025-07-24 12:22:52.923176
leticya.santoss,2025-07-24 12:24:01.376995
tcheportonacional,2025-07-24 12:27:20.684437
eillany7,2025-07-24 12:30:32.887312
studio_martins03,2025-07-24 12:33:09.204620
eu_pollycris,2025-07-24 12:36:22.733634
lauraschechi,2025-07-24 12:38:18.324478
promoemporiumdiamond,2025-07-24 12:40:01.863835
leiziane05,2025-07-24 12:42:01.208138
alcione_azeved0,2025-07-24 12:45:49.914163
kamila_15_pereira,2025-07-24 12:49:10.366662
karllagommez,2025-07-24 12:53:10.871341
dayaneateliedeunhas,2025-07-24 12:56:49.102977
delmavargasdecastro,2025-07-24 12:59:48.657094
oralprime,2025-07-24 13:02:58.104649
crisss_santanna,2025-07-24 13:04:25.108516
dra.sabrinasouza,2025-07-24 13:05:39.015516
thiagoguida,2025-07-24 13:07:09.897754
angelikneves90,2025-07-24 13:09:49.803885
leylips,2025-07-24 13:10:59.627596
paladare__,2025-07-24 13:14:41.959287
karolinysbm,2025-07-24 13:16:14.107531
leticiacosta21294,2025-07-24 13:18:05.997272
divina.formiga,2025-07-24 13:21:40.197450
centro_bem_estar,2025-07-24 13:23:01.923643
dondocaimportadospso,2025-07-24 13:24:45.431243
warleyreis,2025-07-24 13:26:13.977574
jaina__gomes,2025-07-24 13:28:58.612786
ingridhbatista,2025-07-24 13:31:05.148967
usepetitstore,2025-07-24 13:33:12.559518
leiasouza5678,2025-07-24 13:36:15.771231
imunosim,2025-07-24 13:37:51.767605
camargomarilia_,2025-07-24 13:40:57.813012
vgessika,2025-07-24 13:44:28.446628
m.lleoficial,2025-07-24 13:45:46.346195
missday_boutique,2025-07-24 13:49:19.237817
marcogspereira.86,2025-07-24 13:50:42.325093
gaucho_restaurante,2025-07-24 13:53:26.054659
thalesvinicius.adv,2025-07-24 13:54:33.033357
hectorbernardi,2025-07-24 13:55:35.697742
aldeias.burger,2025-07-24 13:57:44.024280
carol.azevedojor,2025-07-24 14:00:21.283824
glamconceptboutique,2025-07-24 14:02:51.518488
antonio_luis7624,2025-07-24 14:04:54.121762
maluaraujooficial,2025-07-24 14:08:47.827696
fraga_store,2025-07-24 14:10:35.292130
ederrsonjr,2025-07-24 14:14:22.290836
dalilacbarreto,2025-07-24 14:16:42.132064
draamandamarinho,2025-07-24 14:18:46.232229
granja_3_coracoes,2025-07-24 14:20:34.734614
lojaclubedaspaty,2025-07-24 14:24:09.558717
dr.ismael.armondes,2025-07-24 14:26:25.247421
jujubenicio,2025-07-24 14:27:41.789080
joanabronzee,2025-07-24 14:29:50.257935
nilo_contrhata_consultoria,2025-07-24 14:33:26.642976
_thalitastore_,2025-07-24 14:36:17.925592
draniveamiranda,2025-07-24 14:37:33.841784
jennepher_duarte,2025-07-24 14:39:07.678601
hipnosevetum,2025-07-24 14:41:49.635654
elzapatricia_moura,2025-07-24 14:45:21.991452
lorenamunick,2025-07-24 14:46:45.413849
espacoprodutosivone,2025-07-24 14:49:41.194079
agenciaviewspmw,2025-07-24 14:53:04.412598
majestosa.designer,2025-07-24 14:56:06.894031
thalescabralcragronegocios,2025-07-24 14:58:44.649920
taisapaz026,2025-07-24 15:00:14.273712
thallita23matos,2025-07-24 15:03:14.738837
andradeturismoo,2025-07-24 15:07:08.376590
ednaalongamentos,2025-07-24 15:09:03.887661
keniaamorim,2025-07-24 15:12:26.179480
tomrose290,2025-07-24 15:15:00.119813
alinesouza3980,2025-07-24 15:17:33.221357
rosana.cabral0407,2025-07-24 15:19:56.320606
albalucia.pereiradasilva,2025-07-24 15:22:09.803086
nobre_meat,2025-07-24 15:26:04.104325
studiojulianafernandes,2025-07-24 15:27:31.259221
fiodeamor5,2025-07-24 15:29:54.124096
deboradantas.fisio,2025-07-24 15:33:30.124177
denise.m.araujo,2025-07-24 15:35:58.903432
dr_humberto_santana,2025-07-24 15:38:03.676570
thatilarejane,2025-07-24 15:41:14.391495
monique_medeiroos,2025-07-24 15:43:33.338483
lessenceperfumaria,2025-07-24 15:46:53.695501
casadopadeiroparaiso,2025-07-24 15:50:00.199669
dranataliafonseca,2025-07-24 15:52:14.173281
celiateixeira.a,2025-07-24 15:54:35.603116
leticiia_oliveiira,2025-07-24 15:58:03.361078
hvar.joias,2025-07-24 15:59:20.719086
hebrompso,2025-07-24 16:01:59.894289
thiarlesantoniocorretor,2025-07-24 16:03:56.416982
topcelularpso,2025-07-24 16:05:31.781448
mocelaiarquitetura,2025-07-24 16:08:14.022129
mariferreiradlima,2025-07-24 16:10:46.691046
ahazouju,2025-07-24 16:14:37.459430
to_080_enfrente_motel_gaivota,2025-07-24 16:17:29.359513
mentoriaparadedetizadoras,2025-07-24 16:21:12.952102
joicycampelo31,2025-07-24 16:24:30.391952
myledspalmas,2025-07-24 16:25:40.006116
studiodenise.araujo,2025-07-24 16:26:43.130358
psicologamikaellenrenata,2025-07-24 16:30:28.184565
moda.comxaxim,2025-07-24 16:33:26.264805
iees1,2025-07-24 16:35:13.896185
salaocleuza_simone,2025-07-24 16:37:24.193463
elisa_rochafrs,2025-07-24 16:41:00.930830
renerfranco,2025-07-24 16:44:15.404023
maris_oficial,2025-07-24 16:45:26.784267
giuliacapri_oficial,2025-07-24 16:47:33.910975
glamessences,2025-07-24 16:50:39.682647
vanderlangiajacinto12,2025-07-24 16:53:35.973025
hamburgueriasantafe,2025-07-24 16:57:28.976543
gleidson.fernandes.3,2025-07-24 16:59:29.412854
cecioffice,2025-07-24 17:02:19.490395
humbertoimplantes,2025-07-24 17:05:17.846488
thatilaaf,2025-07-24 17:09:10.182996
dra.anapaularocha,2025-07-24 17:10:24.252080
mirianrosesoares,2025-07-24 17:11:28.949997
bossdetailbrasil,2025-07-24 17:14:00.570096
iarastudiodepilates,2025-07-24 17:15:17.429676
evercinasoares,2025-07-24 17:18:51.210269
studio.raianesilveira,2025-07-24 17:20:02.759504
wagnasantos,2025-07-24 17:23:29.224124
jaqueline_ttomaz,2025-07-24 17:26:06.484299
delicias_ds_rafa,2025-07-24 17:29:18.966875
fotosandremiranda,2025-07-24 17:30:22.839851
thiago.rodrigues_oficial,2025-07-24 17:33:16.666450
jhonatassouto,2025-07-24 17:36:51.844680
vivianecostasilva,2025-07-24 17:38:44.062152
stivalecalcados,2025-07-24 17:41:20.826394
leticialrsmurca,2025-07-24 17:44:44.312728
enf.biancaandriolli,2025-07-24 17:47:35.365069
delicatta.modafemme,2025-07-24 17:48:53.610184
suelene_nascimento22,2025-07-24 17:52:03.362396
claumodaoficial,2025-07-24 17:54:20.641087
grace_soares_,2025-07-24 17:58:15.344603
thamara.goncalves,2025-07-24 18:01:37.745297
dedesports__,2025-07-24 18:05:12.733211
alinegalvao.microfisioterapia,2025-07-24 18:08:05.477925
solange26_espindola,2025-07-24 18:09:54.580981
lara.terezaa,2025-07-24 18:12:21.264266
jujufreitas7681,2025-07-24 18:14:08.878502
lorennasalessemijoias,2025-07-24 18:15:14.410942
solsantospmu,2025-07-24 18:17:28.546555
amandacristinaallves,2025-07-24 18:19:16.363969
almeidaeventos2020,2025-07-24 18:21:04.112164
_claraaboutique,2025-07-24 18:24:40.685559
spacobeautystore_,2025-07-24 18:28:26.630169
hotwearlp,2025-07-24 18:30:31.855457
lannacsr,2025-07-24 18:33:02.884847
dlamourjoiasfinas,2025-07-24 18:36:00.040541
fabioboroficial,2025-07-24 18:38:56.083397
lua02filhos,2025-07-24 18:41:13.540846
lancaperfume.thaianebh,2025-07-24 18:43:56.951813
bynnapresentes,2025-07-24 18:46:02.719870
evacampelo.oficial,2025-07-24 18:48:08.229358
edilsa_pereira_profissional,2025-07-24 18:52:04.222208
valtairia,2025-07-24 18:54:06.198618
souzanubiacristinade,2025-07-24 18:55:48.669180
delluxoo,2025-07-24 18:56:56.448552
jessica_rodrigues000,2025-07-24 19:00:22.975681
esmalteriafiorella,2025-07-24 19:01:39.649299
mendes.123.jo,2025-07-24 19:04:49.176860
anappaulaalves30,2025-07-25 09:05:17.550162
millena_azeved0,2025-07-25 09:06:19.985536
pazluis2013,2025-07-25 09:09:22.547051
wellensohn_bastos,2025-07-25 09:10:58.650767
laurenicemesquita,2025-07-25 09:14:08.211964
djs.solucoess,2025-07-25 09:17:18.999315
fabrizziajunqueira,2025-07-25 09:19:54.193259
cristinnaariella,2025-07-25 09:23:01.645706
m4uricioferreira,2025-07-25 09:25:36.029995
resil.engenharia,2025-07-25 09:29:24.463338
pedaguabikeboat_pmw,2025-07-25 09:32:09.828801
morentamoveis27gpi,2025-07-25 09:33:30.303760
agrifeiras_31,2025-07-25 09:36:09.349749
laisacontadora,2025-07-25 09:39:57.240525
mayanedesigner,2025-07-25 09:42:12.147726
intercon.to,2025-07-25 09:44:17.172667
karemmelissa.psi,2025-07-25 09:47:27.930199
d_mary_lingerie,2025-07-25 09:48:32.808133
palmasenergiasolar_to,2025-07-25 09:51:58.066579
lumariasouto_,2025-07-25 09:56:00.450044
andiara.oficial,2025-07-25 09:59:36.437547
drasteffanydaffila_,2025-07-25 10:01:50.971197
sebraepa,2025-07-25 10:04:09.608797
ianamacedoimoveisimoveisdeluxo,2025-07-25 10:06:24.327667
anakarolinamontes,2025-07-25 10:09:26.378231
guiomarmoraiis,2025-07-25 10:10:45.927025
legalizetocantins,2025-07-25 10:12:21.068479
renanrocha.83,2025-07-25 10:15:46.942836
thaurusbbq,2025-07-25 10:18:15.648758
hunterservicosei,2025-07-25 10:21:02.452065
carlosantoniodeto,2025-07-25 10:22:29.332596
babimnrezende,2025-07-25 10:26:21.833434
raicontamais,2025-07-25 10:29:49.497521
personalfinanceiro,2025-07-25 10:33:25.056019
paulosergioadm,2025-07-25 10:37:01.920011
cyprianoconsultoria,2025-07-25 10:40:33.490926
wb_agencia,2025-07-25 10:42:58.834724
jackelimma_,2025-07-25 10:46:56.833550
scotta_fernando,2025-07-25 10:49:07.314519
epica.engenharia,2025-07-25 10:51:22.508126
cerradoruralshow,2025-07-25 10:54:12.379558
totusagenciademarketing,2025-07-25 10:57:27.717493
aixagenciadeinovacao,2025-07-25 10:58:45.221682
empreenda.saosalvador,2025-07-25 11:01:12.550952
emanoellycferraz,2025-07-25 11:03:04.770023
samara_sg,2025-07-25 11:05:37.334661
femicroto,2025-07-25 11:09:16.928303
saravargasdivulga,2025-07-25 11:12:33.425047
ruralizanegocios,2025-07-25 11:13:50.671721
decorae_festaspegueemonte,2025-07-25 11:15:44.684221
papeldeestrela,2025-07-25 11:17:01.724268
larissalicita.adv,2025-07-25 11:18:12.530571
vanildaviagenscolinas,2025-07-25 11:20:23.290219
pollymenezesdesign,2025-07-25 11:23:07.101229
estudio.bella_estetica,2025-07-25 11:26:13.899927
featmarketing,2025-07-25 11:28:02.657260
unirgoficial,2025-07-25 11:30:00.641511
carne.dejaca,2025-07-25 11:32:24.089522
amoracajucafe,2025-07-25 11:33:35.764486
ateckconsultoria,2025-07-25 11:34:53.889052
cozinhabistrooficial,2025-07-25 11:36:36.781996
marianillmacorretoradeimoveis,2025-07-25 11:40:37.002932
volk_projetos,2025-07-25 11:42:25.703364
vinicius.aires,2025-07-25 11:44:50.330398
mariabrasileira.colinas,2025-07-25 11:46:46.833894
gr_stoore,2025-07-25 11:48:21.603838
coimbra.adm,2025-07-25 11:52:16.330063
jkdesign_estamparia,2025-07-25 11:54:17.000289
herica.eneilee,2025-07-25 11:57:46.164283
spectrum.socialmedia,2025-07-25 12:00:11.731733
valeria_maternidade,2025-07-25 12:03:36.619441
leidecristinasobrancelhas,2025-07-25 12:07:17.744417
raquel.terapeutacapilar_,2025-07-25 12:10:02.464016
palucomunica,2025-07-25 12:13:12.568639
janeassuncaoo,2025-07-25 12:15:16.148850
glaucia.educadora,2025-07-25 12:17:06.297159
antoniasexologa,2025-07-25 12:19:45.156319
deuzilene.silvas,2025-07-25 12:21:34.173484
eli.gurupi,2025-07-25 12:23:28.522386
pedro.eliagi,2025-07-25 12:25:55.957042
suavlingerie,2025-07-25 12:28:47.498203
agoratocantins,2025-07-25 12:32:46.480645
marciathiely,2025-07-25 12:35:27.184013
aciaraoficial,2025-07-25 12:38:42.898622
lucassilva__oficial,2025-07-25 12:40:48.200669
megafashion_colinas,2025-07-25 12:43:05.471082
cost_amaiza,2025-07-25 12:46:36.165139
clinicarennovecolinas,2025-07-25 12:49:26.565521
amanda_lealoficial,2025-07-25 12:52:06.239488
corretorakesiatavares,2025-07-25 12:54:57.755081
gleicyrodrigues.consultorarh,2025-07-25 12:56:27.709350
postupublic,2025-07-25 12:57:51.568176
_mariaraquelc,2025-07-25 13:00:19.683068
ledsintimapalmas,2025-07-25 13:02:32.358851
tendenzaplanner,2025-07-25 13:06:04.352750
sunvitafarma,2025-07-25 13:07:20.617360
saladoempreendedor.saoluis,2025-07-25 13:10:30.752128
armazemtempo,2025-07-25 13:12:51.585676
mqosupertroca,2025-07-25 13:14:17.813976
rerison_antonio,2025-07-25 13:15:21.232198
monica_sartori_marcheto,2025-07-25 13:18:09.126298
leandro_souzabaker,2025-07-25 13:20:53.884994
amandaborbamkt,2025-07-25 13:24:20.730293
aw.turismo,2025-07-25 13:27:53.743471
silviasouto.oficial,2025-07-25 13:29:28.311715
paulo.capel,2025-07-25 13:33:27.327801
marielem.sales,2025-07-25 13:35:17.813664
neavoliveira,2025-07-25 13:38:05.212312
adm_nayara_alves,2025-07-25 13:40:36.580757
abelhesa,2025-07-25 13:43:44.917705
rhd_studio_,2025-07-25 13:44:56.540983
jessicasphane,2025-07-25 13:47:56.077664
cristovamtiago,2025-07-25 13:51:10.511776
descomplicasba,2025-07-25 13:53:11.899837
restaurantepequidocerrado,2025-07-25 13:54:19.870293
gleycianefonseca,2025-07-25 13:55:36.756155
jussaraxalmeida,2025-07-25 13:59:03.699650
ericafonsecamentora,2025-07-25 14:02:00.067359
marcinha_oficial_to,2025-07-25 14:05:56.939749
sebraero,2025-07-25 14:09:25.188861
auroranewsoficial,2025-07-25 14:13:16.469715
souzalorrany2,2025-07-25 14:16:46.831345
sebrae.es,2025-07-25 14:19:16.480588
robertotalb,2025-07-25 14:20:49.097212
kaizenconsultoriaementoria,2025-07-25 14:23:13.564812
priscilafelizolaoficial,2025-07-25 14:26:21.707564
bottosgustavo,2025-07-25 14:29:35.098413
sebraenoacre,2025-07-25 14:32:17.370181
suyannymaciel,2025-07-25 14:33:43.010282
erickadijesus,2025-07-25 14:36:40.285886
aricleia.financas,2025-07-25 14:39:07.079663
eusouvaleriamachado63,2025-07-25 14:42:14.283310
inovato.uft,2025-07-25 14:45:29.912536
dralunnaramota,2025-07-25 14:48:16.213151
legalizempresas,2025-07-25 14:50:41.893857
marcele_reinaldo,2025-07-25 14:51:56.675732
annaluizaoficial8,2025-07-25 14:53:28.325641
limasamyrabeleza,2025-07-25 14:56:33.738599
slz.consultoria,2025-07-25 15:00:28.924530
joaoliramentor,2025-07-25 15:03:41.799969
maranhaoruralshow,2025-07-25 15:05:11.095665
nalusemijoiaslf,2025-07-25 15:06:37.887102
publicidadenexus,2025-07-25 15:10:19.175112
engflor.oliveira,2025-07-25 15:12:38.256991
escola_de_costura_e_moda,2025-07-25 15:15:22.714677
raffamach,2025-07-25 15:17:50.620831
ateliebellcosta,2025-07-25 15:21:08.162782
dianopolismilgrau,2025-07-25 15:23:09.102307
acolherpsi,2025-07-25 15:24:51.219226
tatianny.guimaraes,2025-07-25 15:27:59.905203
bem_maria_presentes,2025-07-25 15:31:47.220773
lucassantosadvogado_,2025-07-25 15:35:04.064626
belezapalmasto,2025-07-25 15:39:04.250611
caceiacheilagoaoficial,2025-07-25 15:41:08.036033
lojadaianevasconcelos,2025-07-25 15:42:39.191059
onykacio,2025-07-25 15:44:41.577471
depaulameloadv,2025-07-25 15:47:45.051334
casadeeventos8e88,2025-07-25 15:49:47.971528
saladoempreendedorsev.melorn,2025-07-25 15:52:01.325445
salaempreendedor.novaolinda.to,2025-07-25 15:55:45.993380
eniograzianni,2025-07-29 08:22:03.508918
adv.dhawidxavier,2025-07-29 08:25:41.508200
dojohope,2025-07-29 08:27:37.383984
rhemilley_bjj,2025-07-29 08:31:36.510713
annaclaraapp,2025-07-29 08:34:14.299899
victoria_cris,2025-07-29 08:36:55.625706
gui.constancio,2025-07-29 08:40:25.884576
guylherme_bjj,2025-07-29 08:44:17.308992
ikigaiproducoes_eventos,2025-07-29 08:47:42.881956
drjoaopaulonunesjr,2025-07-29 08:51:32.760001
treinadora_hyor,2025-07-29 08:53:05.345259
bravopmw,2025-07-29 08:56:11.557834
anselmo_mestre_pesado,2025-07-29 09:00:00.675851
rodrigo.barbosa.oip,2025-07-29 09:02:26.467603
rafaelpavao_bjj,2025-07-29 09:06:18.064679
classea_artes_marciais,2025-07-29 09:08:39.201160
mv.odontologia00,2025-07-29 09:11:27.358315
acai_hf,2025-07-29 09:14:08.515752
aresbjjpmw,2025-07-29 09:16:17.523190
dr.carlos.vitor.dlana,2025-07-29 09:17:57.138837
ritanegonna_artebrasileira,2025-07-29 09:21:28.036396
studio63bjj,2025-07-29 09:23:04.223241
vaneuda_feitosa,2025-07-29 09:24:26.264810
_.silvax._33k,2025-07-29 09:26:20.835735
gf.suplementos,2025-07-29 09:27:44.724872
rubembergborges,2025-07-29 09:29:03.756944
jamismota,2025-07-29 09:32:02.371863
impactoteamaraguaina,2025-07-29 09:35:46.685533
jefferson.mizael7,2025-07-29 09:38:12.611627
junior60bjj_personaltrainer,2025-07-29 09:40:47.020457
oxee_frito_delivery,2025-07-29 09:42:34.771456
mtsuplementosto,2025-07-29 09:46:01.386012
ctpaifilhosclaudioteamcarvalho,2025-07-29 09:47:19.774598
raiane02161508,2025-07-29 09:49:46.563014
vanialeite12,2025-07-29 09:50:59.038776
jiuartofc,2025-07-29 09:54:01.431704
camisa63.to,2025-07-29 10:32:40.242664
atriumjiujitsupso,2025-07-29 10:36:35.038420
_lazarobasto,2025-07-29 10:40:15.474720
warlempersonaltrainer,2025-07-29 10:43:11.873279
caitanobjj,2025-07-29 10:45:27.159250
luansantos_bjj,2025-07-29 10:49:19.101590
kaiquecoelhobjj,2025-07-29 10:50:40.232932
matheus_galvaojj,2025-07-29 10:52:58.966659
amannda_cardoso_,2025-07-29 10:55:50.974968
sofiaguimaraesxs,2025-07-29 10:57:20.082622
mourenita_,2025-07-29 11:01:06.363708
thiagomoraesescoladejiujitsu,2025-07-29 11:04:09.842906
spartactpalmas,2025-07-29 11:06:51.605782
jacsonpina,2025-07-29 11:10:19.053394
wescleyceara,2025-07-29 11:11:26.071141
cecilia_pipocas,2025-07-29 11:14:43.912532
erica_vitoriabjj,2025-07-29 11:18:09.024826
_08alexjj,2025-07-29 11:19:56.668509
hcjiujitsubrasil,2025-07-29 11:21:05.848021
daviminussi,2025-07-29 11:25:06.542183
jv_gomes_08a,2025-07-29 11:28:25.185146
rosinara.ribeiro.52,2025-07-29 11:30:35.189096
bruna_vnepunucenac,2025-07-29 11:33:43.112039
leonardorodriguesbjjto,2025-07-29 11:35:34.738902
sousaelais,2025-07-29 11:39:13.474476
robson_lima13,2025-07-29 11:41:17.999065
rosioliveiracl,2025-07-29 11:43:56.565940
dojocaitanobjj,2025-07-29 11:45:44.354609
roneim_,2025-07-29 11:48:52.700697
esquadraotigretaekwondo,2025-08-06 07:37:45.338164
sampaio_team,2025-08-06 07:39:44.400126
tjmoveis_,2025-08-06 07:41:04.958973
teamtaekwondoescola,2025-08-06 07:42:45.288249
rogerioromarioedf,2025-08-06 07:43:53.414392
baby.class.tkd,2025-08-06 07:45:08.969287
lana.escobarr,2025-08-06 07:46:48.629448
camila_mtkd,2025-08-06 07:48:39.128401
gemeosacad,2025-08-06 07:49:59.869623
romagnolitkdteam,2025-08-06 07:51:45.409792
lotushapkido,2025-08-06 07:53:32.044756
actkdchapecooficial,2025-08-06 07:54:41.114581
style_rozestore,2025-08-06 07:56:08.081617
mestre.beto,2025-08-06 07:57:45.816479
academia_taekwondo_milleium,2025-08-06 07:59:00.070005
luan.moreiratkd,2025-08-06 08:00:15.998038
eam_ryozanpaku,2025-08-06 08:02:03.585942
gleice.pena,2025-08-06 08:03:41.257960
fightclubtkd,2025-08-06 08:05:21.550899
roraitae,2025-08-06 08:06:45.361644
vitoriaa_caetanoo_,2025-08-06 08:07:56.930827
academiadiscipulosdodragao,2025-08-06 08:09:54.641267
marinhoteamtkd,2025-08-06 08:10:58.892329
taekwondozenkai,2025-08-06 08:12:37.342638
kpnp_brasil,2025-08-06 08:13:49.744730
tkdolimpios,2025-08-06 08:15:20.001433
luska28.oficial,2025-08-06 08:16:22.840187
xtremetaekwondo_,2025-08-06 08:17:59.747639
juniorlima_tkd,2025-08-06 08:19:26.487263
ll.pessoa,2025-08-06 08:21:17.292834
julie.ramiresfroes,2025-08-06 08:22:30.912865
institutomestreallan,2025-08-06 08:24:07.490533
bryan_lenczx,2025-08-06 08:25:35.306460
artesdataniar_,2025-08-06 08:27:08.998353
pedrolucasxtkd,2025-08-06 08:28:17.272989
fernandoestevestreinador,2025-08-06 08:30:01.801763
academiachujitsuna,2025-08-06 08:31:05.961234
wsp.m.s.junior.adalberto,2025-08-06 08:32:42.648298
marcoshenriquept,2025-08-06 08:34:03.146382
academia_anjosdeluz,2025-08-06 08:35:34.800554
forceacademiaoficial,2025-08-06 08:37:21.404736
academia.carlos.eduardo,2025-08-06 08:39:05.019617
taekwondo.salto,2025-08-06 08:40:57.383804
ebenertkd,2025-08-06 08:42:10.743953
elianelluz,2025-08-06 08:43:58.878461
mayraishibashi,2025-08-06 08:45:51.580938
monsters.taekwondo,2025-08-06 08:47:04.676191
aect.df,2025-08-06 08:49:02.348449
cr_paralimpico_ceara,2025-08-06 08:50:09.351309
kaasacombatect,2025-08-06 08:51:25.810998
tkdrevolucion.cl,2025-08-06 08:53:23.620225
samurai_ademir71,2025-08-06 08:55:13.357758
fecet.ce,2025-08-06 08:56:37.476095
academiaarteolimpica,2025-08-06 08:57:52.694137
blackbeltfoundationbrasil,2025-08-06 08:59:05.617581
dragaonegro.tkd,2025-08-06 09:00:18.033505
kokimtkd,2025-08-06 09:02:13.553250
studiolotus_lins,2025-08-06 09:03:32.905370
_tkdlinssantos,2025-08-06 09:05:20.297326
actkdrs,2025-08-06 09:06:32.887951
ecosan.petstore,2025-08-06 09:08:35.003913
psicologodiegosilva,2025-08-06 09:10:33.440277
ong_sementedobem,2025-08-06 09:11:54.920747
zekyosanim,2025-08-06 09:13:17.145443
taekwondo.prof.everton.weyh,2025-08-06 09:14:27.006647
ctkyoshi_,2025-08-06 09:15:34.391162
wm.tkd,2025-08-06 09:17:07.185149
invasao_taekwondo,2025-08-06 09:18:15.713101
academiamanuelafeliz,2025-08-06 09:20:11.960595
tchirgui_makitkd,2025-08-06 09:21:15.648476
nek0_0_,2025-08-06 09:23:08.774681
erlanearaujo._,2025-08-06 09:24:45.260995
oallancontador,2025-08-06 09:26:41.011796
mestre_gilberto_taekwondo,2025-08-06 09:28:23.225752
academiacentraltkd,2025-08-06 09:29:35.016271
escolahian,2025-08-06 09:30:54.127699
pimenteltkdteam,2025-08-06 09:32:30.262446
malkeragency,2025-08-06 09:34:32.011837
profgustavoef,2025-08-06 09:36:18.193683
teamhyunsu_oficial,2025-08-06 09:38:17.579080
institutorlecd,2025-08-06 09:40:02.108251
silvafighterteam,2025-08-06 09:41:05.376091
ctt.taekwondo,2025-08-06 09:42:08.433315
_amandaliis,2025-08-06 09:43:54.519031
cacildohorus,2025-08-06 09:45:10.611769
psico.priscillaalmeida,2025-08-06 09:47:07.335699
asn_tkd,2025-08-06 09:49:04.202483
maisa_luar,2025-08-06 09:50:31.051708
projeto_machado_tkd_da_lagoa,2025-08-06 09:52:32.983635
atactaekwondotrivelato,2025-08-06 09:53:37.997755
frazao.augusto,2025-08-06 09:55:32.209653
academiaallsports,2025-08-06 09:57:34.826396
taekwondo_furia,2025-08-06 09:58:54.880286
carvalho_team_oficial,2025-08-06 10:00:36.190231
jhonvictorac,2025-08-06 10:01:54.101229
marcosvenicio69207,2025-08-06 10:03:08.179032
dra.yasmincaroline,2025-08-06 10:05:05.949749
ray_santosoficial,2025-08-06 10:06:22.596973
filipefaraco,2025-08-06 10:08:24.732787
potim_fight_taekwondo,2025-08-06 10:09:52.870791
nazirjhon40,2025-08-06 10:11:02.608224
ilzelouize,2025-08-06 10:12:07.251684
guiabelojardimpe,2025-08-06 10:13:56.594081
vitorshinodart,2025-08-06 10:15:39.653469
denzell.blas,2025-08-06 10:16:53.872159
matiane_carvalho,2025-08-06 10:18:04.909205
rafa_nogueirapires,2025-08-06 10:19:47.750941
taekwondoteresinapiaui,2025-08-06 10:20:52.708421
joaosantana.10,2025-08-06 10:21:59.921117
adntkd,2025-08-06 10:23:07.346049
academiaguidotkd,2025-08-06 10:24:37.742237
white.tigertkd,2025-08-06 10:25:47.383528
vagner_piran,2025-08-06 10:27:05.641583
rbmomentos_fotos_,2025-08-06 10:28:52.709640
hycaro.oficial,2025-08-06 10:29:59.217410
leandro_maff,2025-08-06 14:14:09.156889
mdm143p,2025-08-06 14:16:32.795156
e_areaowx,2025-08-06 14:18:44.037067
marinaa.tkd,2025-08-06 14:20:18.747201
_sschischof,2025-08-06 14:21:56.898673
ariel_silva_tkd,2025-08-06 14:23:19.696659
henrique_lacerda_ibjj,2025-08-06 14:25:23.074759
janice_tkd,2025-08-06 14:27:05.089078
d22meloo,2025-08-06 14:28:27.004351
natymonike,2025-08-06 14:29:36.867933
arthur_tkd31,2025-08-06 14:30:53.393144
cleogodinhotkd,2025-08-06 14:32:18.298266
kimdaiana.rm,2025-08-06 14:33:34.625865
sobral_lu3,2025-08-06 14:35:36.802157
kakau_tkd,2025-08-06 14:37:12.671723
mestracristiane_souzatkd,2025-08-06 14:38:26.482279
pvdd._barella,2025-08-06 14:39:39.262557
marisedamazio2025,2025-08-06 14:41:21.036275
yrguell,2025-08-06 14:42:47.170619
enzo_schmitt,2025-08-06 14:44:37.793796
grao_mestre.alex.machado,2025-08-06 14:46:15.067176
nagai.ana,2025-08-06 14:47:36.935737
profjohnatansoares,2025-08-06 14:49:26.422622
zaninello_tkd,2025-08-06 14:51:01.572878
_victor.zsx,2025-08-06 14:53:04.100545
nelsontoshiyukimiyamoto,2025-08-06 14:54:33.349878
_linck02,2025-08-06 14:56:01.653274
isaias.tkd_,2025-08-06 14:57:52.066593
carterlam1515,2025-08-06 14:59:32.134374
clarawlz__,2025-08-06 15:01:16.815868
renata.tamie,2025-08-06 15:03:15.981223
kmeurentkd,2025-08-06 15:05:08.380473
dimitrius_92,2025-08-06 15:07:10.055777
giovannasantosra2018,2025-08-06 15:08:15.983599
qg.aanac_,2025-08-06 15:09:23.302644
eduarda.tkd_,2025-08-06 15:11:05.002841
_kyaramoreira,2025-08-06 15:12:29.951686
luzareco_13,2025-08-06 15:14:29.605209
shimurazzz,2025-08-06 15:15:34.542532
tkd_marcus,2025-08-06 15:17:18.073318
ceciliamaria_tkd,2025-08-06 15:18:31.467534
_.julia.oliveira.__,2025-08-06 15:19:40.372222
_amanda.tkd,2025-08-06 15:21:14.986425
normabger,2025-08-06 15:22:36.477327
_masoares_tkd,2025-08-06 15:24:00.736069
taizmontalvao2,2025-08-06 15:25:48.361376
spartajotap,2025-08-06 15:28:10.041335
ajtkd2004,2025-08-06 15:29:43.099325
valdirenisilva_souza,2025-08-06 15:31:00.904559
izah_emanuu_,2025-08-06 15:32:55.181843
fabriciooli_tkd,2025-08-06 15:34:21.949317
_dry_.santos_,2025-08-06 15:36:09.286697
millenafalcon,2025-08-06 15:37:39.802772
00_.luci._,2025-08-06 15:38:46.820835
rafaela.meirelles.da.costa,2025-08-06 15:39:58.834096
santz.dx,2025-08-06 15:41:52.605005
giovanna.2bt,2025-08-06 15:43:20.462487
ana.kunkel,2025-08-06 15:45:28.869546
ana__gabriely1,2025-08-06 15:46:38.743125
me.yasminb,2025-08-06 15:47:44.422124
mateusaranha_tkd,2025-08-06 15:49:48.417089
carloskim1143,2025-08-06 15:51:36.450750
cida.adonay_,2025-08-06 15:53:32.923369
edmundo_csantos,2025-08-06 15:54:42.050283
giovannapsposito,2025-08-06 15:55:59.853650
raissawz_0,2025-08-06 15:57:26.789549
vitorctkd,2025-08-06 15:59:16.841711
tkd.toneli,2025-08-06 16:01:01.920441
team.mr.tkd,2025-08-06 16:02:35.095612
cela_santostkd,2025-08-06 16:04:20.147710
isa._tkd,2025-08-06 16:06:14.756009
dixx_lany14,2025-08-06 16:08:01.277838
silviomalicheski_40,2025-08-06 16:09:28.774507
montalvao_tkd_team,2025-08-06 16:10:46.066738
tinhx_.jjl,2025-08-06 16:12:45.775098
gustavohris,2025-08-06 16:14:06.548708
kerolayni_tkd_18,2025-08-06 16:15:15.232230
sanginetofrancisco,2025-08-06 16:16:28.007579
o.marcusviniciusde,2025-08-06 16:17:54.993599
tiagolopes_1984,2025-08-06 16:19:37.576490
sandroo.tkd,2025-08-06 16:21:40.481248
sofia.scm99,2025-08-06 16:23:08.697380
franciscac.cisca,2025-08-06 16:24:26.943998
flp_reisq10,2025-08-06 16:26:10.353076
mestrehelton_,2025-08-06 16:27:50.975137
_talitaaxzz,2025-08-06 16:28:58.870723
rosangelasredondo,2025-08-06 16:30:04.185019
lucianoguilherme__,2025-08-06 16:31:55.833152
iolanda_r_palassi,2025-08-06 16:33:42.690067
marcos.lopes.da.costa,2025-08-06 16:35:36.123834
stephani_tkd16,2025-08-06 16:36:59.758525
tataglv,2025-08-06 16:38:09.695515
renatocardoso6070,2025-08-06 16:39:22.435148
mtaewondo,2025-08-06 16:40:32.239408
malulima,2025-08-06 16:42:12.402897
miguelgoncalvestkd,2025-08-06 16:44:10.084498
lino_matsuri,2025-08-06 16:45:59.291274
marcelo.barros.bh,2025-08-06 16:47:36.008964
mestre.kim,2025-08-06 16:49:18.381074
luthozeski,2025-08-06 16:51:12.162943
tkd.stela,2025-08-06 16:53:10.716942
wagnerluiz680,2025-08-06 16:54:38.790459
mauricioskillus,2025-08-06 16:56:07.334798
pedropaulo_dusol,2025-08-06 16:57:54.231455
bmbernardoo,2025-08-06 16:59:57.391719
luizhtaurino,2025-08-06 17:01:09.969409
ericah_amaraltkd,2025-08-06 17:03:06.125713
vitorgon__,2025-08-06 17:04:27.896954
caua_laba_tkd,2025-08-06 17:06:30.869864
sydney_tkd,2025-08-06 17:08:01.851685
aronkaripuna_tkd,2025-08-06 17:09:47.914719
pedro.arthur.ss,2025-08-06 17:11:22.069792
fabianteodoro,2025-08-06 17:13:00.172187
guilhermecfelix,2025-08-06 17:14:24.302112
micheleboche,2025-08-06 17:16:05.066202
sosres_ana,2025-08-06 17:18:04.252718
raamos_l,2025-08-06 17:19:28.501921
mi.aandradee,2025-08-06 17:21:30.214883
giselletkd,2025-08-06 17:49:35.983551
pereiralorenaaraujo,2025-08-06 17:51:12.899787
analu_seidel,2025-08-06 17:52:25.355361
_mariagiordani_,2025-08-06 17:53:41.913807
alexandre_g_medeiros,2025-08-06 17:54:49.906911
espinosa3558,2025-08-06 17:56:45.920531
janderson_mizael,2025-08-06 17:58:35.846050
dhully_tkd01,2025-08-06 18:00:19.808632
duduu_tkd,2025-08-06 18:01:52.655131
phbonamin,2025-08-06 18:02:57.137078
conceicaosivanildojesusda,2025-08-06 18:04:28.388010
rodneypenna,2025-08-06 18:06:26.075
isa_gomiero,2025-08-06 18:08:07.449155
akemi.utiyama,2025-08-06 18:09:30.779396
christopher600025,2025-08-06 18:10:51.516488
isis_xxz15,2025-08-06 18:12:23.331829
iizaquiel.93,2025-08-06 18:13:56.910605
princesa_nazario.tkd,2025-08-06 18:15:57.592628
mestre_rafabrasil,2025-08-06 18:17:50.200298
gabrielatkd_,2025-08-06 18:19:32.819031
adriana_kirsten,2025-08-06 18:21:21.856127
arthurcimeno08__,2025-08-06 18:22:46.409856
rscamilo.insta,2025-08-06 18:24:35.633797
aryelsampaio,2025-08-06 18:26:36.555745
guiixz._0,2025-08-06 18:27:56.154756
rafaelrstkd,2025-08-06 18:29:23.386524
ctmaioliteam,2025-08-06 18:31:15.735074
jackson_cappi_luz,2025-08-06 18:33:07.497648
valeriarodrigues.bra,2025-08-06 18:35:05.868324
yagocunhatkd,2025-08-06 18:36:50.979312
fabiomescouto,2025-08-06 18:38:01.072995
joabebento,2025-08-06 18:39:47.828102
_sadi.tkd,2025-08-06 18:41:48.321700
constancetkdchile,2025-08-06 18:43:42.964322
thai_tkd,2025-08-06 18:45:44.648706
lucenando.com.a.julia,2025-08-06 18:47:32.304568
_tiagotkd_,2025-08-06 18:49:33.188805
geisielsilva.tkd,2025-08-06 18:50:59.498623
marcelomelotkd,2025-08-06 18:52:41.232188
murgia_tkd,2025-08-06 18:54:34.595366
vinicius.lopes.tkd,2025-08-06 18:56:36.111407
caio.k_tkd,2025-08-06 18:58:23.566912
darvison,2025-08-06 19:00:15.566574
gustavotruppel,2025-08-06 19:01:48.579270
andreia.ferr_,2025-08-06 19:03:01.275227
tkd.jacob,2025-08-06 19:04:54.338574
erickzinho_tkd,2025-08-06 19:06:47.960880
jauritkd,2025-08-06 19:08:30.709567
jeffersonvicentepaula,2025-08-06 19:09:45.897656
021_mtschultz,2025-08-06 19:10:52.333241
adryan.tkd,2025-08-06 19:12:13.947697
yago.tkd_,2025-08-06 19:14:03.506623
fabiola_rios0y,2025-08-06 19:15:40.535088
estevam_cristina,2025-08-06 19:17:26.171481
luanacarneiro.tkd,2025-08-06 19:19:01.388184
claudiacmbernardo,2025-08-06 19:20:50.571785
caa.mnzs,2025-08-06 19:22:27.557362
dennys_alison,2025-08-06 19:23:51.736335
dayanevds,2025-08-06 19:25:47.532005
morrocoy_1954,2025-08-06 19:27:09.720014
mmvitoria.tkd,2025-08-06 19:28:16.169160
tkd_davi7,2025-08-06 19:29:23.426700
thz.xxz07,2025-08-06 19:30:46.736808
powerfitenergy,2025-08-06 19:32:18.976127
danizadass,2025-08-06 19:33:46.397032
joanaemanuele_,2025-08-06 19:35:08.629475
gtv_tkd,2025-08-06 19:36:56.377289
tgomxs,2025-08-06 19:39:00.612376
hugohenriquetorres_,2025-08-06 19:41:02.771588
arthuropftkd,2025-08-06 19:42:31.362237
amorimtkd,2025-08-06 19:43:47.363963
pdrhz_,2025-08-06 19:45:32.906640
gabisimoes,2025-08-06 19:47:11.044597
institutonamholee,2025-08-06 19:48:53.463043
samuel.tkd7,2025-08-06 19:50:39.642858
vitinhotkd_,2025-08-06 19:51:49.477252
marciochiqueto,2025-08-06 19:53:11.824035
paty_martinsfotografia,2025-08-06 19:54:38.516761
_pereiraazxs,2025-08-06 19:56:14.233233
hermobassao,2025-08-06 19:57:39.795619
eu.maduzitta,2025-08-06 19:59:42.117666
coach_herlaneliasoficial,2025-08-06 20:01:28.490359
peh_tkd.priv,2025-08-06 20:02:44.396001
_.vitoria._tkd,2025-08-06 20:04:08.449620
analenchoff_,2025-08-06 20:05:56.028304
natan_tkd01,2025-08-06 20:07:46.510129
nina_pereira55,2025-08-06 20:08:51.172355
antoniodasilva5571,2025-08-06 20:10:43.822559
thata.freitass,2025-08-06 20:12:17.790279
rodrigues_pv27,2025-08-06 20:13:46.569638
ctbrasao,2025-08-06 20:15:04.831137
phkaylane,2025-08-06 20:16:49.827010
bia.lopzs,2025-08-06 20:18:27.739128
damapereyra_tkd,2025-08-06 20:20:01.145649
leanefariatkd_,2025-08-06 20:21:09.328867
bia_.novello,2025-08-06 20:23:01.412100
laurabardenrosa,2025-08-06 20:24:34.645028
gisellyfalcao_,2025-08-06 20:25:50.254097
isabela.martinsx,2025-08-06 20:27:12.455741
gontijo_tkd,2025-08-06 20:28:40.709400
allanfabiosiqueira,2025-08-06 20:30:02.108074
_eubia.014,2025-08-06 20:31:28.029131
alisson_.tkd,2025-08-06 20:33:07.171666
julia_2.0.1.1,2025-08-06 20:35:00.653342
jaque_vasconcelos,2025-08-06 20:36:35.389133
raphaelaaf_,2025-08-06 20:38:37.870384
a.aquino23,2025-08-06 20:39:46.092139
jullia_gabrelle,2025-08-06 20:41:15.579130
joaovitorduarte_alves,2025-08-06 20:42:22.553450
ma.fernandxs__,2025-08-06 20:43:38.565232
pdrinn_lucas,2025-08-06 20:45:14.569603
_emilybaiano,2025-08-06 20:46:52.732233
livisantos._,2025-08-06 20:48:17.356828
_isabeletkd,2025-08-06 20:49:39.982563
lele_tren_tkd,2025-08-06 20:50:47.876522
indivic_14,2025-08-06 20:52:24.022909
ana_gallina_,2025-08-06 20:53:57.841051
borges_.fxp22,2025-08-06 20:55:51.309906
_manoelaerkmann,2025-08-06 20:57:30.489014
_abclino,2025-08-06 20:59:01.285466
silviopereirafilhogabriel,2025-08-06 21:00:22.095296
eridiane.lima,2025-08-06 21:01:56.961469
isadora.mauricio,2025-08-06 21:03:29.876248
_igorbiel,2025-08-06 21:05:21.050402
p.o_maravilha,2025-08-06 21:07:03.306043
demoura__tkd,2025-08-06 21:08:29.774446
_jluvas,2025-08-06 21:09:37.673060
_sophiaasq,2025-08-06 21:10:58.261758
_maria_mattos__,2025-08-06 21:12:22.368955
mariela_abreutkd,2025-08-06 21:14:09.449376
carolinaaraujotkd,2025-08-06 21:15:43.850304
gabriellnonato,2025-08-06 21:17:15.512221
kevynribeirotkd,2025-08-06 21:19:03.871516
henrique.iokoi.tkd,2025-08-06 21:20:30.429860
vitoria.zoghbi,2025-08-06 21:22:00.230865
gabyguislote_tkd,2025-08-06 21:23:16.275915
silvaxz_tkd,2025-08-06 21:25:11.086581
joaobatistadejesusleal,2025-08-06 21:26:17.892259
cf.torinoo,2025-08-06 21:28:00.494667
lyanzinn_tkd,2025-08-06 21:29:50.866897
giihsenatkd,2025-08-06 21:31:47.135626
nathanicarotkd,2025-08-06 21:33:12.936662
ca_vitoriia,2025-08-06 21:34:53.980287
felipesalutkd,2025-08-06 21:36:07.801993
soso_0.112,2025-08-07 00:15:28.654146
prazermaxx,2025-08-07 00:17:13.426151
keller_pyww_tkd,2025-08-07 00:18:29.216686
jose_augusto_guto01,2025-08-07 00:20:18.936755
maria.zibetti,2025-08-07 00:21:53.445104
aires_tkd,2025-08-07 00:23:15.276031
santzx_mavih._,2025-08-07 00:24:42.665613
_.narasz,2025-08-07 00:26:14.516316
sophia_.tkd,2025-08-07 00:27:18.953765
j.oliveirax_.7,2025-08-07 00:28:22.928117
karla_09.01,2025-08-07 00:29:59.866906
caduxrlq_,2025-08-07 00:31:12.356564
vitinnps7,2025-08-07 00:33:00.351696
itallo_gabriel46,2025-08-07 00:34:05.654568
caua__tkd,2025-08-07 00:36:18.140157
maellesouz,2025-08-07 00:37:41.323538
antonysemh_,2025-08-07 00:38:56.284698
ana07_wx,2025-08-07 00:40:55.808165
eliaseaftkd,2025-08-07 00:42:05.270556
cyw_maih,2025-08-07 00:44:03.112775
annarch4.1,2025-08-07 00:45:34.014678
giselly_.4,2025-08-07 00:47:22.946523
marcos_pantoja11,2025-08-07 00:49:23.072064
arthurllucas122,2025-08-07 00:50:57.372307
sam.bg84,2025-08-07 00:52:17.952134
mikaell_hnn,2025-08-07 00:53:38.648516
tk2_jh,2025-08-07 00:54:46.434816
nando_ftas,2025-08-07 00:56:24.763019
ana_duek,2025-08-07 00:58:20.151849
jeff.nav01,2025-08-07 00:59:29.402775
ycarotkd,2025-08-07 01:01:06.846143
kauan_67u,2025-08-07 01:02:28.804754
leuana_siqueira,2025-08-07 01:04:05.039354
eu_wadilley,2025-08-07 01:05:47.820233
israeltkd_ofc,2025-08-07 01:07:29.342191
polly__castroo,2025-08-07 01:08:43.596866
sarah_nunes15_,2025-08-07 01:10:36.159342
duda.hoshii,2025-08-07 01:11:39.179312
angel.o_silva.tkd,2025-08-07 01:13:23.523853
crislayne_tkd,2025-08-07 01:15:03.597813
oliveirxz77,2025-08-07 01:16:20.754075
julia_christinne_,2025-08-07 01:17:52.216712
__camilagomes___,2025-08-07 01:18:55.437385
ludy_tkd,2025-08-07 01:20:43.294876
p_braztkd,2025-08-07 01:22:09.411381
arthurmuller_tkd,2025-08-07 01:23:23.092087
cunha00__,2025-08-07 01:25:18.096302
_castrolz,2025-08-07 01:27:19.870776
pablotkd07,2025-08-07 01:29:15.701344
rebeca.conti,2025-08-07 01:31:01.001182
nana.bjj.tkd,2025-08-07 01:32:24.355811
natyf_teski,2025-08-07 01:34:21.454764
maxi.andrade.773,2025-08-07 01:35:38.611294
moral_tkd,2025-08-07 01:36:43.328061
maduccardosoo,2025-08-07 01:37:48.552358
fr.guima,2025-08-07 01:39:11.638369
maria_asilva10,2025-08-07 01:40:59.230433
caruso.xt,2025-08-07 01:42:32.352134
yurijbl_,2025-08-07 01:43:47.393380
cristinyyyk,2025-08-07 01:44:55.005678
ana.livia1217,2025-08-07 01:46:16.022882
perfectclean_esteticaautorr,2025-08-07 01:47:31.175193
jb51844,2025-08-07 01:49:02.290331
pedrolucas132024,2025-08-07 01:50:59.346527
oliveiraxmm,2025-08-07 01:52:05.906611
geanderson_s,2025-08-07 01:53:42.443232
mnr___jc,2025-08-07 01:55:28.840339
o_cadinx,2025-08-07 01:57:04.453820
well_ojeda,2025-08-07 01:58:46.117457
irmaosgomestkd,2025-08-07 02:00:19.039609
andradeday._,2025-08-07 02:01:42.831158
rebeca_tkd6,2025-08-07 02:03:01.373661
julio__xx7,2025-08-07 02:04:04.994668
clara_cardosooh,2025-08-07 02:05:17.153278
prof.fernandoripoli,2025-08-07 02:06:28.284509
mari._.arueira,2025-08-07 02:08:09.649047
braz_tkd,2025-08-07 02:09:34.836548
surfista8693,2025-08-07 02:11:20.893914
lavv7s_,2025-08-07 02:12:52.155015
johnnylucastkd,2025-08-07 02:14:48.609577
dsantana_tkd,2025-08-07 02:16:08.916621
tl7.fxp7,2025-08-07 02:17:34.030259
thays_tkd,2025-08-07 02:19:08.864231
kaleo__091,2025-08-07 02:20:17.362406
r_.santzz,2025-08-07 02:22:00.174768
_edneiaraujo,2025-08-07 02:23:22.720614
valtin2122tkd,2025-08-07 02:25:18.301659
hiagomzx,2025-08-07 02:27:16.224216
tuiiiiim_,2025-08-07 02:28:47.709380
gabriel.lamas12,2025-08-07 02:30:18.186891
flores_gui_,2025-08-07 02:31:48.677704
08_.juninho,2025-08-07 02:33:42.467790
erivaldotkd,2025-08-07 02:35:12.262556
maristelamulaski,2025-08-07 02:36:31.460101
kevvalerianotkd,2025-08-07 02:38:28.466601
lacerdatkd,2025-08-07 02:39:56.578110
leandrinho_tkd,2025-08-07 02:41:41.625567
isllaynefreitas,2025-08-07 02:42:45.233648
vollet_krt,2025-08-07 02:44:18.490232
deyvidtkd,2025-08-07 02:45:51.049392
mariacunha.tkd,2025-08-07 02:47:05.709178
daniel.lirangi,2025-08-07 02:48:25.171333
dmeno_dbase,2025-08-07 02:50:04.875940
pvd.bzawil,2025-08-07 02:51:10.940946
mariapaula_tkd,2025-08-07 02:52:58.565758
mikattkd,2025-08-07 02:54:34.729046
adlasnntss,2025-08-07 02:55:59.745792
c1ayt0nricardo,2025-08-07 02:57:07.059324
thallys__cruzzw,2025-08-07 02:58:14.459156
bertolo_arthur7,2025-08-07 02:59:21.971997
arthurvkzz,2025-08-07 03:00:51.851255
ranieri_splinter_tk,2025-08-07 03:02:42.898210
lemes_.victor,2025-08-07 03:04:43.477671
rachel_brito05,2025-08-07 03:06:25.675058
pc3s4r,2025-08-07 03:07:50.729685
julinho_cezarmf,2025-08-07 03:09:47.253409
mariifwrk,2025-08-07 03:11:19.375721
silvax_tkd,2025-08-07 03:13:12.662268
tkd_guilherme00,2025-08-07 03:14:22.407529
reginatkd_,2025-08-07 03:15:54.374598
thaleslbf_tkd,2025-08-07 03:17:19.310441
eduardofilho.c,2025-08-07 03:18:43.079134
danycristkd,2025-08-07 03:20:21.412060
_.gomesds__,2025-08-07 03:22:09.389922
c.martinsxl,2025-08-07 03:23:40.209106
neu.tkd,2025-08-07 03:25:29.930577
_tkd.gabriellbp,2025-08-07 03:27:24.950776
alcione.gerber,2025-08-07 03:29:14.204358
lilianstoccoatleta,2025-08-07 03:31:12.377193
bryan_kennedtkd,2025-08-07 03:32:53.667075
pv_gabyzz,2025-08-07 03:34:43.162036
rodrigo_arj_tkd,2025-08-07 03:36:31.627480
asantos_tkd,2025-08-07 03:38:21.650196
vitorsouza_bauru,2025-08-07 03:40:23.514902
pvd.tauani_,2025-08-07 03:42:20.227264
dirceulee,2025-08-07 03:43:59.980782
crisc_apx,2025-08-07 03:45:10.948740
juwh_y,2025-08-07 03:46:30.806817
wesley_silva_tkd,2025-08-07 03:48:24.843094
ryn_th_2_1,2025-08-07 03:49:35.599229
shianecs,2025-08-07 03:51:05.883310
m_lucia1611,2025-08-07 03:52:15.852958
anapiasentinn,2025-08-07 03:53:38.434854
julyaa.bc,2025-08-07 03:55:21.327966
bruno_salustiano_silva,2025-08-07 03:56:43.437608
eo_braao_tkd._,2025-08-07 03:58:16.555033
coreografaleh,2025-08-07 04:00:04.941131
w.limonness,2025-08-07 04:01:12.209927
ruannzra,2025-08-07 04:02:17.335579
luzia_fortunato49,2025-08-07 04:03:19.930819
sx_talita_silva23,2025-08-07 04:05:09.667137
sarahturski.tkd,2025-08-07 04:06:45.106346
gb._cout0,2025-08-07 04:08:19.009006
kauagesteira__tkd,2025-08-07 04:10:12.663422
andradetkd1,2025-08-07 04:11:55.745684
vzguh7._,2025-08-07 04:13:39.144083
philip_pinheiro,2025-08-07 04:14:44.888752
roberthsnery,2025-08-07 04:15:48.227346
sax.myraa,2025-08-07 04:17:03.310466
josianecgs,2025-08-07 04:18:44.195640
icarotkd_,2025-08-07 04:20:12.178662
nprette,2025-08-07 04:21:41.921652
iarleygabriel6,2025-08-07 04:23:07.321815
asbtkd,2025-08-07 04:25:04.946219
itslucassantana,2025-08-07 04:26:11.884995
dnzin__sz,2025-08-07 04:27:42.669047
enzo.tkd_,2025-08-07 04:28:55.265389
helo.vernalha,2025-08-07 04:30:40.111097
gey__kitty,2025-08-07 04:32:12.716339
sant.nickss,2025-08-07 04:33:54.393518
anhaiamari,2025-08-07 04:35:06.177765
gu_ilherme5510,2025-08-07 04:36:36.849462
gabiborges_051,2025-08-07 04:38:16.268259
diegofigueredotkd,2025-08-07 04:39:36.450253
vitoriaptkd,2025-08-07 04:40:40.725571
luciano.damazioesportes,2025-08-07 04:42:07.153997
akira_arthur,2025-08-07 04:43:47.798239
thiagofilho_tkd_ofc,2025-08-07 04:45:36.744257
taisrcesar,2025-08-07 04:47:07.430711
mikael__tkd,2025-08-07 04:48:54.692128
carloskayann,2025-08-07 04:50:51.093096
vn_pedrim,2025-08-07 04:52:23.311107
wndrx77,2025-08-07 04:53:26.151044
alcelivellozo,2025-08-07 04:55:07.513329
rebeca_g.torres,2025-08-07 04:56:24.927600
gustavo_._hm,2025-08-07 04:58:00.682140
nick.hhfman,2025-08-07 04:59:30.341400
tlandlf,2025-08-07 05:00:49.165785
ofc_amargo,2025-08-07 05:02:40.721020
lavinyafss,2025-08-07 05:03:50.778080
rosane_fagundes,2025-08-07 05:05:10.766769
gabizinha09111,2025-08-07 05:06:24.099017
livia_frdes,2025-08-07 05:08:14.691143
baltxz.j,2025-08-07 05:09:43.664252
atpsumbaliok,2025-08-07 05:11:21.005500
daviallexandr_1,2025-08-07 05:12:32.216611
radhacia_yzx,2025-08-07 05:13:43.047103
salesfz7,2025-08-07 05:14:55.806748
felinsktkdbr,2025-08-07 05:16:38.144765
geovana.atleta,2025-08-07 05:18:36.989386
luchottapia,2025-08-07 05:20:26.576319
alexandresilveirasalvador,2025-08-07 05:21:34.044198
ff.vaz,2025-08-07 05:22:52.305313
le_quintao.tkd,2025-08-07 05:23:55.564824
viegas_tkd,2025-08-07 05:25:32.651685
amaria.ffin,2025-08-07 05:27:16.998344
_tobiasperalta,2025-08-07 05:28:51.029150
tkd_maria.eduarda.alicio,2025-08-07 05:30:32.473463
cf._naraxz,2025-08-07 05:32:32.727792
andinhoaragao79,2025-08-07 05:34:07.501816
ezo.zix,2025-08-07 05:35:10.675302
saotkd_,2025-08-07 05:37:00.413457
saymon_15_tkd,2025-08-07 05:38:42.744990
gabi_gimenes_,2025-08-07 05:39:58.548107
_sanderson04,2025-08-07 05:41:07.030739
vitlimatkd,2025-08-07 05:42:38.910666
j_.almeidaa,2025-08-07 05:44:22.624328
dr_tkd_3,2025-08-07 05:45:27.804312
ravitkd_,2025-08-07 05:47:29.373486
dhzim_____,2025-08-07 05:49:12.036348
llyceqr,2025-08-07 05:50:49.429105
fakee_monteiroo_,2025-08-07 05:52:07.264141
evi.moura__tkd,2025-08-07 05:54:08.486762
piuesportes,2025-08-07 05:55:31.566506
projetotkdsolidario,2025-08-07 05:56:48.285498
evolutiva013,2025-08-07 05:58:02.011411
leonela_oliveira,2025-08-07 05:59:16.080398
duduu23__,2025-08-07 06:01:04.474352
jorgeantonio_tkd,2025-08-07 06:02:17.455906
licegoess,2025-08-07 06:04:15.597758
0_borges_01,2025-08-07 06:05:45.554970
emymrts_,2025-08-07 06:07:33.453923
coachmarmoreno,2025-08-07 06:08:37.370442
_anave__,2025-08-07 06:10:09.295966
limadeoliveiraanacarolina,2025-08-07 06:11:32.130040
samia_naama,2025-08-07 06:13:20.128990
bela_xxsz,2025-08-07 06:14:49.259689
jlucaspc_,2025-08-07 06:16:08.498594
kamily_coimbra0,2025-08-07 06:17:33.517524
kawanssts,2025-08-07 06:18:46.099663
danbhutan,2025-08-07 06:20:22.685836
lu.vasconcelos1979,2025-08-07 06:21:45.272572
anagrabrisantos,2025-08-07 06:23:19.698123
marianazariotkd,2025-08-07 06:25:20.391779
4iumari,2025-08-07 06:26:29.255786
xcsamuelabadee,2025-08-07 06:27:38.907461
t.impetus,2025-08-07 06:29:39.158074
e_a_dominicque,2025-08-07 06:31:22.264307
raqxuel__,2025-08-07 06:33:24.811180
camilatkd,2025-08-07 06:35:22.453183
isah.damaschi,2025-08-07 06:36:34.872989
i.louback,2025-08-07 06:38:34.473173
kaua_luiz_tkd,2025-08-07 06:39:40.657347
dasilvajesusmauricelia,2025-08-07 06:40:53.863841
mih_yashiro,2025-08-07 06:42:21.284456
tkd_ste,2025-08-07 06:43:39.713411
edmilson.gomesferreira.7,2025-08-07 06:45:37.428919
llima_tkd,2025-08-07 06:46:46.589952
camiis.carv,2025-08-07 06:48:14.457193
gi_borges11,2025-08-07 06:49:52.182562
paulo_h_02,2025-08-07 06:51:36.815401
isaquehbr,2025-08-07 06:53:36.000373
sara01_tkd,2025-08-07 06:55:08.754241
_alveszz7_,2025-08-07 06:56:36.617183
lala.esdra,2025-08-07 06:58:23.907725
_.mariaxss,2025-08-07 06:59:40.870703
barbosa.vinii_,2025-08-07 07:01:25.813734
yve.mori,2025-08-07 07:02:39.501492
iam_.my,2025-08-07 07:04:25.004194
angelica.nutricionista,2025-08-07 07:06:20.605429
ma.nueu,2025-08-07 07:07:49.635612
a_juliacouto,2025-08-07 07:09:28.079393
seli542023,2025-08-07 07:10:58.994690
helymelo87,2025-08-07 07:12:37.872298
lanneribeiro,2025-08-07 07:14:25.213288
valdineialmeida_,2025-08-07 07:15:43.518044
katia_teixeira35,2025-08-07 07:17:28.168095
ht_enoch,2025-08-07 07:18:49.438617
geosantss._,2025-08-07 07:20:48.391220
melk_santana,2025-08-07 07:22:10.753013
d4niel__tkd,2025-08-07 07:23:33.172015
luiza_lee77,2025-08-07 07:24:40.436874
romulo_c.souza,2025-08-07 07:26:33.920610
youmariazinha,2025-08-07 07:27:58.870969
tkd.mel,2025-08-07 07:30:00.966863
kim_julia_tkd,2025-08-07 07:31:49.544248
sarah_nonato13,2025-08-07 07:32:59.377049
4br4a0,2025-08-07 07:34:16.857013
laura.k_tkd,2025-08-07 07:35:35.977978
mgzinho.vp,2025-08-07 07:36:58.798774
clariget_tkd,2025-08-07 07:38:25.973972
todynho_tkd,2025-08-07 07:39:56.488192
alicxth_,2025-08-07 07:41:03.540373
rei_syane_tkd,2025-08-07 07:42:37.452547
messidvc,2025-08-07 07:44:20.254137
ismael_srgoncalves,2025-08-07 07:45:42.704067
luiza.lz_,2025-08-07 07:47:42.439906
adryancostatkd,2025-08-07 07:48:53.870242
bih._rocha,2025-08-07 07:50:36.538802
pdzinx_21,2025-08-07 07:51:50.687445
mimih_tkd,2025-08-07 07:53:38.852393
merieme.elazhar,2025-08-07 07:55:18.141076
millegomes27,2025-08-07 07:56:32.948816
lucasrodrigues_g3tkd,2025-08-07 07:58:34.685207
claa._.riss,2025-08-07 08:00:17.600644
ligya.juvino,2025-08-07 08:01:53.698054
valdriane_,2025-08-07 08:03:45.754093
snelouzada,2025-08-07 08:04:58.625979
bia_bavi_,2025-08-07 08:06:12.054160
sg.tiago_,2025-08-07 08:07:55.771257
__dhiegoqueiroz__,2025-08-07 08:09:21.257602
silvazs._clari,2025-08-07 08:10:51.183618
patricklemosmaia,2025-08-07 08:12:23.828175
rcjuliano,2025-08-07 08:13:58.995161
elis_mmk,2025-08-07 08:15:15.529208
juliam_deus,2025-08-07 08:16:41.033233
goncalvesrita43,2025-08-07 08:17:50.917479
ninajcscordeiro,2025-08-07 08:19:01.455169
_silva.xfv,2025-08-07 08:20:13.896571
soaresfernando20,2025-08-07 08:21:44.611143
_vickyws_,2025-08-07 08:23:27.386593
vini_b.c__,2025-08-07 08:24:45.659277
jnamnd_,2025-08-07 08:26:35.544452
nohanernesto_,2025-08-07 08:28:18.091349
ansh_mannat_t_k_d,2025-08-07 08:29:24.811673
julianatsantos,2025-08-07 08:31:08.414174
desouzapitanga,2025-08-07 08:32:50.107319
junior.nds_jr,2025-08-07 08:34:33.575801
b.franchi,2025-08-07 08:36:35.417044
thiagoshoegaze,2025-08-07 08:37:47.797345
felp.carmoo,2025-08-07 08:39:44.660865
robsonreis1972,2025-08-07 08:40:56.907390
euu_lodetii,2025-08-07 08:42:41.201971
bah_brasil_,2025-08-07 08:44:18.060334
melzinha_tkd,2025-08-07 08:45:32.973070
harveyattackshoelaces,2025-08-07 08:47:15.012493
girlbuckzs,2025-08-07 08:49:04.002220
renatagonzagagiardini,2025-08-07 08:50:08.778127
zualbawihajr12,2025-08-07 08:51:43.290329
ashtkd.g,2025-08-07 08:52:50.413392
mattos.juhh,2025-08-07 08:54:42.392640
laiscintrade,2025-08-07 08:55:50.725997
larih_lausem,2025-08-07 08:57:04.045840
mattprofit,2025-08-07 08:58:15.712989
cardosoalyssa,2025-08-07 08:59:30.611006
beatrizstangercanuto,2025-08-07 09:01:32.876224
sodre.karen,2025-08-07 09:02:55.152228
alba_nez1,2025-08-07 09:04:37.400451
lilluibdass,2025-08-07 09:06:39.230223
kakavolpato_,2025-08-07 09:08:10.081212
elenbrrt,2025-08-07 09:09:36.863228
mili_murceskii,2025-08-07 09:10:55.136292
jessysq,2025-08-07 09:12:54.368044
lucas_gomess11,2025-08-07 09:14:05.038717
guilherme_mor03,2025-08-07 09:16:06.916862
gasloz,2025-08-07 09:17:45.748368
almeidasantos_sophia,2025-08-07 09:18:51.927046
mauryce.keyne,2025-08-07 09:20:23.791369
leonor07correia,2025-08-07 09:22:09.635195
cellysalls,2025-08-07 09:23:47.511924
fadacoral,2025-08-07 09:24:52.393561
_jujuba_7312,2025-08-07 09:26:02.893420
eaikimberly,2025-08-07 09:27:23.977041
bianca.micka,2025-08-07 09:29:22.271268
soy_mouhamadou_,2025-08-07 09:30:35.149416
marcosem61,2025-08-07 09:32:37.179399
_geovaniopinheiro,2025-08-07 09:33:57.927116
katialoureiro_,2025-08-07 09:35:50.874567
di_vdp.d,2025-08-07 09:37:10.538987
l._.portella,2025-08-07 09:38:59.027006
htts_irizcx_,2025-08-07 09:40:22.488154
osvaldo_e_gleci_farias,2025-08-07 09:42:18.691798
_jaomoreno,2025-08-07 09:43:58.003469
bravos_caragua,2025-08-07 09:45:34.103239
ribeiro.kez,2025-08-07 09:46:58.684860
_aslley_silva,2025-08-07 09:48:57.191681
diogo.tkdmma,2025-08-07 09:50:46.886944
leitaoanajuliaamorim,2025-08-07 09:52:22.861131
rohid_akrami02,2025-08-07 09:54:05.480202
_fabiferre,2025-08-07 09:55:19.877744
natashajoelly,2025-08-07 09:56:51.131908
rafaelpizano2022,2025-08-07 09:58:03.414319
ninhabilli,2025-08-07 09:59:29.938927
rafagdk,2025-08-07 10:00:57.744058
ally.bs_,2025-08-07 10:02:44.817253
anita_cecilioo,2025-08-07 10:04:07.335737
machawzx_,2025-08-07 10:06:01.243359
guiaraujo_26,2025-08-07 10:07:25.892592
ric.ardo.rx,2025-08-07 10:08:34.582424
_santosscamila,2025-08-07 10:10:34.972516
luiz.santos1314,2025-08-07 10:12:05.321131
ibrayanee,2025-08-07 10:13:47.556762
walllace.tkd,2025-08-07 10:15:17.256689
ericanp,2025-08-07 10:16:59.541068
ryanzin021._r,2025-08-07 23:13:38.896436
keyllinha_035,2025-08-07 23:15:07.396055
aguiamarcialtkd,2025-08-07 23:16:40.265894
_geovanadmelo,2025-08-07 23:17:57.770182
vih._xy,2025-08-07 23:19:15.786173
joelsilvatkd,2025-08-07 23:20:54.234732
lice.fy,2025-08-07 23:22:24.722751
jvitor_machado1,2025-08-07 23:23:30.076198
davi_bryan_cavalcantii,2025-08-07 23:25:09.261562
gisellyfalcaotkd,2025-08-07 23:26:31.007716
nairlaa_,2025-08-07 23:27:40.190698
gustavobatista_tkd,2025-08-07 23:28:48.635571
aallves.z_,2025-08-07 23:30:12.074704
tkd_leobicudo,2025-08-07 23:32:03.776519
vera.ney_,2025-08-07 23:33:47.506234
jkn_edy,2025-08-07 23:35:05.657920
_______itu_,2025-08-07 23:36:41.883914
bruna_gn0atto,2025-08-07 23:38:26.315927
nicolaskalkmann,2025-08-07 23:39:45.509636
analiviaref,2025-08-07 23:40:52.528768
associacaomastertkd,2025-08-07 23:42:18.692908
nauhanaaz_slvs,2025-08-07 23:43:59.175458
lara.stkd,2025-08-07 23:45:12.374966
eluneeeygomez,2025-08-07 23:46:24.331745
botelhomarceli,2025-08-07 23:47:57.344096
guii_fernandes14,2025-08-07 23:49:09.992246
_bonillasebastian,2025-08-07 23:50:26.761151
joaolucasx4,2025-08-07 23:52:26.089877
alyce__duda,2025-08-07 23:53:32.555892
jeilton_c,2025-08-07 23:54:52.876420
ronaldxaviers,2025-08-07 23:56:14.891181
0920.yas,2025-08-07 23:57:48.244302
joaozinparatkd,2025-08-07 23:59:22.642018
joselitosantosbarbosas,2025-08-08 00:00:26.374122
thallestkd,2025-08-08 00:01:45.221652
claramellop,2025-08-08 00:02:50.751624
erickkfrg,2025-08-08 00:04:03.096927
fabiomiguel027,2025-08-08 00:06:04.634072
ifvstruevy,2025-08-08 00:07:58.011900
01__da__balinha,2025-08-08 00:09:33.874587
vagneroliveirarj,2025-08-08 00:10:54.959138
karlinhaes,2025-08-08 00:12:37.599929
ivanaldo.alima,2025-08-08 00:14:35.582172
erice.tt,2025-08-08 00:16:09.161172
eduym12,2025-08-08 00:18:06.671518
mlauramurtatkd,2025-08-08 00:19:19.585948
karolvts_,2025-08-08 00:20:22.569193
_ls031,2025-08-08 00:22:24.179901
mestre_janiocesar,2025-08-08 00:24:25.002815
davidfranca_tkd,2025-08-08 00:26:16.531501
marialuizancruz,2025-08-08 00:27:58.985203
m4rtxx_.tkd,2025-08-08 00:29:11.946313
clarasouza.tkd,2025-08-08 00:30:49.879790
_moniqnk_tkd,2025-08-08 00:32:04.710958
christi4n_tkd,2025-08-08 00:33:07.128656
hannagmda,2025-08-08 00:34:51.463852
ryan_mtkd,2025-08-08 00:36:45.630649
tkdgui,2025-08-08 00:38:46.469405
jonas.costa.121998,2025-08-08 00:40:06.501334
drfabiolins,2025-08-08 00:41:46.245494
dsantos_xs,2025-08-08 00:42:56.150328
monni.gab,2025-08-08 00:44:26.703943
matheusbranncotkd,2025-08-08 00:45:38.272348
levitkd,2025-08-08 00:47:37.366655
jessika.magalhaes.21,2025-08-08 00:49:28.230381
associacao.atsfrj,2025-08-08 00:50:39.236459
saahgabi_14y_tkd,2025-08-08 00:52:27.547740
rs.arthu,2025-08-08 00:53:52.822027
valensantosky,2025-08-08 00:55:16.960995
maria_a212402,2025-08-08 00:57:13.751199
menezesy_tkdd,2025-08-08 00:59:14.766325
paola.targ,2025-08-08 01:00:55.545417
madurs.prates,2025-08-08 01:02:03.170014
brunaa_bertin_tkd,2025-08-08 01:03:58.850300
arthuzinho_tkd,2025-08-08 01:05:13.449392
asc._25,2025-08-08 01:07:08.406417
laura_tkd083,2025-08-08 01:08:55.099789
alexiatkd_,2025-08-08 01:10:50.385393
__samuel_022__,2025-08-08 01:12:18.307962
tkd_pedro,2025-08-08 01:13:37.715755
amatias_0,2025-08-08 01:15:01.197009
jaciara_aquinoxz,2025-08-08 01:17:00.098856
analuseideltkd,2025-08-08 01:18:48.763919
geovane_jbasilio,2025-08-08 01:19:58.296315
marcos_verardo,2025-08-08 01:21:45.543688
ruann.tkd,2025-08-08 01:23:33.888027
rsn.santos_,2025-08-08 01:25:13.436145
emillymottatkd,2025-08-08 01:26:58.864885
_luizkkkkjj,2025-08-08 01:28:53.983432
clarahmoments_,2025-08-08 01:30:11.123021
troetsch.maduds,2025-08-08 01:31:55.589278
_glendaa_s,2025-08-08 01:33:49.965305
_becker.tkd,2025-08-08 01:35:12.206384
jonxcg4,2025-08-08 01:36:30.505268
eryca_7,2025-08-08 01:38:08.472181
isa.monteirofv,2025-08-08 01:39:56.246415
taekwondo_maximos2,2025-08-08 01:41:15.240555
llaramarques__,2025-08-08 01:42:39.598353
natalessousa2782,2025-08-08 01:44:35.065856
rafazito1986,2025-08-08 01:45:44.345903
09.matheus._,2025-08-08 01:47:19.691395
vander_wollive_tkd,2025-08-08 01:48:38.399233
_ribeiro_pedro_,2025-08-08 01:50:02.576695
isameowx,2025-08-08 01:51:50.784241
tay_sttfn,2025-08-08 01:53:24.595496
bah_gorges,2025-08-08 01:55:19.566202
dixxalicebp,2025-08-08 01:56:22.022174
tharsis68._,2025-08-08 01:57:38.004003
emilly_ketellen,2025-08-08 01:59:34.303224
denilson_jr17,2025-08-08 02:00:41.162043
_vitortkd,2025-08-08 02:02:08.506225
_anygss,2025-08-08 02:03:29.681659
rwin02,2025-08-08 02:05:00.674801
jullycardosoo._,2025-08-08 02:06:52.750669
faelvalentim10,2025-08-08 02:08:07.942423
douglas_souzak,2025-08-08 02:09:48.989700
jhenny.kowalski,2025-08-08 02:11:47.656884
duda_.tkd,2025-08-08 02:13:08.015803
galvao_34,2025-08-08 02:14:27.941322
thiiago.wx,2025-08-08 02:16:26.543275
gustavo.cta1,2025-08-08 02:17:40.958269
fe_rnada2526tkd,2025-08-08 02:19:36.347488
dyerry.tkd,2025-08-08 02:21:22.976763
anabeatzw,2025-08-08 02:22:31.624774
carvlh_xz7,2025-08-08 02:23:39.494271
ma2ra.tkd,2025-08-08 02:24:43.038431
jaoulak_tkd,2025-08-08 02:25:49.005724
caleb.xtrem,2025-08-08 02:27:37.079998
d.dantasszx,2025-08-08 02:29:08.376077
jgsguarezi,2025-08-08 02:31:02.370558
fer.mennaa,2025-08-08 02:32:36.387416
arturgamapessoa,2025-08-08 02:33:49.273522
wandesontkd,2025-08-08 02:35:49.226883
gilliard.osilva,2025-08-08 02:36:57.404342
ricardoogatareferee,2025-08-08 02:38:40.006791
_mgzimtkd_,2025-08-08 02:39:56.497144
ogalvees,2025-08-08 02:41:27.954930
camillygosch,2025-08-08 02:42:32.815156
allifbarreto,2025-08-08 02:44:29.494626
juliatkd,2025-08-08 02:45:40.223821
_gabriel.tkd,2025-08-08 02:46:47.397103
ceica.ximenes,2025-08-08 02:48:07.559567
patyboscatto,2025-08-08 02:49:28.832020
pedroferreira_tkd,2025-08-08 02:51:20.722996
banchilarissa,2025-08-08 02:53:15.735953
rodriigo.camargoo,2025-08-08 02:54:48.846916
arthurfelipetkd,2025-08-08 02:56:40.664594
pintotaci,2025-08-08 02:58:30.295770
robertosousarios,2025-08-08 03:00:01.579716
tata_tkd7,2025-08-08 03:01:37.865975
sandra_soaresdasilva,2025-08-08 03:02:44.447807
liviamartinsbastos,2025-08-08 03:04:10.931811
rosimotaa,2025-08-08 03:05:49.450391
caribe_taekwondo,2025-08-08 03:07:15.646508
layne_tkd,2025-08-08 03:09:10.005493
carlinhatkd,2025-08-08 03:11:06.531295
leidsonfranklintkd,2025-08-08 03:12:59.955059
mcr.bernardini,2025-08-08 03:14:31.618252
pereirajr0,2025-08-08 03:16:23.790845
adelinotkd,2025-08-08 03:18:06.031855
gabrielluis_br,2025-08-08 03:19:09.712114
tkdtesouro,2025-08-08 03:20:37.401348
marciazanatta2018,2025-08-08 03:22:10.062285
vagnertaekwondo,2025-08-08 03:24:07.435195
dandy.zc,2025-08-08 03:25:57.895571
carlos_wsy,2025-08-08 03:27:31.386848
lysantos40,2025-08-08 03:29:28.156098
clebia.casagrande,2025-08-08 03:31:05.967794
andrepontes.se,2025-08-08 03:32:55.313861
michel_canhoto,2025-08-08 03:34:00.135709
diegoalves_tkd,2025-08-08 03:35:13.137784
brunomottatkd,2025-08-08 03:36:21.342491
ferreira_.tkd,2025-08-08 03:37:28.637443
coachalannascimento,2025-08-08 03:38:55.415679
aparecida.8115,2025-08-08 03:40:57.497950
_yas.cruz,2025-08-08 03:42:34.279947
gisele.p.lemos,2025-08-08 03:43:55.490189
_arthurrsilva_,2025-08-08 03:45:03.450981
welyna_santssx,2025-08-08 03:46:41.837200
mestrelim,2025-08-08 03:47:50.825856
carlos03alberto02,2025-08-08 03:49:10.729655
eo_lipetkd_,2025-08-08 03:50:13.195741
isabelaapadiilhaa,2025-08-08 03:51:24.070417
vine.tkd,2025-08-08 03:52:47.457195
mamedetkd,2025-08-08 03:54:42.927311
jpmor4xx,2025-08-08 03:56:13.457447
lluanavilas,2025-08-08 03:57:55.692564
niveabarrostkd,2025-08-08 03:58:58.828753
gabzzxofc,2025-08-08 04:00:09.142887
kauaperestkd,2025-08-08 04:01:38.198954
mestremadureira,2025-08-08 04:03:08.764531
hsant__,2025-08-08 04:05:03.888609
_pauloaraujo0,2025-08-08 04:06:24.790766
deboraparatkdoficial,2025-08-08 04:08:05.485989
v_alves19,2025-08-08 04:09:44.889965
___wl.bjj,2025-08-08 04:11:00.118795
isthaysk,2025-08-08 04:12:09.181772
karinediniz.br,2025-08-08 04:13:47.393114
nataliafalavigna,2025-08-08 04:15:21.910637
maria_stumpftkd,2025-08-08 04:17:22.146368
erickviniciustkd,2025-08-08 04:19:11.138724
carlinhos___tkd,2025-08-08 04:20:48.530561
_andr4dxz_,2025-08-08 04:22:45.084010
kefllyyaratkd,2025-08-08 04:24:01.948468
jhenyfer.carreti,2025-08-08 04:25:51.700956
mller.tkd,2025-08-08 04:27:28.022856
samuel__st3,2025-08-08 04:28:50.439693
pons_tkd,2025-08-08 04:30:48.753424
agathaseabra2009,2025-08-08 04:32:06.166257
jhowtigertkd,2025-08-08 04:33:17.190683
sarchimedess,2025-08-08 04:34:53.439191
drybatista_tkd,2025-08-08 04:36:51.840958
uisberlandes_,2025-08-08 04:38:35.381586
barbosa_0.8,2025-08-08 04:39:44.311394
e_a_isaaah,2025-08-08 04:41:17.708065
tkd_tinhx,2025-08-08 04:43:12.768485
tkdtrio_,2025-08-08 04:45:04.989107
lancellott.tkd,2025-08-08 04:46:55.737677
yanthales13,2025-08-08 04:48:00.160152
michelzinx_tkd,2025-08-08 04:49:25.619701
anavieira.tkd,2025-08-08 04:51:05.670097
sw.hp_gibson,2025-08-08 04:52:57.581366
knowman.tkd,2025-08-08 04:54:24.362722
hadassatkd_,2025-08-08 04:55:36.615642
becho.tkd,2025-08-08 04:56:44.432780
lavinia_s_leal,2025-08-08 04:58:20.836502
tkd.rafa,2025-08-08 05:00:15.911401
team_thiago_souza_taekwondo,2025-08-08 05:02:07.573668
ap_lariluh301,2025-08-08 05:03:35.101646
sostzy.sx,2025-08-08 05:04:38.599
vickx47,2025-08-08 05:06:19.412373
jnzin7_l,2025-08-08 05:07:44.316678
ivanildo_silvazx,2025-08-08 05:08:58.186515
_cristallaatkd,2025-08-08 05:10:12.354816
rousey.22,2025-08-08 05:11:22.504752
lashs0,2025-08-08 05:13:08.198802
cecilia_p_d_s,2025-08-08 05:15:01.096767
pedrodantas_tkd,2025-08-08 05:16:59.065159
ferreira.jen,2025-08-08 05:18:59.428240
eusou.mendes,2025-08-08 05:20:52.043191
dztvdo_33,2025-08-08 05:22:16.773967
paulobarbosadsj,2025-08-08 05:23:47.496241
esdrasppgfil.uerj,2025-08-08 05:25:17.034337
christianguilherme2012,2025-08-08 05:26:19.418696
fellipe_tkd,2025-08-08 05:27:49.100912
gabrielramostkd_,2025-08-08 05:29:18.679765
kauany_medinas,2025-08-08 05:30:39.766628
jerdintkd._,2025-08-08 05:31:56.033358
lenxrd_tkd,2025-08-08 05:33:23.021050
jovanilson__,2025-08-08 05:35:09.668710
kook_juniorkskskkdkk,2025-08-08 05:36:28.274899
likalasalvia,2025-08-08 05:38:19.763071
kingoffighttaekwondo,2025-08-08 05:39:30.127868
giselirodrigues,2025-08-08 05:41:05.551691
tkdnewsbr,2025-08-08 05:42:52.281535
jay.tkd,2025-08-08 05:44:31.168925
vi.guel,2025-08-08 05:46:28.670379
viieirazs._,2025-08-08 05:47:33.660848
duda_p_ferreira,2025-08-08 05:48:48.306685
nayra_kkkj,2025-08-08 05:50:34.709111
_mariaczl_0,2025-08-08 05:51:50.566213
thawane_tkd,2025-08-08 05:53:40.527624
dudavalentetkd,2025-08-08 05:55:23.884971
ninho.bjj_,2025-08-08 05:56:26.496399
alexander_009a,2025-08-08 05:58:26.290306
leovequetkd,2025-08-08 05:59:59.355559
luannallm,2025-08-08 06:01:03.639893
lucasspxz,2025-08-08 06:02:11.653753
nathbarbosanutri,2025-08-08 06:03:16.752206
mmy.tkd,2025-08-08 06:05:13.638970
mestre.robert.tkd,2025-08-08 06:06:32.235232
kawanyf._,2025-08-08 06:08:21.720756
mate.lf_tkd,2025-08-08 06:09:33.260741
lucas27b3rito,2025-08-08 06:11:11.832060
debora.oliveira.personal,2025-08-08 06:12:56.330786
linabacelar,2025-08-08 06:14:41.827158
diego_procopio1,2025-08-08 06:16:38.033333
leocostatkd,2025-08-08 06:18:30.227392
guii_.md,2025-08-08 06:19:41.064365
vealopes,2025-08-08 06:21:06.433071
bd_rodrygo,2025-08-08 06:23:01.227402
foguintkd,2025-08-08 06:24:19.452527
drieletkd,2025-08-08 06:25:40.919943
fernandes3993,2025-08-08 06:27:13.973795
gr.m_joao_batista,2025-08-08 06:28:54.087852
redenauru,2025-08-08 06:29:57.721655
bele_nascimentotkd,2025-08-08 06:31:43.748188
yanckanayara,2025-08-08 06:33:28.796448
nonatotkd,2025-08-08 06:35:29.046055
david_lsaac_arajuo_de_souza_01,2025-08-08 06:37:06.814122
dud.carlos,2025-08-08 06:38:43.574204
mei.yazawa,2025-08-08 06:39:57.446970
rafael_andradetkd,2025-08-08 06:41:11.855160
o_michel_junior,2025-08-08 06:42:48.913653
normalencar,2025-08-08 06:44:42.789683
dudasugae,2025-08-08 06:46:29.454963
gabrielrocha_tkd,2025-08-08 06:48:18.491352
flaviocabral.neves,2025-08-08 06:49:34.678352
placarsoft,2025-08-08 06:51:25.426533
guizaokk.__,2025-08-08 06:52:29.707973
mestrechanglee,2025-08-08 06:54:29.950836
caiodduran,2025-08-08 06:56:00.500239
euisabellivitorya,2025-08-08 06:57:46.353320
isthebeia,2025-08-08 06:59:28.958769
sinc.david,2025-08-08 07:01:29.896698
ritinha.tkd,2025-08-08 07:03:05.781842
oblack_boy,2025-08-08 07:04:23.342052
berendalima,2025-08-08 07:05:58.208574
joeson76,2025-08-08 07:07:48.672899
tkprotaekwondo,2025-08-08 07:09:17.469460
mauriciomoura81,2025-08-08 07:10:30.814958
tkdbr28,2025-08-08 07:12:04.049822
agdabraz2,2025-08-08 07:13:39.539734
nath.hypolito,2025-08-08 07:15:04.458617
rossi_.valen,2025-08-08 07:16:43.189430
rique._zs,2025-08-08 07:18:26.748888
cj.oblack_tkd,2025-08-08 07:20:10.379767
_claraisabella,2025-08-08 07:21:33.849194
glicia.andrade.90,2025-08-08 07:22:51.166051
jose_harlem16,2025-08-08 07:24:11.119196
thaysmx_,2025-08-08 07:25:25.035356
llilysnrz,2025-08-08 07:26:48.689235
nascimento.68,2025-08-08 07:28:32.800737
williamtkdthai_,2025-08-08 07:29:54.666254
mestrecarlosvelho,2025-08-08 07:31:02.219660
c_c_r_a_0214,2025-08-08 07:32:58.709053
anatkd12,2025-08-08 07:34:05.449199
bruno_tspina,2025-08-08 07:35:16.948290
jorgesilva.007,2025-08-08 07:36:42.543516
darlan_resendee,2025-08-08 07:38:37.986692
ms.alex_marques,2025-08-08 07:40:36.402821
roundclube1,2025-08-08 07:42:17.618470
kauaortogalli_tkd,2025-08-08 07:43:58.031339
_pinho_rikelvin_tkd,2025-08-08 07:45:58.944398
marcio.modesto.rodrigues,2025-08-08 07:47:57.804762
sofia_pereira_010,2025-08-08 07:49:28.383053
evellynsilvatkd,2025-08-08 07:51:14.071238
katianeamine,2025-08-08 07:53:13.463263
team_joinvilletkd,2025-08-08 07:54:24.379934
sthefani_prado_,2025-08-08 07:55:54.612201
gabrielly_tkd,2025-08-08 07:57:46.339463
diogofreirecoach,2025-08-08 07:59:37.615729
julianasoarestkd,2025-08-08 08:01:09.285304
pauloricardotkd,2025-08-08 08:02:13.967513
isac_oliveirabr,2025-08-08 08:04:11.482841
desousa1051,2025-08-08 08:05:36.605666
vip.joras,2025-08-08 08:07:36.978781
mois3stkd,2025-08-08 08:08:55.824634
marcostkd01,2025-08-08 08:10:39.593692
tkd_anaa,2025-08-08 08:11:52.643141
eduardo.a.silvaa,2025-08-08 08:12:57.046746
fabianoliparotitkd,2025-08-08 08:14:32.202040
tkd_valduir,2025-08-08 08:15:35.233396
pvdakeyss,2025-08-08 08:17:30.812361
sanntos_tkd,2025-08-08 08:18:59.433714
bryan._marques,2025-08-08 08:20:19.549666
gnt.tkd,2025-08-08 08:21:38.661862
centrodelutasgama,2025-08-08 08:23:31.525059
blacklegjoao.tkd,2025-08-08 08:25:26.716622
canani.0w,2025-08-08 08:26:51.099322
mottatkd,2025-08-08 08:27:58.707456
danielfernandotkd,2025-08-08 08:29:47.748573
fmtkd.ma,2025-08-08 08:31:17.971261
taekwondo_shaolin,2025-08-08 08:33:12.686847
profuira,2025-08-08 08:34:30.669606
hebertszz_,2025-08-08 08:35:44.423137
bonattorafael9,2025-08-08 08:36:59.129024
nataliabarros_a,2025-08-08 08:38:07.727110
fabiano_lemoss28,2025-08-08 08:39:23.801301
paulodaniel.dias,2025-08-08 08:41:18.950551
clemes.03,2025-08-08 08:43:08.869511
graomestremiguel,2025-08-08 08:44:34.848528
matheuzinho_tkd,2025-08-08 08:46:07.205436
kenzo.tkd,2025-08-08 08:47:26.012870
cris_zocca,2025-08-08 08:48:46.216777
pvictor_ramos,2025-08-08 08:50:16.579237
maypl7_,2025-08-08 08:52:06.807775
cleide_.30,2025-08-08 08:54:07.395553
grazz.xcw,2025-08-08 08:55:10.665315
martinsnevesluiza,2025-08-08 08:56:44.202835
gravieira80,2025-08-08 08:58:16.780642
mateus.silvatkd,2025-08-08 08:59:23.565009
emiir_mss,2025-08-08 09:00:27.470498
annizuri,2025-08-08 09:01:29.662041
me_haytam_,2025-08-08 09:02:46.723586
dav.agv_,2025-08-08 09:04:09.375021
iktan151222,2025-08-08 09:05:29.243672
m4rk.k4nst,2025-08-08 09:07:24.367765
chlo.marie01,2025-08-08 09:09:18.513653
ogute4034,2025-08-08 09:10:49.698968
zone.tq,2025-08-08 09:12:49.011901
soy_amemon,2025-08-08 09:14:08.733124
salome_cardozo_,2025-08-08 09:15:44.960330
gang_of_manipur,2025-08-08 09:17:22.628107
omarrjsx,2025-08-08 09:18:55.768862
yuxln_4,2025-08-08 09:20:08.138302
wxp.aeris,2025-08-08 09:22:02.308009
lu_crxer,2025-08-08 09:24:03.875071
baliaapa_talalu,2025-08-08 09:25:10.671776
osmamanzano,2025-08-08 09:26:23.836577
_.ashjeet._,2025-08-08 09:28:00.080053
_pritam_mahto_16,2025-08-08 09:29:31.095652
_.sairaj_.14,2025-08-08 09:30:33.799582
qilaasfy_,2025-08-08 09:31:51.152102
misha_m3x,2025-08-08 09:33:11.780040
eliu.d01,2025-08-08 09:34:18.403482
ts.__nao,2025-08-08 09:35:38.151722
rajatkd3027,2025-08-08 09:37:24.128883
dhilzzz123,2025-08-08 09:39:09.076336
feli_fdg,2025-08-08 09:40:53.822807
hendry_sbln,2025-08-08 09:42:24.011977
mojtbqri,2025-08-08 09:44:04.056180
weniaminsmolnikov,2025-08-08 09:45:37.196779
who_is_bhuvan_,2025-08-08 09:47:01.586839
matheus_lopest,2025-08-08 09:48:19.630275
geli_olverit4,2025-08-08 09:49:24.631228
jeagerenz,2025-08-08 09:51:14.941313
chen_yongri,2025-08-08 09:52:43.592811
888.pioo,2025-08-08 09:53:49.411315
gx._.n11,2025-08-08 09:55:49.754894
cristian_forwa,2025-08-08 09:57:10.789715
nico._tkd,2025-08-08 09:58:22.745214
ricckk___,2025-08-08 09:59:46.110506
sofiamangiacasale_,2025-08-08 10:00:48.452739
h_mariketoy,2025-08-08 10:02:13.444044
samartkd906,2025-08-08 10:03:46.738548
_.lary._12,2025-08-08 10:05:22.008669
yamii_.tkd,2025-08-08 10:07:15.357835
_chakiii_cfff,2025-08-08 10:08:54.367722
m.valecs2,2025-08-08 10:10:36.865223
barann_tkd,2025-08-08 10:12:10.538350
abri.ursu,2025-08-08 10:13:32.132751
_taekwondo_warriors_,2025-08-08 10:15:25.588427
cha_hdp,2025-08-08 10:17:09.298860
erwincitx_priv,2025-08-08 10:18:34.556681
hellen_dv,2025-08-08 10:19:52.858409
prachijagtap761,2025-08-08 10:21:31.655360
sophijim87,2025-08-08 10:22:50.501340
0428_.kitty,2025-08-08 10:24:13.864014
lisandro_15.tkd,2025-08-08 10:26:13.598055
iihartmlaaa,2025-08-08 10:27:31.654965
_alx.bau_,2025-08-08 10:29:23.397477
idk.vrq,2025-08-08 10:30:30.711984
zeerakafayii7,2025-08-08 13:15:49.345590
theus.mon07,2025-08-08 13:17:38.377269
moonchild_dll,2025-08-08 13:20:02.877423
flei.tas67,2025-08-08 13:21:30.813627
kiara__dgz,2025-08-08 13:23:09.322318
misox_7.0.7,2025-08-08 13:25:12.481075
blrv_laay,2025-08-08 13:26:20.459163
shvan__othman,2025-08-08 13:27:25.238840
ir1nqqqqqqqq,2025-08-08 13:29:21.373602
clfr_blnd,2025-08-08 13:30:50.897237
turkhunoov_,2025-08-08 13:32:49.879164
lezhtt,2025-08-08 13:34:40.843437
sam_bcrl,2025-08-08 13:36:41.633024
m__irei_2,2025-08-08 13:37:48.810823
jennifers.341,2025-08-08 13:39:38.352007
binas_i_,2025-08-08 13:41:07.355036
buksungtkd,2025-08-08 13:42:39.116904
minorslovesmax,2025-08-08 13:43:54.771382
gxbrxx_l,2025-08-08 13:45:54.421347
priiv.sraxx.hhii,2025-08-08 13:47:31.789441
_4gq5,2025-08-08 13:49:08.298858
egg._.8877,2025-08-08 13:50:37.278935
miguelaguirre_c,2025-08-08 13:52:27.732699
billaaaa_04,2025-08-08 13:54:02.703809
sogand.1077,2025-08-08 13:55:34.522120
elzayyann,2025-08-08 13:56:56.812659
ginita_jmz,2025-08-08 13:58:02.247507
sk1_lar_w,2025-08-08 13:59:55.811681
savca.pavel,2025-08-08 14:01:00.239563
carlosjavimen2017,2025-08-08 14:02:09.389500
jocelyvii,2025-08-08 14:03:19.665391
alxz_z31678,2025-08-08 14:04:54.828820
mmiinhle,2025-08-08 14:06:40.039591
rebeca_socha,2025-08-08 14:07:58.997149
by.juliaxc,2025-08-08 14:09:12.516196
souzag_tkd,2025-08-08 14:10:50.664809
guilherme._.031,2025-08-08 14:12:09.699655
arthur.moraiss07,2025-08-08 14:13:23.241063
israel.xzx,2025-08-08 14:14:42.521972
malunishimurarcv,2025-08-08 14:15:51.426169
eu.julinha.012,2025-08-08 14:17:40.070573
eloa__pessoa,2025-08-08 14:19:39.124821
profbigodetkd,2025-08-08 14:21:23.724794
l.antoniobr1,2025-08-08 14:22:37.231791
custodiov_,2025-08-08 14:24:02.617650
pablo__fxp7,2025-08-08 14:25:43.532589
andriel_014,2025-08-08 14:27:36.348034
__kamillyprado,2025-08-08 14:28:44.610924
keegrrrl,2025-08-08 14:30:11.768449
melissa.hasse_,2025-08-08 14:32:02.883606
luccas_diegoo,2025-08-08 14:33:06.458024
music_levis_man,2025-08-08 14:34:19.640783
ana_vargasdias,2025-08-08 14:35:33.235970
stefanieoliveiratkd,2025-08-08 14:36:54.852162
b3kyie,2025-08-08 14:38:00.407943
pedro_15ye,2025-08-08 14:39:07.344379
biancakrasowski,2025-08-08 14:41:02.390137
gabii.limaxz_,2025-08-08 14:42:38.364688
anaj.uliatkd,2025-08-08 14:43:53.203841
felipehnrz_,2025-08-08 14:45:02.402222
adhonay_medeiros_144,2025-08-08 14:46:54.951106
mp0.62,2025-08-08 14:48:36.057847
farinalinhares,2025-08-08 14:49:53.069819
euemilly204,2025-08-08 14:50:59.366139
m_nunes_tkd,2025-08-08 14:52:32.412169
cristianliceo8gmail.com3,2025-08-08 14:54:14.648930
who0.lzm,2025-08-08 14:55:42.827320
littleboyluquinha,2025-08-08 14:57:19.214231
analukataoka,2025-08-08 14:58:42.815206
isaacvalentin_,2025-08-08 14:59:56.881319
zac_teo,2025-08-08 15:01:47.932124
dudatkd2,2025-08-08 15:03:20.755178
guilherme.valerio,2025-08-08 15:04:34.722165
clarinha_vieiratkd,2025-08-08 15:06:00.295961
valentinalajus,2025-08-08 15:07:21.163139
d.oliveira.n,2025-08-08 15:09:07.592819
elena_timoshenko16,2025-08-08 15:10:18.760322
bock_tkd,2025-08-08 15:11:54.805002
le0zinha,2025-08-08 15:13:10.054171
day_.sts_,2025-08-08 15:14:55.219428
mariaclarafarinarosa,2025-08-08 15:16:22.910341
mirandinha.l1,2025-08-08 15:17:55.818423
gloria.tkd,2025-08-08 15:19:18.327684
buelzin_tkd,2025-08-08 15:20:58.893266
pedrinn27____,2025-08-08 15:22:53.236972
igor_arrue,2025-08-08 15:24:44.170415
gabriellenanjostkd,2025-08-08 15:26:20.932374
_isaac_mts1w,2025-08-08 15:27:29.999984
bellyzasz,2025-08-08 15:29:10.688477
elias.xz__,2025-08-08 15:30:34.915354
iamilezx,2025-08-08 15:32:12.027694
ronaldosospiscinas,2025-08-08 15:33:57.430989
_pvdyasoca2505_,2025-08-08 15:35:17.300043
mabia_swfr,2025-08-08 15:37:10.417666
lisiamari_,2025-08-08 15:38:30.000348
lc.7xs,2025-08-08 15:39:48.101918
iindiopv,2025-08-08 15:40:51.116018
taekwondo.whitetiger,2025-08-08 15:42:26.464127
043lucas.zl,2025-08-08 15:44:19.322266
emlteodoro,2025-08-08 15:46:05.969402
sarah_violino,2025-08-08 15:47:14.466572
julia_lyz,2025-08-08 15:49:03.499149
tkd_lg,2025-08-08 15:50:42.223899
jonh.frnds,2025-08-08 15:52:21.118859
o_silva.s,2025-08-08 15:54:15.611507
tubarao_tkd,2025-08-08 15:56:00.102646
duda_mattias007,2025-08-08 15:57:29.298287
rogeralado,2025-08-08 15:59:09.281769
gab__judo,2025-08-08 16:00:44.614834
jueszmaruk,2025-08-08 16:02:40.231636
kellyyx_807,2025-08-08 16:03:42.999675
mvp_lc,2025-08-08 16:05:24.221026
luishlcosta,2025-08-08 16:07:21.034147
dsteam_taekwondo,2025-08-08 16:08:57.069770
ctdiegoneves,2025-08-08 16:10:08.756751
pv.fossaluda,2025-08-08 16:11:21.333748
okami_tkd,2025-08-08 16:12:30.936272
justefanii_,2025-08-08 16:14:37.039813
let._js,2025-08-08 16:16:35.320480
sophiazwq7,2025-08-08 16:18:23.323781
atleta.jose.ribeiro,2025-08-08 16:19:46.982460
mpaulo.tkd,2025-08-08 16:20:52.277613
gbnogbra,2025-08-08 16:21:56.952599
eeuvito,2025-08-08 16:23:23.882400
surikate__,2025-08-08 16:24:44.778387
jssic_atkd,2025-08-08 16:26:43.721285
eu.bella.3,2025-08-08 16:28:44.822323
guarapestkd,2025-08-08 16:30:14.118209
artybolsas,2025-08-08 16:31:33.574134
hperes5,2025-08-08 16:32:48.437304
frutuoso.04,2025-08-08 16:33:58.657959
ane_starx,2025-08-08 16:35:24.076086
joemir.lanes,2025-08-08 16:36:40.464489
thamyrxz,2025-08-08 16:37:57.639602
gilbertomorandotkd,2025-08-08 16:39:44.270341
sarah_olivzz_16,2025-08-08 16:41:15.850237
treinadora_lori,2025-08-08 16:42:25.881752
joanandesena,2025-08-08 16:43:35.717234
daymirandaguilen,2025-08-08 16:44:43.152585
_izgaby,2025-08-08 16:46:03.996363
_.ana_na,2025-08-08 16:47:56.560845
heitorcoelhocapisch,2025-08-08 16:49:25.467125
rebecajanuario,2025-08-08 16:51:25.397283
_pvddaniel._,2025-08-08 16:52:57.329599
bello80.rabelo,2025-08-08 16:54:39.711844
084_victoraraujo,2025-08-08 16:56:19.037421
andrecostaf_,2025-08-08 16:57:57.406084
apena_sdesenhando,2025-08-08 16:59:06.114400
mirandagnaldo,2025-08-08 17:00:12.065997
alinesantos_estetica_,2025-08-08 17:02:06.461664
marianamaiamink,2025-08-08 17:03:22.181660
izaacarvalhoo,2025-08-08 17:04:51.908706
yurimanoeldesign,2025-08-08 19:31:23.079326
ameliatkd,2025-08-08 19:32:41.090568
joabebentocontasecundaria,2025-08-08 19:33:56.835355
layaliaminetkd,2025-08-08 19:35:16.515185
gui4zx,2025-08-08 19:36:35.582842
coelho_212,2025-08-08 19:38:27.910913
chrystianrodrigs,2025-08-08 19:39:36.041660
tylerriscado_1106,2025-08-08 19:41:31.005512
motta04.tkd,2025-08-08 19:43:09.201297
_gustavo.leite,2025-08-08 19:44:15.769638
christophegomess,2025-08-08 19:45:43.463147
merlinbandeira,2025-08-08 19:47:36.258194
jarley.florentino,2025-08-08 19:48:52.804306
dudurique_tkd,2025-08-08 19:50:01.301196
memoriasdella,2025-08-08 19:51:23.636156
judson._vinicius,2025-08-08 19:53:01.661774
anabeatrizfid_,2025-08-08 19:55:01.390107
jotavetkd,2025-08-08 19:56:23.184785
ass_orleanense_de_taekwondo,2025-08-08 19:57:50.950232
juliatkd9,2025-08-08 19:59:42.893452
_cachopa_19,2025-08-08 20:01:19.581663
dulceneiacazarotti,2025-08-08 20:03:04.287575
brasilidades.br,2025-08-08 20:04:36.260482
lucassartner,2025-08-08 20:05:59.681836
isa.felix12,2025-08-08 20:07:02.197054
letiwzz_,2025-08-08 20:08:53.496157
pallomatkd,2025-08-08 20:10:10.627232
jayme_da_gama_creci_28.373,2025-08-08 20:11:20.452042
ahquesaude,2025-08-08 20:12:41.711806
josiell_costa,2025-08-08 20:13:52.445260
igutkd_ofc,2025-08-08 20:15:01.134296
luizguisiqueira,2025-08-08 20:16:25.200593
malu.maria_,2025-08-08 20:17:59.626675
limkom_tiger,2025-08-08 20:19:31.043612
andriele.tkd,2025-08-08 20:21:31.999178
jullyaa.emanuely_,2025-08-08 20:22:58.400733
elenafontouras,2025-08-08 20:24:27.595999
nich.0lau,2025-08-08 20:26:26.848151
wallissoncarloss,2025-08-08 20:27:43.478325
leila.oliveira.562,2025-08-08 20:29:00.415642
lavidrtxx__,2025-08-08 20:30:16.299673
gui.95g,2025-08-08 20:31:25.079102
pedrohigor.tkd,2025-08-08 20:33:21.041561
rafinnxy,2025-08-08 20:35:07.098953
thaynanhelenagoncalves,2025-08-08 20:36:56.798492
mariagomesdearaujo57,2025-08-08 20:38:35.648516
k.omar_tkd,2025-08-08 20:39:50.477299
ebert_diego21,2025-08-08 20:41:11.908786
pedromacedo21_,2025-08-08 20:42:30.245613
larranycastroo,2025-08-08 20:43:41.240063
silva_xmih,2025-08-08 20:45:55.092372
gust4v0_martins,2025-08-08 20:47:44.226101
migueltk.c,2025-08-08 20:49:07.595561
pv.mari_anny,2025-08-08 20:50:55.933899
_tt0mmr,2025-08-08 20:52:43.301281
andraos_tkd,2025-08-08 20:54:10.790988
euborga,2025-08-08 20:55:35.064007
biellhilley_,2025-08-08 20:56:48.214067
dex.cxstr,2025-08-08 20:58:21.991490
ritacassia_taekwondo,2025-08-08 20:59:39.719491
gaby_brasileiro,2025-08-08 21:00:57.220991
marquestkd,2025-08-08 21:02:33.551715
jackellyson.tkd.sx,2025-08-08 21:04:20.146552
ana.gieseler,2025-08-08 21:05:52.080832
dasilvafiflho,2025-08-08 21:06:57.349756
edu_tkd.22,2025-08-08 21:08:20.644774
clebersanchesbarbosa,2025-08-08 21:09:23.226346
cleiton_ccs,2025-08-08 21:10:33.910098
kaua_10xx,2025-08-08 21:11:52.677997
ceciliaakemi_matsuda,2025-08-08 21:13:19.781879
brahian_fernandes_08,2025-08-08 21:14:56.036074
_liveirazzk,2025-08-08 21:16:30.185502
kautkd,2025-08-08 21:18:05.790531
adrian.tkd_,2025-08-08 21:19:40.715877
yuri.victor_tkd,2025-08-08 21:21:04.912073
matheuzz_098,2025-08-08 21:22:42.621471
nathirondelli,2025-08-08 21:24:06.821135
lnzin_2010_o.o,2025-08-09 01:55:29.460276
ferreirazhss,2025-08-09 01:57:15.596217
hello_stefanyt.tkd,2025-08-09 01:58:35.590078
sophiaatkd,2025-08-09 01:59:56.195064
samuelz_santana,2025-08-09 02:01:15.346592
valen_marconn,2025-08-09 02:03:01.999242
gabtrabach_,2025-08-09 02:04:34.158759
_camillaviitoria,2025-08-09 02:06:33.193017
meneezes09,2025-08-09 02:07:46.028489
_indigena22,2025-08-09 02:09:03.246340
k4willyxz_,2025-08-09 02:10:11.270478
_samuell_064,2025-08-09 02:11:57.377772
tkd_caja_black,2025-08-09 02:13:33.104214
pedro.lucaas_25,2025-08-09 02:15:25.283532
eopereira.tkd,2025-08-09 02:17:17.259225
luaragabrielly_,2025-08-09 02:18:25.829758
peixinho_o,2025-08-09 02:19:28.520548
eduardaa.gomessss,2025-08-09 02:21:24.463588
kathlynn_vitoriaa,2025-08-09 02:22:43.740464
eu_medinx,2025-08-09 02:23:52.620675
yxv.vihh,2025-08-09 02:25:42.110311
gb.r0drigues_,2025-08-09 02:27:12.487368
vz_sammyr,2025-08-09 02:28:21.436123
lanny_kailove,2025-08-09 02:30:23.309307
lucianazanella09,2025-08-09 02:31:29.234329
zeni_ml,2025-08-09 02:32:57.841123
_01035_,2025-08-09 02:34:50.078241
isaias_batista00,2025-08-09 02:36:12.425981
ediwilliam627,2025-08-09 02:37:31.218698
_ana.luiza.a,2025-08-09 02:39:29.176173
itin_.08,2025-08-09 02:41:08.773218
felipe_inostroza_rios,2025-08-09 02:42:16.749189
flwern4hh_,2025-08-09 02:44:00.483175
rufinotkd,2025-08-09 02:45:35.485286
caua_tkd_,2025-08-09 02:47:01.524248
ketllen.tkd,2025-08-09 02:48:04.352927
alycia_tkd,2025-08-09 02:49:11.850807
matheus_santos_tkd,2025-08-09 02:50:54.403051
melissaponss,2025-08-09 02:52:04.170070
cachinhos_975,2025-08-09 02:53:55.259148
jaohelio.tkd,2025-08-09 02:55:22.374756
halissonezio,2025-08-09 02:56:52.873381
daniel.brito28,2025-08-09 02:58:33.141504
maria_cecilia.f.p,2025-08-09 03:00:25.368005
nathywxs_,2025-08-09 03:01:55.003998
extremostaekwondo,2025-08-09 03:03:00.979965
alanzin_tkd,2025-08-09 03:04:55.190678
karlos_henrique198,2025-08-09 03:06:50.586588
kvssttar,2025-08-09 03:08:03.421017
soares.kjkkj,2025-08-09 03:09:25.356087
joao.lucasatleta,2025-08-09 03:11:11.880325
matheus.ins,2025-08-09 03:13:02.428676
myrelhetkd,2025-08-09 03:14:46.558812
babi.dfreitas,2025-08-09 03:16:38.069213
paulotrxp,2025-08-09 03:17:50.158743
_rayssinhadias_,2025-08-09 03:19:37.733730
carolsantiagob,2025-08-09 03:20:44.492470
keziadsousa,2025-08-09 03:22:08.680915
miguellins_tkd,2025-08-09 03:23:27.978959
medubap_tkd,2025-08-09 03:24:52.675963
lucas_richardy_,2025-08-09 03:26:51.514271
fernands_luh,2025-08-09 03:28:00.879448
andr4de.tkdd,2025-08-09 03:29:38.039951
jubenelli.tkd,2025-08-09 03:30:42.728371
aabeatriz_a,2025-08-09 03:32:22.592382
thalison.tkd,2025-08-09 03:33:55.220835
jbrunismannn,2025-08-09 03:35:55.227272
nc.fermiano,2025-08-09 03:37:14.259447
rondinelitobias,2025-08-09 03:39:07.350253
evelynpacell_,2025-08-09 03:40:30.016759
joao_paulo_3454,2025-08-09 03:41:59.383070
khau_tkd,2025-08-09 03:43:49.815523
milagrestkd,2025-08-09 03:45:32.674821
antas.laris,2025-08-09 03:46:44.687211
ari4ny,2025-08-09 03:48:22.245696
gashimmagomedov,2025-08-09 03:50:02.050022
nazanin._.az_,2025-08-09 03:51:55.478907
off.gomes_01,2025-08-09 03:53:00.112956
akhadjon_mukhtarov,2025-08-09 03:54:26.590142
akbar_juraev96,2025-08-09 03:56:21.495713
cl4ricexz._,2025-08-09 03:58:16.938896
_yorqinboyev_m,2025-08-09 04:00:09.524474
_shoxjahon_17777,2025-08-09 04:01:34.050660
tugbaq.13,2025-08-09 04:02:37.807157
mayliqulov_axmadjon,2025-08-09 04:04:29.682202
sa_mandar4447,2025-08-09 04:06:30.688863
rashidova__m7,2025-08-09 04:07:42.965
safarov_309,2025-08-09 04:08:55.021454
ian.nabi,2025-08-09 04:10:49.326965
siroj1ddinovas,2025-08-09 04:11:55.765364
berdiqulov_tkd,2025-08-09 04:13:06.368996
muzaffarzaitov,2025-08-09 04:15:00.764335
_chiroyligim_00_,2025-08-09 04:16:30.363347
tkd_luan,2025-08-09 04:17:35.094415
__707_xs,2025-08-09 04:19:22.591877
msdjssaaa,2025-08-09 04:21:13.417629
shoxjaxon_azzamov,2025-08-09 04:22:18.030295
sasha.elita,2025-08-09 04:23:53.131615
_m_dilshodaa,2025-08-09 04:25:00.323440
mnsrvsidrm,2025-08-09 04:26:29.019283
joao.tkd__,2025-08-09 04:27:50.376893
sardor__tkd__,2025-08-09 04:29:32.357792
mukhammadkarim_tukhtaboyev,2025-08-09 04:30:42.200826
x_berdiqulov,2025-08-09 04:32:09.974323
ahmedov_tkd,2025-08-09 04:33:44.249159
emanoelgmendes,2025-08-09 04:35:00.182075
my_isaccc,2025-08-09 04:36:37.921151
jaffarov_joxongir,2025-08-09 04:37:44.346709
kar1mov_bro_,2025-08-09 04:39:12.194942
amirhossein_judo1395,2025-08-09 04:40:57.347774
akmal_tkd_06,2025-08-09 04:42:28.377189
tuymurod.shirinov,2025-08-09 04:43:55.772329
raula.2325,2025-08-09 04:45:10.197206
c.amarald,2025-08-09 04:46:45.253806
abdullaziz2092,2025-08-09 04:48:41.911477
joaogomesfxp,2025-08-09 04:50:00.434837
shoiraa_068,2025-08-09 04:51:46.344736
leqvt_adzee7_7_7,2025-08-09 04:53:24.193234
alijon_shamsiye.v,2025-08-09 04:55:06.319517
s_jumaboev_,2025-08-09 04:57:06.608888
dijesustkd,2025-08-09 04:59:06.696624
maiiccve,2025-08-09 05:00:43.104989
raniagnk,2025-08-09 05:01:52.156753
_nrmvv_,2025-08-09 05:03:39.413332
muhammadziyo__team,2025-08-09 05:04:56.895051
priy_anshixx.84,2025-08-09 05:06:38.894704
m_aaqe_,2025-08-09 05:08:30.212558
jayane_f.o,2025-08-09 05:09:33.769819
xursh1d.27,2025-08-09 05:11:24.929912
amirova_g21,2025-08-09 05:12:51.298850
mukhammadaliyevna.17,2025-08-09 05:14:36.737988
_donyor_team,2025-08-09 05:15:59.452971
lls321.lp,2025-08-09 05:17:47.106878
_nabijanoov_tkd_,2025-08-09 05:19:16.323709
ogabek__20108,2025-08-09 05:20:42.400373
fatimatakaco,2025-08-09 05:21:57.504142
farkhodivc_l7,2025-08-09 05:23:34.652184
paulo.oliveiraef,2025-08-09 05:24:42.518485
beka.xvl,2025-08-09 05:25:48.072683
agabek_0802,2025-08-09 05:27:40.199497
the_aida07,2025-08-09 05:29:19.442872
alene__girl__,2025-08-09 05:30:34.481513
livia_tkd,2025-08-09 05:32:04.016526
humberto_vn,2025-08-09 05:33:47.409536
gustao.7,2025-08-09 05:35:03.718212
duh.xzw_,2025-08-09 05:36:15.844461
defernanda_lohmann,2025-08-09 05:37:43.559244
luizalleite_,2025-08-09 05:39:19.734250
_teuzin.x7_,2025-08-09 05:41:05.859615
jeancarlo.07,2025-08-09 05:42:42.954402
isajohastkd,2025-08-09 05:44:03.325921
mateusfranciscotkd,2025-08-09 05:45:58.807877
gabrielcamilotkd,2025-08-09 05:47:27.524859
biellteclas_,2025-08-09 05:49:13.485222
adrianjohnat,2025-08-09 05:50:59.691677
thiago_tkd19,2025-08-09 05:52:46.174870
italotkd_,2025-08-09 05:53:55.597097
pabloborges2070,2025-08-09 05:55:07.771703
tkd_marcosq,2025-08-09 05:56:38.912703
emerson_machado_taekwondo_,2025-08-09 05:58:39.260261
ailton.s7xzz,2025-08-09 05:59:52.665474
yago_tavares_tkd,2025-08-09 06:01:22.875683
higor.firino,2025-08-09 06:03:22.997114
atletaisaqueribeiro,2025-08-09 06:05:16.354542
hugo.tk,2025-08-09 06:07:14.732785
eujeoo_,2025-08-09 06:08:44.979651
maah.tkd,2025-08-09 06:10:34.430339
guto_mieres,2025-08-09 06:12:04.628422
arian_heydari0,2025-08-09 06:14:02.498700
paulojunio.serra,2025-08-09 06:15:13.482735
mahvilela2.16,2025-08-09 06:16:53.746166
damazioteamtaekwondo,2025-08-09 06:18:23.959707
ffujitz,2025-08-09 06:19:52.179902
taekwondoolimpico_,2025-08-09 06:21:43.624863
kaua.tkd,2025-08-09 06:23:19.628117
mariagabrielabersanetti,2025-08-09 06:24:43.832977
manuelmartinezvaldes04,2025-08-09 06:25:58.684584
_mariabergamaschii,2025-08-09 06:27:10.561521
associacaotkdrocha,2025-08-09 06:28:29.135942
izadoratkdx_,2025-08-09 06:30:25.754776
keth.silvasz,2025-08-09 06:32:15.022332
luaratizot,2025-08-09 06:33:46.052825
saarahramoss,2025-08-09 06:35:26.218749
rafaa_tkd,2025-08-09 06:36:43.286898
vanzinhafs,2025-08-09 06:38:12.626517
joaogabriel_ptkd,2025-08-09 06:39:23.745923
fisio.henrique,2025-08-09 06:40:43.671018
kaykay_zx,2025-08-09 06:42:01.481229
macena.tkd,2025-08-09 06:43:57.205177
muca_vycthor,2025-08-09 06:45:58.143818
jean_lourenco,2025-08-09 06:47:11.762990
pedro_miller99,2025-08-09 06:48:27.869258
icaromigueltkd,2025-08-09 06:50:20.533349
emiiysw,2025-08-09 06:51:38.830241
marlon_felipe97,2025-08-09 06:53:15.740148
eltonfolly,2025-08-09 06:54:56.445363
luhb.alvares,2025-08-09 06:56:04.326899
joaovitorneves69,2025-08-09 06:57:29.032432
mih_a1meid4,2025-08-09 06:59:16.847567
mih.benatti,2025-08-09 07:00:46.108748
talita.tkd,2025-08-09 07:01:52.143156
beaasll,2025-08-09 07:03:37.021694
092_.davixpx,2025-08-09 07:05:07.602198
beatrizgobbi28,2025-08-09 07:07:01.543841
davi_tkd2015,2025-08-09 07:08:47.699527
alyssonmoreiraalves,2025-08-09 07:10:25.905069
kary_nane,2025-08-09 07:12:15.175397
clarahmodesto_,2025-08-09 07:13:21.725452
yazstn,2025-08-09 07:14:37.280199
chriisttii,2025-08-09 07:16:01.818876
be_kwinsv,2025-08-09 07:17:49.500199
reizs.xl,2025-08-09 07:19:00.292213
jenydmaceno,2025-08-09 07:21:01.966412
sarahmany2024,2025-08-09 07:22:06.043390
raleytkd,2025-08-09 07:23:28.686635
_.maria.cruz_,2025-08-09 07:25:01.467164
yohanatkd,2025-08-09 07:26:21.304238
renatinho_almeida12,2025-08-09 07:27:58.472172
toddynho_tkd,2025-08-09 07:29:33.887100
naclarah._,2025-08-09 07:30:56.262357
modesti_3u,2025-08-09 07:32:24.443071
luis_jaccard.tkd,2025-08-09 07:34:09.941845
corpus_fit_sepetiba,2025-08-09 07:36:02.305928
paiva.nathalya,2025-08-09 07:37:39.139418
victhor_tkd,2025-08-09 07:38:42.508044
vitor.pech,2025-08-09 07:40:40.855491
rodrigojulianasophia,2025-08-09 07:42:19.236844
bete.aj,2025-08-09 07:43:35.763517
personalsantanafitness,2025-08-09 07:44:58.462948
vitorsantosfs_,2025-08-09 07:46:21.478168
vitorg_ofc01,2025-08-09 07:48:21.067764
associacao_machado_sul,2025-08-09 07:49:37.078849
beka_mel0,2025-08-09 07:51:32.020104
gouveiaestevan_,2025-08-09 07:53:02.432488
7dudutvrs,2025-08-09 07:54:11.894589
mar.ixz_,2025-08-09 07:55:54.916679
taekwondoaracaju,2025-08-09 07:57:54.454723
gchiucchi_,2025-08-09 07:59:19.515437
valenn.oliveira_,2025-08-09 08:00:47.712584
isnt.jujuba,2025-08-09 08:02:24.106793
mnr_ksx_22,2025-08-09 08:03:59.169579
marcelotavane,2025-08-09 08:06:12.319763
guilherme_candido.r,2025-08-09 08:08:10.125254
damaziomarise,2025-08-09 08:09:20.260798
myguelsoares.tkd,2025-08-09 08:11:08.100412
allvestkd_,2025-08-09 08:12:52.127310
mestresorrisobh,2025-08-09 08:14:25.728918
taekwondodezdan,2025-08-09 08:15:34.250917
afonsopinto_tkd,2025-08-09 08:17:12.729768
flavia.asc,2025-08-09 08:18:51.063442
carvalhodriely,2025-08-09 08:20:24.115317
joaquimnogueira2024,2025-08-09 08:22:11.824810
eunicepsm,2025-08-09 08:23:54.603699
anywwx_,2025-08-09 08:25:07.211504
s.gsilv4,2025-08-09 08:26:10.410684
livia_sosa,2025-08-09 08:28:12.238488
emanuelly_torreao,2025-08-09 08:29:53.346195
s.silvx._,2025-08-09 08:30:59.892322
rodrigo.tkd7,2025-08-09 08:33:01.549175
gilvanobonatto,2025-08-09 08:34:30.100407
rafaela.lkm,2025-08-09 08:36:10.852111
franciscaparatkd,2025-08-09 08:37:19.813881
cutei_3410,2025-08-09 08:39:10.453686
teamfighter,2025-08-09 08:41:10.338155
dygmrld,2025-08-09 08:42:41.129425
taekwondo_lamim,2025-08-09 08:43:56.454924
manuh_pateltkd,2025-08-09 08:45:38.593851
coe.saymon,2025-08-09 08:47:36.973976
leopereira_78,2025-08-09 08:48:46.580074
otcteamtkd,2025-08-09 08:50:47.778105
vilma.pereiralima,2025-08-09 08:52:09.008540
laiz_camargotkd,2025-08-09 08:53:23.245069
tkdlouveira,2025-08-09 08:54:31.013806
_jsyz_,2025-08-09 08:56:25.789753
dr.alexneves,2025-08-09 08:57:35.679947
jobertino,2025-08-09 08:59:05.710069
m._.moraes,2025-08-09 09:00:40.546347
maria__eulaliatkd,2025-08-09 09:02:10.534281
vitoria_ft_,2025-08-09 09:03:57.314632
_davi.alvees,2025-08-09 09:05:23.055633
davizetee,2025-08-09 09:07:18.836760
giovanebtkd,2025-08-09 09:08:23.187036
tteuw01,2025-08-09 09:09:51.581150
guizinx.tkd,2025-08-09 09:11:22.093693
fb.filipeborges,2025-08-09 09:12:36.566084
dudinhasouzaa14,2025-08-09 09:14:25.375078
felipzh.tkd,2025-08-09 09:15:30.710131
agatha_tarsilaa,2025-08-09 09:16:43.136789
jv.guedess,2025-08-09 09:17:56.961559
mariiiszx,2025-08-09 09:19:58.676452
vt.silvax__,2025-08-09 09:21:28.880253
gab7_tkd,2025-08-09 09:22:50.300878
alan.pereiratkd,2025-08-09 09:24:51.011132
pc._cute18,2025-08-09 09:26:02.227107
_kholanda,2025-08-09 09:27:40.941315
hopebinho,2025-08-09 09:28:48.760760
duda.avila25,2025-08-09 09:29:55.580394
migueldeyvid,2025-08-09 09:31:43.918595
luca.sschenkel,2025-08-09 09:33:31.143875
j.gomes00,2025-08-09 09:35:27.706565
ass.taekwondocp,2025-08-09 09:36:48.380817
micheldavirgempurissima,2025-08-09 09:38:06.553775
felipe.chaves.7796,2025-08-09 09:39:35.058270
alvaro_marciel,2025-08-09 09:40:39.377811
ln9nelz2,2025-08-09 09:42:41.017902
leonsales__,2025-08-09 09:44:16.541224
rf_rocha01,2025-08-09 09:46:03.815992
jhennifer_tkd,2025-08-09 09:47:48.640424
wagner_bellaver,2025-08-09 09:49:44.360402
yagonakamo,2025-08-09 09:51:41.300615
azevedo_bryan_tkd,2025-08-09 09:52:48.915005
theuscost4,2025-08-09 09:54:42.861642
karla._santtos,2025-08-09 09:56:35.578215
gabrielvitor_tkd,2025-08-09 09:57:56.707312
kstrc_,2025-08-09 09:59:45.905038
felipe_neves07,2025-08-09 10:01:18.263880
nenda_souzaa,2025-08-09 10:02:34.109723
arthr.sales,2025-08-09 10:03:54.669650
brunovlimberger,2025-08-09 10:05:16.549542
cristianoabel,2025-08-09 10:06:41.346978
corrohgomes.fotografo,2025-08-09 10:07:52.815246
joaaozin_015_,2025-08-09 10:09:44.429270
giantreinador,2025-08-09 10:10:49.517242
arthurisalves,2025-08-09 10:12:02.245997
anajucachine,2025-08-09 10:13:25.333172
tales_goleiro,2025-08-09 10:14:41.935019
ecn.narsp,2025-08-09 10:16:21.691387
leo_fariia,2025-08-09 10:17:45.827871
kauacolnak,2025-08-09 10:19:05.223486
alessandra.vieira.549,2025-08-09 10:20:39.195574
marianasf,2025-08-09 10:22:22.176155
marcia_tafarel,2025-08-09 10:23:37.307682
dranataliamourao,2025-08-09 10:25:04.571807
soph1a_be,2025-08-09 10:26:32.121272
yas.vidotte,2025-08-09 10:28:28.523758
arttzin_01,2025-08-09 10:30:00.242520
j.marcos2004,2025-08-09 10:31:33.526737
eric.kyn,2025-08-09 10:33:26.568706
kauan.tkd_,2025-08-09 10:35:18.957481
carol_mageswski,2025-08-09 10:36:34.326853
by_laisalima,2025-08-09 10:38:30.076495
isakk_c_,2025-08-09 10:39:39.778544
psico.fernandarodriguesz,2025-08-09 10:40:45.847857
dixx.uzboyzinhos,2025-08-09 10:42:40.421953
l.annyy,2025-08-09 10:44:32.813850
julinhotkd,2025-08-09 10:46:14.542252
mariisyo,2025-08-09 10:48:12.114626
agathacappabianco,2025-08-09 10:49:43.968929
feitosasmaria_,2025-08-09 10:51:06.364007
yass_mim.sz,2025-08-09 10:52:50.146376
adriana.taboza,2025-08-09 10:54:15.893389
anna.c.benitz,2025-08-09 10:55:48.166128
jao.tkd,2025-08-09 10:57:16.727403
nauanasandrelly,2025-08-09 10:58:26.056358
andreatletamaster,2025-08-09 10:59:38.725182
tais_tkd,2025-08-09 11:01:03.238129
biafrss,2025-08-09 11:02:45.228113
_v.medina,2025-08-09 11:04:08.102049
tkd_chutfof21,2025-08-09 11:05:38.276468
vanessagranvilla,2025-08-09 11:06:47.456154
dinholins_,2025-08-09 11:08:02.881659
sxbbitaz,2025-08-09 11:09:42.829752
tarik_goulart,2025-08-09 11:11:42.241294
amandaadiass__,2025-08-09 11:12:52.155065
_ryanemacedo,2025-08-09 11:14:40.643600
dani.milan_tkd,2025-08-09 11:16:17.774082
wandersoncalangodoido,2025-08-09 11:18:10.889918
isagasperini_,2025-08-09 11:19:18.703985
mateus.b___,2025-08-09 11:20:24.811682
pvd.anne06,2025-08-09 11:22:16.003111
farinataekwondo,2025-08-09 11:23:40.667716
nelma.bezerra,2025-08-09 11:25:15.999799
luztkd_,2025-08-09 11:26:31.650289
__rafaellaarruda,2025-08-09 11:27:49.622239
higor_silva96,2025-08-09 11:29:11.897040
irhartje,2025-08-09 11:31:09.680306
gazzaffi_tkd,2025-08-09 11:32:45.804015
guilhermearruda6,2025-08-09 11:33:59.841688
maitesiur,2025-08-09 11:35:32.010105
beazcampos,2025-08-09 11:37:11.917572
moisesbsoares4,2025-08-09 11:38:27.566175
yrebeca1_,2025-08-09 11:40:12.280996
dieimesonborges,2025-08-09 11:41:29.329193
tacila0201,2025-08-09 11:43:30.596881
enzo.tepedino,2025-08-09 11:45:17.421179
millenafrasson_,2025-08-09 11:47:15.738631
phenrique.tkd,2025-08-09 11:49:16.911274
arthurarruda25,2025-08-09 11:50:29.896985
mikael.santos0,2025-08-09 11:51:46.838315
eloh_lz,2025-08-09 11:53:04.376839
italoshitini,2025-08-09 11:54:13.815957
rf_tkd,2025-08-09 11:55:28.806562
_kevinpersonal,2025-08-09 11:57:07.976286
kauansxz_tkd,2025-08-09 11:58:32.890389
jamielsv,2025-08-09 12:00:15.286297
aliciamoro21,2025-08-09 12:01:33.047192
fabioxcz_,2025-08-09 12:03:26.041077
trevisan_tkd,2025-08-09 12:05:28.174572
amau_13_lim,2025-08-09 12:06:36.970312
drdanilomagalhaes.rn,2025-08-09 12:08:14.673085
isw.tkd,2025-08-09 12:10:04.783647
luiz_santt0s7,2025-08-09 12:11:42.604762
pedro_miguel1896,2025-08-09 12:12:57.016518
sousasx._,2025-08-09 12:15:00.140317
ewertonwr_,2025-08-09 12:16:34.318060
eu_ianzin_14,2025-08-09 12:18:13.998062
caroline.mor3ira,2025-08-09 12:19:22.128455
r.junior.8,2025-08-09 12:20:40.103244
rios.miguell,2025-08-09 12:22:16.750687
vtin011_,2025-08-09 12:23:48.476324
josef_tkd,2025-08-09 12:25:30.070609
luckyy.zip,2025-08-09 12:27:21.151203
cairoandreo,2025-08-09 12:28:34.633937
teixeira_magno,2025-08-09 12:29:56.785090
davisantoos,2025-08-09 12:31:20.230142
kuliknamente,2025-08-09 12:33:17.791166
dyllan.vpl,2025-08-09 12:35:00.729274
adr_flavio,2025-08-09 12:36:55.279895
_emanueltkd,2025-08-09 12:38:54.194836
raissanogueira226,2025-08-09 12:40:33.794163
theuzin_hzx_,2025-08-09 12:42:18.233904
leojuriolli_,2025-08-09 12:43:33.866289
rejanemaisa,2025-08-09 12:45:13.746773
angel0ckm,2025-08-09 12:47:14.385751
nick.o.c,2025-08-09 12:48:25.727893
lucaszzzp,2025-08-09 12:49:53.522256
geo_brag,2025-08-09 12:51:28.066815
7batixta,2025-08-09 12:52:30.905424
guilhermeasusin,2025-08-09 12:53:56.890884
ryuzu_zen,2025-08-09 12:55:22.402744
sandfaustino,2025-08-09 12:56:38.918261
emanoellayang,2025-08-09 12:58:18.906640
sarahcsanttos,2025-08-09 12:59:35.017523
lucc_rosa,2025-08-09 13:01:18.514788
genivan771,2025-08-09 13:02:59.985960
_otararthuch_,2025-08-09 13:04:10.466563
mirandinhay9,2025-08-09 13:06:09.939305
marjolly.rsv,2025-08-09 13:07:49.550247
eu_matheusmarques16,2025-08-09 13:09:01.742867
dan.quiro,2025-08-09 13:10:12.391274
en.marmore,2025-08-09 13:11:52.426578
van.cadete,2025-08-09 13:13:31.772688
_danguii,2025-08-09 13:15:24.144837
loredavidcio,2025-08-09 13:16:41.748379
iriscris2,2025-08-09 13:18:03.847643
ddan_d15,2025-08-09 13:19:29.637919
duke.ksl,2025-08-09 13:20:53.961469
miguelporto.tkd,2025-08-09 13:22:51.281090
jaquelinadossantosbarbosa,2025-08-09 13:23:53.731532
coutto.amanda,2025-08-09 13:25:46.353940
lucas_lh95,2025-08-09 13:27:25.794528
vitinn.santox,2025-08-09 13:28:53.479192
monteiro.rec,2025-08-09 13:29:59.813870
vinicyus0101,2025-08-09 13:31:39.607779
yasmim.ivanof,2025-08-09 13:33:23.108641
murilofialho,2025-08-09 13:35:04.451238
nelsontaekwondoclub,2025-08-09 13:36:57.612318
alanbarretog,2025-08-09 13:38:53.309580
mig.tkd,2025-08-09 13:40:26.167585
_anna_julia,2025-08-09 13:42:12.869999
iam_.l4ura,2025-08-09 13:44:04.263294
guivbmotta,2025-08-09 13:45:37.623830
jeftedossantossilvano,2025-08-09 13:46:47.528851
liri._.honey,2025-08-09 13:48:09.842373
henry_grj,2025-08-09 13:49:21.464943
alan_bnu,2025-08-09 13:50:26.049042
leniinha.tkd,2025-08-09 13:51:43.345362
raul.rosendo_,2025-08-09 13:53:00.840074
antonymatheus,2025-08-09 13:54:58.766095
gisele.resendee,2025-08-09 13:56:18.886891
luuhqueiroz_8,2025-08-09 13:57:56.147876
ccastelhane,2025-08-09 13:59:56.690777
sahyure_,2025-08-09 14:01:35.308964
ze_afonso01,2025-08-09 14:03:02.645864
pierre__gama,2025-08-09 14:04:23.429355
madutiller,2025-08-09 14:05:28.368416
edionefabiola,2025-08-09 14:07:03.931037
verasray_,2025-08-09 14:08:36.428518
danieldias.11,2025-08-09 14:10:38.947703
arthur.gc.mello,2025-08-09 14:12:16.026725
mateuss_tkd,2025-08-09 14:13:25.120272
camposszs_,2025-08-09 14:15:16.237840
tati._.gomes,2025-08-09 14:16:47.585653
hard.7lagoas,2025-08-09 14:18:05.095951
japinhamatsu,2025-08-09 14:19:08.510205
lucasw.tkd,2025-08-09 14:20:36.885103
isabelafolhato,2025-08-09 14:21:59.647730
fariasxyl,2025-08-09 14:23:42.896280
eo_lipetkd,2025-08-09 14:24:59.623727
mario_toledo_junior,2025-08-09 14:26:40.435028
tkd_rafa.12,2025-08-09 14:28:35.045606
itz_lnxz.7,2025-08-09 14:30:17.666690
sari_nhac,2025-08-09 14:31:45.665607
lucas__tkd12,2025-08-09 14:33:19.508365
wemillynicolly288,2025-08-09 14:34:56.546589
ralph_delavega.chronosct,2025-08-09 14:36:23.167542
elaine_fernanda_oliveira,2025-08-09 14:38:22.657612
_sara_occhi_,2025-08-09 14:39:56.122192
tamirescostadaluz,2025-08-09 14:41:56.399765
treinadororlandodosanjos.tkd,2025-08-09 14:43:00.621874
_brunoisaquet,2025-08-09 14:44:42.315945
duduportotkd,2025-08-09 14:46:08.450363
bruninm.tkd,2025-08-09 14:47:14.018674
ml1msn,2025-08-09 14:48:59.873681
pietra.hadassa_tkd,2025-08-09 14:50:19.742243
scorpions_tkd,2025-08-09 14:51:40.015407
bruno_willtkd54,2025-08-09 14:53:28.154968
julia.helentkd,2025-08-09 14:54:45.074035
ewertontkd_,2025-08-09 14:56:15.257133
gabriell.tkd,2025-08-09 14:57:18.314
dragonvalent,2025-08-09 14:59:14.503783
davidjhonestkd,2025-08-09 15:01:14.499547
gui1cortes,2025-08-09 15:02:47.875664
_miidllz_,2025-08-09 15:04:28.308752
tkdunap,2025-08-09 15:05:52.355310
mariafranciscadsantos,2025-08-09 15:07:49.431834
kamifernandestkd,2025-08-09 15:09:18.312093
_pantera_pt2rtkd,2025-08-09 15:11:09.127850
alex_pessoaoficial_0,2025-08-09 15:12:27.250280
daiatkd,2025-08-09 15:14:25.511764
matheuss_.tkd,2025-08-09 15:16:16.574027
taekwondistas.rbvix,2025-08-09 15:17:45.989769
yasmin_batistaatleta,2025-08-09 15:18:51.932209
gabrieladiasmnes_,2025-08-09 15:20:20.656115
omar_tkd0,2025-08-09 15:22:23.203104
alissonbomfims,2025-08-09 15:24:13.233257
mestrepolonini,2025-08-09 15:25:55.876723
li.rof,2025-08-09 15:27:04.708564
gustavoantonytkd,2025-08-09 15:28:59.851850
lillian_souzatkd,2025-08-09 15:31:01.729651
_eujutoledo,2025-08-09 15:32:49.970934
akira.asctkd,2025-08-09 15:34:27.940596
pvd__barciaa,2025-08-09 15:36:15.446781
renan.gargiel,2025-08-09 15:37:49.321571
felipeantero_tkd,2025-08-09 15:39:38.348649
jessicaflima_,2025-08-09 15:41:14.852034
dearkayr_,2025-08-09 15:42:40.762190
iisha_tkd,2025-08-09 15:43:56.822182
rosestolato.tkd,2025-08-09 15:45:27.216849
hello_tkd,2025-08-09 15:46:31.526904
kenyhi_,2025-08-09 15:48:33.524519
elizangela1983campos,2025-08-09 15:50:19.056490
luizadufor,2025-08-09 15:52:06.269179
gabriel_conn21,2025-08-09 15:53:10.416861
jeanprbarros,2025-08-09 15:54:47.873397
vitormendonca._,2025-08-09 15:56:09.800934
dixxmachado_kl,2025-08-09 15:57:36.853099
__eck15,2025-08-09 15:59:31.641611
brian__tkd,2025-08-09 16:00:59.513787
andreza.criabad,2025-08-09 16:02:06.860477
matheus.vrr,2025-08-09 16:03:40.845468
tkd_natyx,2025-08-09 16:05:32.156084
filipihenri_tkd,2025-08-09 16:06:53.756117
alineostockler,2025-08-09 16:08:08.894475
tabatha_tkd,2025-08-09 16:09:31.381997
amadeu_simonal,2025-08-09 16:11:06.590362
luizneto_56,2025-08-09 16:13:06.225939
rogerialima,2025-08-11 12:27:19.707767
jbraganoinsta,2025-08-11 12:28:41.520452
jullycast_,2025-08-11 12:30:31.026070
adelianecamilo,2025-08-11 12:32:12.958227
rique.fael,2025-08-11 12:34:07.716265
crislgl,2025-08-11 12:35:32.232242
kellyccomp,2025-08-11 12:37:21.554436
nilssonneres,2025-08-11 12:39:09.414472
diana_lopess,2025-08-11 12:40:35.690588
cicerob.batista,2025-08-11 12:42:34.244612
hhalana,2025-08-11 12:44:36.065008
thamyrys_viveiros,2025-08-11 12:45:50.681291
anajuliaruizz,2025-08-11 12:46:54.240322
leocassoli,2025-08-11 12:48:24.592212
anamariarichardt,2025-08-11 12:49:31.872597
teacherrafa_math,2025-08-11 12:50:54.083046
anamizuno_,2025-08-11 12:52:11.033332
snwflakwch,2025-08-11 12:53:27.894029
juliamenezes.b,2025-08-11 12:54:35.564486
_clarinha_andrade._,2025-08-11 12:56:32.152285
dani209ela,2025-08-11 12:57:54.134319
dilvabueno,2025-08-11 12:59:20.619531
tetec._,2025-08-11 13:00:25.282307
jesicafernandad,2025-08-11 13:02:11.044182
beco_grill,2025-08-11 13:03:17.768870
jbraga1817,2025-08-11 13:04:43.947714
jeaninnelang,2025-08-11 13:06:02.509147
luiz_wx_46,2025-08-11 13:25:03.916108
fredsguarezi,2025-08-11 13:26:54.158688
edinafleao,2025-08-11 13:28:13.586833
marialuizaabubakir,2025-08-11 13:30:04.791578
bragarythowem,2025-08-11 13:31:45.799208
nat_freire_,2025-08-11 13:33:22.994463
dariborges,2025-08-11 13:34:40.577622
dorelibv,2025-08-11 13:36:10.308334
elizfelicio,2025-08-11 13:38:10.534690
igorpesco,2025-08-11 13:39:58.671411
tallinegomes,2025-08-11 13:41:28.967955
isabelamdc,2025-08-11 13:43:04.519136
crislanesilvamaria,2025-08-11 13:44:29.111335
rafaell_pc,2025-08-11 13:45:34.889021
marahmoraes11,2025-08-11 13:47:35.358976
flaviomariz,2025-08-11 13:49:32.394881
illanadesz,2025-08-11 13:51:08.421591
deysianepontes,2025-08-11 13:52:55.713224
keleslima,2025-08-11 13:54:26.530924
gigi1mr,2025-08-11 13:56:25.618173
pvd_cahzoca,2025-08-11 13:58:00.191475
lacerda2699,2025-08-11 13:59:39.331827
carolribzz,2025-08-11 14:01:19.417372
nagela.andrad,2025-08-11 14:02:21.643259
pvdl.ara1211,2025-08-11 14:04:02.567867
karambaa.rflaa,2025-08-11 14:05:54.118730
elianemoura25,2025-08-11 14:07:52.190943
manubossolani_,2025-08-11 14:09:29.616139
vilasboas.aline,2025-08-11 14:10:46.853508
mariaceciliamartins91,2025-08-11 14:12:25.223412
winysilva_,2025-08-11 14:13:38.800821
clarinhaburiche,2025-08-11 14:15:16.704091
karittaskaka,2025-08-11 15:24:33.314230
terezinhagomesdebarros,2025-08-11 15:26:21.450645
cristinaaizam,2025-08-11 15:27:45.921229
edu.a.rosa,2025-08-11 15:29:17.561630
joseliaprsouza,2025-08-11 15:31:00.724198
lennarodrigues13,2025-08-11 15:32:18.070397
silvasstefania,2025-08-11 15:33:48.851343
luibrasileiro,2025-08-11 15:35:23.237337
tamirescmr,2025-08-11 15:37:16.794651
eumarizetecardoso,2025-08-11 15:38:23.622477
phattyguerra,2025-08-11 15:39:32.821750
markosouza75,2025-08-11 15:40:50.395653
treinos3.0,2025-08-11 15:42:30.761915
rachelrezende128,2025-08-11 15:44:28.233272
felipeesilvaa____,2025-08-11 15:45:34.155684
hiegooliver,2025-08-11 15:46:53.949943
celc_lagoa_coord._pedagogica,2025-08-11 15:47:58.434475
escolaindigenatekator,2025-08-11 15:49:34.037308
weillateixeira,2025-08-11 15:51:29.642762
huberie,2025-08-11 15:52:33.748387
michelleolivii,2025-08-11 15:54:11.480414
cleber.ferreirag,2025-08-11 15:55:36.578746
gerlasouza20,2025-08-11 15:56:53.554505
renersouza_,2025-08-11 15:58:17.883084
fabiana.sousa.37853,2025-08-11 16:00:14.126685
leisileite,2025-08-11 16:01:32.864102
naylaneas,2025-08-11 16:02:40.997313
tiradentescolegioestadual,2025-08-11 16:03:55.166088
eti.sanchaferreira,2025-08-11 16:05:45.036306
fabricioapinage,2025-08-11 16:07:44.736071
britolorielymeneses,2025-08-11 16:09:10.697554
allana.p_,2025-08-11 16:11:02.660826
kline_reis,2025-08-11 16:12:08.657885
crismourass,2025-08-11 16:13:22.252881
cejdsredes,2025-08-11 16:14:58.575025
anny_medrado__,2025-08-11 16:16:35.178168
carlinhasalim,2025-08-11 16:18:24.372890
cemcastroalves.palmas,2025-08-11 16:19:50.364292
eufabio_almeida,2025-08-11 16:21:02.699411
chiquinhar,2025-08-11 16:22:46.289512
rozilenegomess,2025-08-11 16:24:29.876799
sahanyctocchio,2025-08-11 16:25:39.580071
analuiza_sd,2025-08-11 16:27:13.736922
cantordouglasalvesofc,2025-08-11 16:29:03.642542
naninhadamasceno3640,2025-08-11 16:30:21.632853
euh_keylaxz,2025-08-11 16:31:57.111498
guil_cardoso15,2025-08-11 16:33:40.344241
vagasdeempregoparaiso,2025-08-11 16:35:28.391992
eucrulz,2025-08-11 16:37:12.884052
tarsobass,2025-08-11 16:39:14.617925
claudia15151,2025-08-11 16:41:05.568722
raydan1035,2025-08-11 16:42:53.619550
lucilia.fialho,2025-08-11 16:44:04.369658
raimunda.coelhoaguiar,2025-08-11 16:45:36.317644
zeroildes,2025-08-11 16:47:07.592532
dregurupi,2025-08-11 16:48:31.959537
gessy.rss,2025-08-11 16:50:06.495463
hysther_miranda,2025-08-11 16:51:31.677989
fabiopereiravaz,2025-08-11 16:53:11.484889
iza_rdavi,2025-08-11 16:54:22.891835
luzk27oliveira,2025-08-11 16:56:00.075455
idenis_nunes,2025-08-11 16:57:49.411016
sarah_vytorya,2025-08-11 16:59:49.641707
xipayakenned,2025-08-11 17:01:32.957146
anderson___mx,2025-08-11 17:02:51.295494
sreportonacional,2025-08-11 17:04:22.178471
janeide_cavalcante,2025-08-11 17:05:47.934990
samuel_barbosaa_,2025-08-11 23:25:50.911438
r.goiano_,2025-08-11 23:27:53.137907
tatymsa,2025-08-11 23:29:06.725074
deuzelinachagas,2025-08-11 23:31:02.610608
douglas_a_m,2025-08-11 23:33:04.408967
thesammuk,2025-08-11 23:34:21.925627
dienyborgescoelho,2025-08-11 23:36:12.944159
sophiasousatoc,2025-08-11 23:37:20.087672
_marialuisaamaral,2025-08-11 23:38:33.454413
nylzapinheiro,2025-08-11 23:40:15.225720
_el1in,2025-08-11 23:42:12.018281
dom.scardoso,2025-08-11 23:43:27.699017
joillma_abreu,2025-08-11 23:45:22.379772
sretocantinopolisoficial,2025-08-11 23:46:55.030635
gremio.estudantil_cebs,2025-08-11 23:48:50.881689
sre.paraiso,2025-08-11 23:50:13.208710
soniamirandapalmas,2025-08-11 23:51:16.388552
julianacosta9657,2025-08-11 23:52:51.880053
prof_mateus27,2025-08-11 23:54:39.795312
marilene.miranda.16,2025-08-11 23:56:07.953098
wytallo.gabriel.rf,2025-08-11 23:57:14.579351
julya_.lopes,2025-08-11 23:58:21.019990
karoldeoliveira,2025-08-11 23:59:53.278673
rhosellyxavier,2025-08-12 00:01:33.091493
amandaduvale,2025-08-12 00:03:17.536438
prof.micheletomaz,2025-08-12 00:04:59.136882
solbrandaolayla,2025-08-12 00:06:34.661535
prof2160marciaribeiro,2025-08-12 00:07:42.459148
shamarashteffany,2025-08-12 00:09:29.908325
rosilene.2021,2025-08-12 00:11:05.122280
fenelonzinha,2025-08-12 00:12:46.723738
pse.to,2025-08-12 00:14:08.668743
keziaandrade404,2025-08-12 00:16:00.433729
karolblobo,2025-08-12 00:17:37.039714
claudinha_px,2025-08-12 00:19:03.696542
aquila_natan,2025-08-12 00:20:30.748473
rute_ferreiracosta,2025-08-12 00:22:25.128712
luh07.trancista,2025-08-12 00:24:05.165367
brian_otk_,2025-08-12 00:25:44.236878
mirandamauriciomiranda,2025-08-12 00:27:28.688091
fa_de_messi_10k________,2025-08-12 00:29:06.901236
ww.silvaa,2025-08-12 00:30:31.586169
samuka__kuri__off__19,2025-08-12 00:31:41.118969
epla72.01_,2025-08-12 00:33:33.371355
lopstm,2025-08-12 00:34:59.750635
rodrigo_bandeira.28,2025-08-12 00:36:11.194123
psigustavobatista,2025-08-12 00:37:45.199400
ari.almeida1932,2025-08-12 00:38:49.793522
bethanialimaaguiar,2025-08-12 00:40:37.469368
carloshenriquefb_,2025-08-12 00:41:44.660710
creusenypereira,2025-08-12 00:43:30.243500
deusimardasilvaribeiro,2025-08-12 00:45:14.249974
stefaniac.soares,2025-08-12 00:46:18.866531
marimaroja,2025-08-12 00:47:39.973367
rodriguesvaldiana,2025-08-12 00:49:02.420357
benealmeida1405,2025-08-12 00:50:41.802745
joana_fernandez27,2025-08-12 00:51:48.702163
kauaneews,2025-08-12 00:53:16.969698
rafaelalvespmw,2025-08-12 00:55:05.711152
windyamaral,2025-08-12 00:57:07.353420
pauloamorim.1986,2025-08-12 00:58:45.298522
manzinijr,2025-08-12 01:00:34.525129
fortalezasuely,2025-08-12 01:02:20.793690
luzineidemuniz,2025-08-12 01:03:46.266850
silvawand_,2025-08-12 01:05:44.994832
artecomlinhasbrasil,2025-08-12 01:06:51.146009
alicy.rs,2025-08-12 01:08:03.847393
_._.susuu._._,2025-08-12 01:09:07.400108
layanne_aldeam,2025-08-12 01:10:33.412996
_analaraaz,2025-08-12 01:12:34.511021
_.gotinhaa00,2025-08-12 01:13:55.714511
ceasc2020,2025-08-12 01:15:16.202284
nilza_39maria,2025-08-12 01:16:42.986489
tianaldao,2025-08-12 01:17:50.039909
koribetxiiny,2025-08-12 01:19:49.496750
studymed.k,2025-08-12 01:21:19.576325
renatosikrbowedamata,2025-08-12 01:22:33.959138
suikre_xerente,2025-08-12 01:24:09.707509
vittor_srocha,2025-08-12 01:25:42.847135
tony.libras,2025-08-12 01:27:07.502284
ivlais,2025-08-12 01:28:43.086110
sol_militar,2025-08-12 01:30:41.326698
_mariazinha_63,2025-08-12 01:32:08.339426
euneide.costa,2025-08-12 01:34:04.793360
eebrejao_campo,2025-08-12 01:35:43.502721
kayo_17__,2025-08-12 01:36:58.867096
addquirino,2025-08-12 01:38:08.967364
_oliveirantz.cris,2025-08-12 01:39:49.651864
guii__soares,2025-08-12 01:41:35.122405
josegama.oficial,2025-08-12 01:42:54.691309
pvd_valteirzin_08,2025-08-12 01:44:32.699323
adiel_jose17,2025-08-12 01:45:36.483308
kellylimasa,2025-08-12 01:46:42.726702
bibliothecabrasil,2025-08-12 01:48:10.739159
wanessa0312,2025-08-12 01:49:51.475730
ritaianebrito,2025-08-12 01:51:03.379750
escola_florestaoficial,2025-08-12 01:52:43.559769
angrarochanoleto,2025-08-12 01:54:00.487932
marciabrasileiro_,2025-08-12 01:55:45.663259
curiosidades.math,2025-08-12 01:57:10.352571
profwand_dias,2025-08-12 01:58:59.949178
anavitoriaa_141,2025-08-12 02:00:27.968155
filofrancos,2025-08-12 02:01:37.758746
ketlly.ray,2025-08-12 02:03:07.813656
camarada.angelo,2025-08-12 02:05:00.816368
daisywichester,2025-08-12 02:06:33.694132
maria.sants03,2025-08-12 02:08:10.742871
ellensharlise,2025-08-12 02:09:48.193271
eldinaviana,2025-08-12 02:11:42.359728
polly_ferrer,2025-08-12 02:13:29.357411
kelmajustino,2025-08-12 02:14:39.397857
felipealexcosmo,2025-08-12 02:15:42.647681
celogomesb,2025-08-12 02:16:58.663414
thatha_moreira38,2025-08-12 02:18:13.285790
mg.dutra,2025-08-12 02:19:57.242451
larisribeiro82,2025-08-12 02:21:04.147522
raquel.ellen20777,2025-08-12 02:22:15.027190
sabrinakayra,2025-08-12 02:23:57.339378
annandabraga,2025-08-12 02:25:39.787385
pedroj_63,2025-08-12 02:26:59.248776
jackelinefigueredo81,2025-08-12 02:28:02.283712
nadiahb75,2025-08-12 02:29:58.345977
barbaracfvasconcelos,2025-08-12 02:31:58.369948
davidjunior.quirino,2025-08-12 02:33:19.292501
becvns,2025-08-12 02:34:40.373184
janinedacostasilva,2025-08-12 02:36:25.159569
profgrazy0907,2025-08-12 02:38:19.844840
karolin_e03,2025-08-12 02:39:31.628446
eudinapereirada,2025-08-12 02:41:00.286621
anapaulaferreiraalvesma,2025-08-12 02:42:29.329073
fernando.soares03,2025-08-12 02:43:41.808158
samira_pslima,2025-08-12 02:45:43.110974
etigetuliovargas,2025-08-12 02:47:02.904974
geo_jm,2025-08-12 02:48:24.066779
escolaprofeliz,2025-08-12 02:49:32.876015
julianacavalcante.oliv,2025-08-12 02:51:22.684627
paulohenrique_066,2025-08-12 02:53:11.584252
ronald.pelis,2025-08-12 02:54:21.902683
fortalezadosguardioes,2025-08-12 02:55:24.904509
jmsantos277,2025-08-12 02:56:58.748739
flavioodmngs,2025-08-12 02:58:05.168690
lety_0321,2025-08-12 02:59:21.471697
barbosaandersonmaximo,2025-08-12 03:00:33.427054
coronelabilio,2025-08-12 03:01:55.443460
drika_macedo02,2025-08-12 03:03:32.328307
jucarvalhocamelo,2025-08-12 03:05:11.229838
queridocriativo,2025-08-12 03:06:41.517916
gabrielbrito2.0,2025-08-12 03:08:24.327155
guigandara,2025-08-12 03:10:04.949307
denilson_dsilva,2025-08-12 03:11:54.730628
iamjohnlucaspf,2025-08-12 03:13:11.341407
ccmpedroafonso,2025-08-12 03:15:13.096684
simone.azevedodossantos,2025-08-12 03:16:53.255485
escola.jpc,2025-08-12 03:18:36.142100
mara__regis,2025-08-12 03:20:34.224802
lukascomk_,2025-08-12 03:22:05.697200
raffynha_cr,2025-08-12 03:23:40.318541
gabz_brasil,2025-08-12 03:24:45.112680
josielecampus,2025-08-12 03:26:37.860329
_lumaqueiroz,2025-08-12 03:28:29.277240
vebolzan,2025-08-12 03:29:58.901102
_kelson17zz,2025-08-12 03:31:33.298971
odanielnoronha,2025-08-12 03:33:28.118124
gfelixroch,2025-08-12 03:34:57.228694
omundodeelo,2025-08-12 03:36:51.117478
mellkarocha,2025-08-12 03:38:40.759880
osairmartins,2025-08-12 03:39:49.019432
mendesjosineide,2025-08-12 03:41:40.524832
prof_edilsontagua,2025-08-12 03:43:05.325447
tais.bogo,2025-08-12 03:44:22.188936
divinatabocao,2025-08-12 03:46:07.731148
colegioestadualantenor,2025-08-12 03:47:55.822981
a_manda_gomes,2025-08-12 03:49:08.090259
leyllaaires,2025-08-12 03:50:59.837650
lucelia_araujo_,2025-08-12 03:52:41.809090
rezende.xz,2025-08-12 03:53:57.945339
elisonianeres,2025-08-12 03:55:45.157198
leberlese,2025-08-12 03:57:15.843653
elenicerezendecasemiro,2025-08-12 03:59:04.746286
anarosaapinage,2025-08-12 04:00:50.123824
marizeliaadr,2025-08-12 04:02:39.383345
gladstone_gadim,2025-08-12 04:04:17.623069
joaovitor0566,2025-08-12 04:05:45.278046
juliana.pmacedo,2025-08-12 04:06:47.922182
kerolyroque.arq,2025-08-12 04:08:40.144268
debora.aguiar.56829,2025-08-12 04:10:17.155492
marciogoncalves,2025-08-12 04:12:03.217957
auriceliavila.nova,2025-08-12 04:13:43.094844
prof.diogenesvale,2025-08-12 04:15:21.947161
menino_indiao_09,2025-08-12 04:17:10.502520
regianealmeida2021,2025-08-12 04:19:04.808466
monica.anjos.14,2025-08-12 04:20:10.977666
_maria.luizaa06,2025-08-12 04:22:09.060950
leuranice,2025-08-12 04:23:43.665804
herique_063,2025-08-12 04:24:53.085746
leticiacarvalhodossantos,2025-08-12 04:25:58.428829
pereiraalex_ofc,2025-08-12 04:27:22.648415
camila_rodriguescb,2025-08-12 04:28:50.888804
damaceno.dalva,2025-08-12 04:30:51.266014
e.e.sagradocoracaodejesus_,2025-08-12 04:32:02.282821
leozin_dograu.46,2025-08-12 04:33:56.439061
reisdotaekwondo,2025-08-12 04:35:08.584301
eujaque._,2025-08-12 04:36:56.137216
marllonxz._,2025-08-12 04:38:17.244590
si_mone5666,2025-08-12 04:39:52.949446
donzin_sx,2025-08-12 04:41:32.539101
danilocostatreinador,2025-08-12 04:42:59.674322
paulolucena.xam,2025-08-12 04:44:05.211119
gremioestudantilcemrj,2025-08-12 04:45:16.989477
letrus__,2025-08-12 04:46:23.375189
perlas.produtora,2025-08-12 04:47:43.930805
bslavinas.angelica,2025-08-12 04:49:01.497543
leal_lucas1,2025-08-12 04:50:23.998439
senhorita_valdenia,2025-08-12 04:52:25.399384
ogla_apinaje,2025-08-12 04:53:31.344685
eloisaaguiar9,2025-08-12 04:55:15.236936
sollasant_,2025-08-12 04:57:11.557121
clarinhaa.oc,2025-08-12 04:58:14.788350
diego_renan010,2025-08-12 04:59:45.058022
sc_aanna,2025-08-12 05:01:33.955507
gabrielagajo,2025-08-12 05:02:39.650721
orleancarvalho2024,2025-08-12 05:04:07.646813
bruno_r_nunes,2025-08-12 05:05:34.113712
ana_karollzinha,2025-08-12 05:07:32.498165
sre.palmas,2025-08-12 05:08:54.384445
glacione16jr,2025-08-12 05:10:14.310532
raylene_moura27,2025-08-12 05:11:55.259089
gerliavanderlei9,2025-08-12 05:13:34.903475
ana19mariacoelho,2025-08-12 05:15:13.143655
soualinegomes,2025-08-12 05:16:31.514639
cti_manoeldossantosrosal,2025-08-12 05:17:52.091359
celianamorais,2025-08-12 05:18:59.621813
prof.germana,2025-08-12 05:20:06.622522
vavamrf,2025-08-12 05:22:05.417708
esterrbarroso,2025-08-12 05:23:36.154194
ste.elar,2025-08-12 05:24:55.833594
jmartinssx._,2025-08-12 05:26:52.223966
edinhotocantins,2025-08-12 05:28:50.944129
ana_cecisant,2025-08-12 05:30:44.591281
marcustadeu123,2025-08-12 05:32:05.584608
janayynnasilva,2025-08-12 05:33:14.572297
djn.ferreira,2025-08-12 05:34:27.986460
joaniraalmeida,2025-08-12 05:35:48.743521
thaylasamara17,2025-08-12 05:37:16.856179
talissoniure95,2025-08-12 05:38:53.698856
eubrunacamelo_,2025-08-12 05:40:43.340625
vanessaedsousa,2025-08-12 05:42:24.569078
araildesalmeida,2025-08-12 05:44:14.951473
passaro0998,2025-08-12 05:46:07.168619
danileitee,2025-08-12 05:47:48.654490
cmtost_miracema,2025-08-12 05:49:07.304518
edersngmz,2025-08-12 05:51:00.667280
alinebessah,2025-08-12 05:52:26.225120
barroslidiane3,2025-08-12 05:53:28.895626
augusta.aires,2025-08-12 05:55:26.803310
miqueias_arcesar,2025-08-12 05:57:15.937026
laisa_ramos05,2025-08-12 05:58:33.452114
jaildanvl,2025-08-12 06:00:24.008894
vania.mauricio.31,2025-08-12 06:01:45.179363
leandrolariwana,2025-08-12 06:03:37.138730
denysero0drigues,2025-08-12 06:05:22.289327
tereza_sabara,2025-08-12 06:06:40.104422
clebeixydeo,2025-08-12 06:07:55.173001
mariaelizalana,2025-08-12 06:09:51.685384
me_ssi_iny_10,2025-08-12 06:11:46.551275
nati_aparecida_,2025-08-12 06:13:30.318297
biiancasuzz,2025-08-12 06:15:27.179034
_railma.alves,2025-08-12 06:16:45.202314
vinicius_santosoff,2025-08-12 06:18:05.219528
s_.coelho,2025-08-12 06:19:15.403705
sandydealmeida6,2025-08-12 06:21:10.124698
laenyo_s,2025-08-12 06:22:48.617209
ah.manuxz,2025-08-12 06:24:44.210453
lillianneplc,2025-08-12 06:26:30.415379
kemiilly_04,2025-08-12 06:27:55.724810
tereza.cavalcante.1460,2025-08-12 06:29:15.964169
odiariodaatracao,2025-08-12 06:30:50.781058
rai_ferreirasantos,2025-08-12 06:32:23.493627
o_joaopr,2025-08-12 06:33:52.842687
mariaclara.carta,2025-08-12 06:35:11.977269
rosa_tavares.15,2025-08-12 06:36:36.375673
avilla_fragoso_12,2025-08-12 06:38:04.022411
sousasilveira,2025-08-12 06:40:07.223532
raquelferreira.ferreira.1676,2025-08-12 06:41:40.702031
wevillyn_matias,2025-08-12 06:43:25.765144
kauamr_07,2025-08-12 06:44:45.514207
yasmiiiim__1,2025-08-12 06:46:35.349112
ozaniapinto,2025-08-12 06:48:08.175709
cidadedeitapora,2025-08-12 06:49:31.520703
helena.souza.3538039,2025-08-12 06:50:55.265531
lilianfernandes84,2025-08-12 06:52:12.797933
leticiap__s,2025-08-12 06:54:02.942763
julioapinaj,2025-08-12 06:55:59.109725
escolaindigena19deabril,2025-08-12 06:57:41.024916
dayennealencar,2025-08-12 06:59:36.789947
adiliosabino,2025-08-12 07:01:04.779067
ei_marvin,2025-08-12 07:02:19.415130
cemarizinho,2025-08-12 07:04:00.705053
francynee_paulino,2025-08-12 07:05:42.206369
anaclarapereira6530,2025-08-12 07:07:18.622
acarole.__,2025-08-12 07:08:43.648397
_hellen_moraes_,2025-08-12 07:10:33.814101
_augusto_coimbra,2025-08-12 07:12:00.762825
pereiralida,2025-08-12 07:13:52.870190
wilson_ef_sanches,2025-08-12 07:15:50.415644
profanselmom81,2025-08-12 07:17:46.277941
jeancahis,2025-08-12 07:18:58.964913
junildemoraesde,2025-08-12 07:20:33.701811
f_thaylla.16,2025-08-12 07:21:56.367730
ccm_mariadosreis,2025-08-12 07:23:10.077056
amnhakapinaye,2025-08-12 07:24:28.150867
rosysaterapeuta,2025-08-12 07:26:08.640917
silvaniabarbosa_05,2025-08-12 07:27:25.713596
odete_silva06,2025-08-12 07:28:48.155012
mykael.m_63,2025-08-12 07:30:13.577949
pretinha.bora,2025-08-12 07:31:49.333164
mylennasilvas2,2025-08-12 07:33:02.042573
sintego_porangatu,2025-08-12 07:35:01.999754
dx_danypereira,2025-08-12 07:36:45.125501
fernandasillv_1,2025-08-12 07:38:05.849622
to_crisostomo_063,2025-08-12 07:39:17.439926
nelson.direito,2025-08-12 07:40:44.396157
vanesa_abreu12,2025-08-12 07:42:26.272464
_ttaylla_,2025-08-12 07:44:14.613755
pamplona_hg,2025-08-12 07:46:08.907758
dekassialeila,2025-08-12 07:47:56.171902
victor_hugo_rodrigues063,2025-08-12 07:49:32.476603
_anajuliaasilva_,2025-08-12 07:50:43.279689
kauabruss,2025-08-12 07:52:25.754700
fiscais_ccmto,2025-08-12 07:54:05.955778
ascom.ccmvilauniao,2025-08-12 07:55:13.095616
lzaro96,2025-08-12 07:56:29.107008
alinegurupi,2025-08-12 07:58:03.116811
jannenunes,2025-08-12 07:59:48.246379
nilzalencar,2025-08-12 08:01:36.575093
vereador.profwelice,2025-08-12 08:02:52.519341
bonilha.luana,2025-08-12 08:04:27.109268
jacelinefffreitas,2025-08-12 08:05:34.792562
guilherme_rodrigues0104,2025-08-12 08:07:25.769754
nilcegama,2025-08-12 08:08:46.526799
by_anapaula,2025-08-12 08:10:13.001691
eddu_cruz,2025-08-12 08:12:09.947433
marcioneri12,2025-08-12 08:14:01.037282
cintia.meireles.92,2025-08-12 08:16:00.136871
semedbrejinho,2025-08-12 08:17:31.476474
pedrolares9,2025-08-12 08:19:03.255341
wevellynfaro_,2025-08-12 08:20:13.287112
costavitoriacastro,2025-08-12 08:21:31.062598
byankarlasantos,2025-08-12 08:23:05.401159
annin_ha011,2025-08-12 08:25:00.093721
jmessias.tkd,2025-08-12 08:26:49.697202
danieladasilvatr,2025-08-12 08:28:07.864803
parana_063,2025-08-12 08:29:49.356821
severino6699,2025-08-12 08:31:07.702756
elenitavaladares,2025-08-12 08:33:02.866809
andreia.kks,2025-08-12 08:35:01.937783
prof.mariafrancisca_bio,2025-08-12 08:36:49.055273
locfestkelzitha,2025-08-12 08:37:54.628245
antoniocarlospakalolo,2025-08-12 08:39:23.867862
xx._.aninhx,2025-08-12 08:40:50.253977
premie.rmarketing,2025-08-12 08:42:11.366521
junior_xlz7,2025-08-12 08:43:14.131509
srewexerente,2025-08-12 08:44:36.018194
lindemberg.codex,2025-08-12 08:45:55.439123
gercilasantos,2025-08-12 08:47:09.858384
bhrunnor,2025-08-12 08:49:10.120880
joaquinaferreirade,2025-08-12 08:50:55.389932
pmarinho.s,2025-08-12 08:52:54.101568
luziane_santhus,2025-08-12 08:54:30.820317
tec.seguranca_do_trabalho,2025-08-12 08:55:45.987056
nataliafranciscadematos,2025-08-12 08:57:44.463393
ariadnakgomes,2025-08-12 08:58:58.186168
kimberlytatiara,2025-08-12 09:00:01.707771
wellington.viana.07,2025-08-12 09:01:54.857639
orcidaliafeitosa,2025-08-12 09:03:21.558868
rayza_bevenuto,2025-08-12 09:04:53.318922
juandernunes_a,2025-08-12 09:06:35.194801
ribeiroramilson,2025-08-12 09:08:36.577881
pablo_jt7,2025-08-12 09:10:06.441682
mariasantos_934,2025-08-12 09:11:45.434932
marxz.dzh.16,2025-08-12 09:13:21.313100
buenodaniella,2025-08-12 09:14:38.507498
pasmoessencial,2025-08-12 09:15:45.134982
angel13rose,2025-08-12 09:17:13.500240
geisaalcantara,2025-08-12 09:18:48.340520
_mayarasucupira,2025-08-12 09:20:11.461597
illyriajane,2025-08-12 09:21:44.913314
thyago_b4rr0s,2025-08-12 09:23:11.378398
bianca.s_almeida,2025-08-12 09:25:05.562378
rafaelamendez29,2025-08-12 09:26:37.501249
luh.r.tranqueira,2025-08-12 09:28:25.473068
thb_dias,2025-08-12 09:30:04.748340
fessorajoelma,2025-08-12 09:31:18.111482
irenehistoria42,2025-08-12 09:32:45.821408
carlos.ribeirodossantos.9,2025-08-12 09:34:47.463392
leilianaxaviersocial,2025-08-12 09:36:37.545395
luizhenriquedos463,2025-08-12 09:38:14.741954
valdesialima2024,2025-08-12 09:39:50.880856
_mni_hana_,2025-08-12 09:40:55.693373
arlenes_spada,2025-08-12 09:42:20.801358
joao.jvsc,2025-08-12 09:43:56.003758
aryel06_x,2025-08-12 09:45:10.166173
mpmarmoresgranitosltda,2025-08-12 09:46:51.029611
colegio_dom_alano,2025-08-12 09:48:32.216580
amanda_novaiiss,2025-08-12 09:49:49.649186
luiz.zambi,2025-08-12 09:51:14.947847
thamaracss,2025-08-12 09:53:06.381572
lucimaria_as,2025-08-12 09:54:41.571289
fx_nobru_iny_04,2025-08-12 09:56:23.765067
avs.anakarol,2025-08-12 09:57:54.790671
rebeccaquixabeira,2025-08-12 09:59:42.057052
kaua.szxx,2025-08-12 10:01:28.733730
gustavoy_fs,2025-08-12 10:02:32.339760
jorgewilliam_01,2025-08-12 10:04:01.957276
luna.diasds,2025-08-12 10:05:28.409921
paulofranka,2025-08-12 10:06:41.088032
prefeituradivinopolisto,2025-08-12 10:08:39.553330
edivansmendes,2025-08-12 10:09:50.519524
vilanova_paula,2025-08-12 10:11:09.156738
luscass063,2025-08-12 10:12:35.869676
ismaelmarinho_06,2025-08-12 10:13:57.812395
valp.ires,2025-08-12 10:15:35.653928
cantodasartes.orgto,2025-08-12 10:16:58.464833
glauciene.oliveira.3,2025-08-12 13:16:06.592042
o_comendador_gustavo_borges,2025-08-12 13:18:09.119926
lhluizmartins,2025-08-12 13:19:22.770543
felipe.zombie,2025-08-12 13:20:55.714305
_vianna_vi,2025-08-12 13:21:58.765969
marelizarodrigues,2025-08-12 13:23:38.849478
s.antoshy_,2025-08-12 13:25:10.105498
_carlos_062___,2025-08-12 13:26:32.142282
nutcamillapires,2025-08-12 13:27:50.847066
vitormzsousa,2025-08-12 13:29:09.757908
alicebsj0108,2025-08-12 13:30:58.543135
lanalineraio,2025-08-12 13:32:56.579778
nuredi_seduc,2025-08-12 13:34:53.338967
aninha2019_l,2025-08-12 13:36:32.601139
jose.cunha__,2025-08-12 13:37:59.411011
hellencampos__,2025-08-12 13:39:24.291654
antoniarosario867,2025-08-12 13:41:20.984380
https__santox__,2025-08-12 13:42:31.031284
rupertadv,2025-08-12 13:43:33.675247
ka.yun0109,2025-08-12 13:45:23.458989
wendelvuv,2025-08-12 13:46:36.105407
cesms_,2025-08-12 13:47:55.148211
maluxz__silvxw,2025-08-12 13:49:22.670463
obedio_farias_62,2025-08-12 13:51:09.453168
mariaabadiaalvesrabelo,2025-08-12 13:52:35.616537
kledoca,2025-08-12 13:54:18.314416
maj.cunha,2025-08-12 13:56:07.745695
daniell_hutim,2025-08-12 13:57:40.945857
taissaramalho,2025-08-12 13:58:49.882130
emilioalves44,2025-08-12 14:00:18.405897
sandraamorim40,2025-08-12 14:02:15.438876
wellingtowwn,2025-08-12 14:03:20.501594
marcilene__vilela,2025-08-12 14:04:34.228137
millene.stefanne,2025-08-12 14:05:48.270944
mariabsp__,2025-08-12 14:06:54.717615
keila.regina77,2025-08-12 14:08:14.346684
ruirochagomes20,2025-08-12 14:10:09.737290
_cris.souza,2025-08-12 14:11:46.382816
paulosergiosilvaprofessor,2025-08-12 14:13:40.132339
andressagsaad,2025-08-12 14:14:54.500216
tutoria.seducgo,2025-08-12 14:16:09.845464
gleibernascimento,2025-08-12 14:17:46.134671
vinapradop,2025-08-12 14:19:38.540575
diovannaoficial,2025-08-12 14:20:51.627036
yasmin_21anos_,2025-08-12 14:22:34.806513
deboras_almeida,2025-08-12 14:24:32.517589
franflordelotus7000,2025-08-12 14:26:15.621225
eularissa_14042024,2025-08-12 14:28:16.328675
antonialuzalva,2025-08-12 14:30:06.140317
dossantosdenubia,2025-08-12 14:31:08.690557
emanuela_araujo290,2025-08-12 14:32:35.972021
anapaula6448,2025-08-12 14:34:01.073822
ludimilaferpaula,2025-08-12 14:35:08.199258
regialaranjeiras,2025-08-12 14:36:59.552628
marconibranquinho,2025-08-12 14:38:21.069455
muniz_frederico,2025-08-12 14:39:53.167356
jotapebio,2025-08-12 14:41:51.317098
christianepsmoraes,2025-08-12 14:43:41.920271
jp.coliveira,2025-08-12 14:45:11.029489
geraldoejunior,2025-08-12 14:46:51.545369
paulo.amf,2025-08-12 14:48:44.727832
______usuario.do.i__nstagram__,2025-08-12 14:49:48.628258
f.soutoluciana,2025-08-12 14:51:27.529461
w.w_beta_,2025-08-12 14:52:49.373033
adrianapastanasilva,2025-08-12 14:54:18.004817
michelleschmitz335,2025-08-12 14:55:32.633654
jocielmasantos4,2025-08-12 14:57:02.442226
ezequiel_wzyx,2025-08-12 14:58:08.139194
cepimanoelvicenterosa,2025-08-12 14:59:23.127418
jadirafaela5,2025-08-12 15:00:39.965133
sonia_e_eurides,2025-08-12 15:02:05.247627
hely.maia,2025-08-12 15:03:27.089714
rodrigocamposgyn,2025-08-12 15:04:56.320617
atelie_anapaula_leao,2025-08-12 15:06:48.472460
domingosmilsom,2025-08-12 15:08:20.976296
morais_.rian,2025-08-12 15:10:00.381498
vivi.botelhorv,2025-08-12 15:11:30.482884
jasmingoiis_,2025-08-12 15:13:08.814496
pauloricardo.alves.7165,2025-08-12 15:14:31.315364
fredsodre,2025-08-12 15:15:42.871670
marallidealmeida,2025-08-12 15:16:58.381227
cemvs.oficial,2025-08-12 15:18:55.160414
joaodaviniquees,2025-08-12 15:20:55.889221
mariadioniziadiasrodrigues,2025-08-12 15:22:11.506253
goncalvesdeoliveiramoema,2025-08-12 15:23:14.010039
alicerdanlucenamacedo,2025-08-12 15:24:34.172519
jurema.diluz,2025-08-12 15:25:48.386624
angraar,2025-08-12 15:27:28.540334
lucianapiresarantes2018,2025-08-12 15:29:26.743044
tiago.flecha.10,2025-08-12 15:30:49.413002
cordeirorailda,2025-08-12 15:32:32.075310
laylamiranda583,2025-08-12 15:34:16.881039
liri_queiroz,2025-08-12 15:36:08.848712
ozeiasmirandaoriginal,2025-08-12 15:37:18.671111
sfernandomachado,2025-08-12 15:39:16.603516
adrianoqueiroz27,2025-08-12 15:40:33.877813
profnaianearaujo,2025-08-12 15:41:50.154941
bernardino_teus11,2025-08-12 15:43:34.567241
cecilia_garcia_808,2025-08-12 15:44:51.559573
hwang_geo_sooji,2025-08-12 15:46:29.156424
prof.pablosouza,2025-08-12 15:47:55.131750
keliane_oliveira0.0,2025-08-12 15:49:54.719479
pedrin_.n,2025-08-12 15:51:35.526250
fernanda.cecilia.10,2025-08-12 15:52:46.241124
profkellycristina,2025-08-12 15:54:09.062040
eurides_edvando,2025-08-12 15:56:04.925788
_ribeirozs._,2025-08-12 15:57:37.025044
vilmardebastos,2025-08-12 15:59:31.791969
sirlei.rodrigues.925,2025-08-12 16:01:30.521523
sandraluzfreitas,2025-08-12 16:03:16.547712
sirleidealvess1,2025-08-12 16:04:56.421248
elenirodriguesde,2025-08-12 16:06:51.834814
rogerniger,2025-08-12 16:08:07.315612
hugolleles,2025-08-12 16:09:32.762064
alessandradefatima18,2025-08-12 16:11:01.984359
jorges_diva,2025-08-12 16:12:27.915334
yasmymkc5,2025-08-12 16:13:59.606299
lourdes.neres,2025-08-12 16:15:50.290052
prof.alanancy,2025-08-12 16:17:51.002043
brunomcorreia,2025-08-12 16:19:50.857881
gvitoria_barcelos_,2025-08-12 16:21:29.539117
laryssapsicologa,2025-08-12 16:23:21.271714
alexandrarita1,2025-08-12 16:25:10.953923
flaviofzr,2025-08-12 16:27:05.059772
pretadoramy,2025-08-12 16:28:07.956911
projeto_de_incentivo_a_lecto_,2025-08-12 16:29:50.004026
franomc,2025-08-12 16:30:52.519321
prof.carloscesarhiga,2025-08-12 16:33:06.074291
nilva.neres,2025-08-12 16:34:11.600761
emerson.psicopedagogo,2025-08-12 16:36:11.825506
sueidmendonca,2025-08-12 16:37:47.157160
danielle.guimaraes1,2025-08-12 16:39:28.054782
marciaburjack,2025-08-12 16:41:07.807663
yasmim_yfs,2025-08-12 16:42:35.145199
liliane_cepi_joseluciano,2025-08-12 16:44:29.893784
vitoria_ro15,2025-08-12 16:46:05.608223
xy_hendrya,2025-08-12 16:48:06.525516
alzira_brito__,2025-08-12 16:49:56.412695
margareth.costa.7583,2025-08-12 16:51:57.771198
merendagyn,2025-08-12 16:53:32.915600
vanessaregina.barbosa,2025-08-12 16:55:01.374608
edimarfss,2025-08-12 16:56:38.713615
renatasimoesaraujo,2025-08-12 16:57:55.670067
dinalvacantallops.cantallops,2025-08-12 16:59:39.815675
vanuza.leite.10,2025-08-12 17:01:39.251044
prof_nayraguedes,2025-08-12 17:02:57.821996
jes_sicallima,2025-08-12 17:04:37.669814
simonymattos.1,2025-08-12 17:06:22.250826
cre_ceres,2025-08-12 17:07:41.136552
isaribeirosp,2025-08-12 17:08:47.450340
jhulyfns,2025-08-12 17:10:15.480440
biologo.valdivino,2025-08-12 17:11:36.650666
maciel_.amanda,2025-08-12 17:12:42.912628
goias_eseusencantos,2025-08-12 17:14:06.613398
walkyriaromano,2025-08-12 17:15:57.180647
estudanteatitudecesanam,2025-08-12 17:17:23.724189
cepi_padre_trindade,2025-08-12 17:19:03.492463
lorenconijefferson,2025-08-12 17:20:58.763844
jpgarcia100,2025-08-12 17:22:47.813247
kelly_manso_supervisora,2025-08-12 17:23:59.880313
mariajrmohn,2025-08-12 19:47:04.224150
oficialfernandoalves,2025-08-12 19:48:46.967885
marilymariano,2025-08-12 19:49:51.592471
bel_albuquerques,2025-08-12 19:51:07.361416
androsrb,2025-08-12 19:52:25.517249
andreianfpaula,2025-08-12 19:54:03.812706
deboralima5950,2025-08-12 19:55:41.245429
fernandes_maria_vitoria,2025-08-12 19:57:31.444954
dionymelo,2025-08-12 19:58:59.240297
fredpitta,2025-08-12 20:00:06.508843
pedroivoturko,2025-08-12 20:01:58.993068
lindomarplay,2025-08-12 20:03:57.446970
daniella_fc16,2025-08-12 20:05:42.705556
sidneyalex39,2025-08-12 20:07:16.728322
kellita.araujo,2025-08-12 20:08:28.314390
beneditotaniacelia,2025-08-12 20:10:16.465616
teacher_elissandra,2025-08-12 20:12:12.686539
marimoraisx,2025-08-12 20:14:00.568624
cejbmp,2025-08-12 20:15:21.200638
reginaejsr,2025-08-12 20:17:05.242912
newtonrander,2025-08-12 20:19:02.241299
sabrina.lorranee,2025-08-12 20:20:32.714746
helena_da_costa_bezerra,2025-08-12 20:22:15.408497
dudu.silva62,2025-08-12 20:23:47.634436
vivianeguimaraes78,2025-08-12 20:25:35.178276
euminfs,2025-08-12 20:26:56.827951
keziaccruz,2025-08-12 20:28:12.283237
capitellimarcio,2025-08-12 20:29:14.815360
lucieneidealves,2025-08-12 20:30:36.101802
cepi.mejp,2025-08-12 20:32:27.368247
tsaadi_t,2025-08-12 20:33:39.841457
deuselitrindadecroche,2025-08-12 20:35:14.507273
shirleymury,2025-08-12 20:36:50.220567
daniessasscosta,2025-08-12 20:38:47.708186
deboramaiabarbosan,2025-08-12 20:40:29.818274
camilabeatrizfaria,2025-08-12 20:42:22.185232
adrianaapv4,2025-08-12 20:44:04.021492
rosienirabreu,2025-08-12 20:45:43.856453
esthella.gr,2025-08-12 20:47:23.504916
carmem2015,2025-08-12 20:48:49.218444
girls_lasvegas,2025-08-12 20:50:36.288285
estudantes.atitudes_cjff2025,2025-08-12 20:51:44.717781
cepi_serafim_jti,2025-08-12 20:53:16.411664
tere.silvagyn,2025-08-12 20:54:52.493078
rejanepurcina,2025-08-12 20:56:07.044495
walejandroy,2025-08-12 20:57:26.863555
deborahlopes___,2025-08-12 20:58:38.250339
robertarochamaddox,2025-08-12 21:00:17.206308
waleskaarcanjo,2025-08-12 21:01:43.369738
jovemcidadao_agl,2025-08-12 21:03:28.845742
vanessa.arlinda,2025-08-12 21:04:56.413173
thayse_jesus34,2025-08-12 21:06:04.978696
leriavinhal01,2025-08-12 21:07:22.079374
davi_lucas10965,2025-08-12 21:09:00.538680
ksantoschaves,2025-08-12 21:10:16.358095
regi.ane11,2025-08-12 21:11:46.796413
fellype.wz,2025-08-12 21:13:24.667419
wolneylima2023,2025-08-12 21:15:11.309150
joanainaalmeida,2025-08-12 21:16:43.928133
pacificovereador,2025-08-12 21:18:42.629396
drikamartins191981,2025-08-12 21:20:36.329615
ea.piaget,2025-08-12 21:21:44.281041
wesllanenegrao_professora,2025-08-12 21:22:49.399619
vivianegsantos92,2025-08-12 21:24:03.083568
erica0679,2025-08-12 21:25:49.954696
aprenderbrincarecomer.abc,2025-08-12 21:27:52.059010
pvd_oliveirazss04,2025-08-12 21:28:58.191583
jane.mbrandao,2025-08-12 21:30:55.927947
aaagabriely,2025-08-12 21:32:50.202421
leyabernardolobo,2025-08-12 21:34:52.088107
nandalusimas,2025-08-12 21:35:57.140451
lucianaarminda_professora,2025-08-12 21:37:35.347131
well.4lves,2025-08-12 21:38:52.498243
joana5534,2025-08-12 21:40:01.160016
josiias.dutra_21,2025-08-12 21:41:56.454934
isacgarcez,2025-08-12 21:43:42.717951
m.marasousa,2025-08-12 21:45:36.716964
victorfabiano123,2025-08-12 21:47:02.358324
dalvasoares17,2025-08-12 21:48:29.292612
rejane__borges,2025-08-12 21:49:47.794282
gabrielagomes.oliv,2025-08-12 21:50:50.687659
eliselacerdaa,2025-08-12 21:52:23.031191
isaiasbarbosaa,2025-08-12 21:54:09.552590
maria_leila.carvalho,2025-08-13 07:47:16.752112
pat.ricia865,2025-08-13 07:48:50.901585
mariaclaraalves8885,2025-08-13 07:50:17.917401
cregoianesia,2025-08-13 07:51:20.673063
murillofurtadofotografias,2025-08-13 07:52:53.999852
aidabastos28,2025-08-13 07:54:25.736006
its_.thefyy,2025-08-13 07:56:18.413912
nadialyne_pires,2025-08-13 07:57:55.163877
cepi.caldas,2025-08-13 07:59:32.270308
goiastecoficial,2025-08-13 08:01:28.321123
ana_queila74,2025-08-13 08:03:04.485049
lu_castrows,2025-08-13 08:04:43.413555
thaisa_anders,2025-08-13 08:06:40.502482
humbertomarra,2025-08-13 08:07:51.229022
creposse,2025-08-13 08:09:43.433438
lorranemr_lobo,2025-08-13 08:11:09.373480
karlacaroline.af,2025-08-13 08:13:00.229260
ana.catarinaassis,2025-08-13 08:14:17.813141
taniam.reboucas,2025-08-13 08:16:02.283532
anne.pereiraantunes,2025-08-13 08:17:44.771152
rosangeladivina_,2025-08-13 08:19:42.178474
profe_mauriccio,2025-08-13 08:21:14.218376
susianenunesde,2025-08-13 08:23:04.768944
evanilzamoreeira,2025-08-13 08:24:54.190931
thay__da__062,2025-08-13 08:26:20.960462
_gabriel_belo_,2025-08-13 08:27:44.399756
_tayarj,2025-08-13 08:28:57.316950
lolo_alanna_,2025-08-13 08:30:53.451384
profgabriellerosa,2025-08-13 08:32:46.091663
vitoria_0426,2025-08-13 08:34:06.509384
fernandesrosianerodrigues,2025-08-13 08:36:03.494230
psi.laradias,2025-08-13 08:38:04.984797
celia_izabel,2025-08-13 08:40:04.945726
yngrid.alexandre,2025-08-13 08:41:08.806951
anailda.gestora,2025-08-13 08:42:43.628212
profjoaosousa,2025-08-13 08:43:56.044850
carulinecruvinel,2025-08-13 08:45:36.304949
_douglas_lz,2025-08-13 08:47:03.703333
ribeiro_sasa_,2025-08-13 08:48:20.298349
maralpaiva,2025-08-13 08:49:29.577841
ddam_lima,2025-08-13 08:51:16.587558
ataide_4xc,2025-08-13 08:53:04.684770
gabriel__ligeiro.__,2025-08-13 08:54:50.926057
hygorttp,2025-08-13 08:57:06.401217
vivi_s133,2025-08-13 08:58:37.244045
esternathaly_2512,2025-08-13 09:00:29.988749
drielleny,2025-08-13 09:02:31.871462
cepidantas,2025-08-13 09:04:23.815548
boladona__38,2025-08-13 09:05:26.555068
tadashihamada927,2025-08-13 09:06:40.464727
giovann4.wx,2025-08-13 09:08:09.512426
santo0s.amanda,2025-08-13 09:09:29.070157
elietedesilva,2025-08-13 09:11:10.155830
ev_ellysz,2025-08-13 09:13:00.054527
_fabii_d,2025-08-13 09:14:21.820855
vitor_aguiarz,2025-08-13 09:15:39.552513
estudantes.atitude_cens,2025-08-13 09:17:08.092707
ladulce_festas,2025-08-13 09:18:54.615743
erick.99saturnino,2025-08-13 09:20:06.113567
hribeiro.oficial,2025-08-13 09:21:47.301580
nikole_1882,2025-08-13 09:23:03.015640
solmilyassis,2025-08-13 09:24:57.103635
rafazsy_,2025-08-13 09:26:50.154023
_mathee.xtx_,2025-08-13 09:28:35.114506
_my.sum.mer,2025-08-13 09:30:29.878996
marlene_mmacedo,2025-08-13 09:32:26.426517
morae.ssophia,2025-08-13 09:33:52.527778
naahsgo,2025-08-13 09:35:51.183430
loanne_rafaelly,2025-08-13 09:37:29.300191
eu__hannah_02,2025-08-13 09:39:07.686619
renatarochaimaginario,2025-08-13 09:40:33.802741
_silvaaxz8,2025-08-13 09:42:20.510224
priivs._ravena,2025-08-13 09:43:30.763525
limacristianlima016,2025-08-13 09:44:42.397831
hayllathayenne,2025-08-13 09:46:07.472564
karlianne.sbd_,2025-08-13 09:47:29.596771
imbecyw,2025-08-13 09:49:03.056126
carloszin.xp______,2025-08-13 09:50:32.757345
moura_yasmim16,2025-08-13 09:51:47.667867
gusta_row,2025-08-13 09:52:56.585922
carlos__ldaniel,2025-08-13 09:54:16.431080
leomar.alves.jesus,2025-08-13 09:56:02.010912
marizabonifaciog,2025-08-13 09:58:01.868613
sandhrabrasil,2025-08-13 09:59:59.649176
_pv.grazy_,2025-08-13 10:01:48.272997
andersonpcsilva,2025-08-13 10:02:56.583993
fxt_jose,2025-08-13 10:04:32.932601
rhuanellias,2025-08-13 10:05:42.660674
carol_sg007,2025-08-13 10:07:00.012429
_morenas_xs,2025-08-13 10:08:34.614149
pamelaarantes120,2025-08-13 10:09:42.579042
isabellyfrrr,2025-08-13 10:11:44.008672
valenn.silvzx,2025-08-13 10:12:58.817916
itz._mauricio7,2025-08-13 10:14:49.167216
ysz_tavares.s,2025-08-13 10:16:30.374669
ruannnz_,2025-08-13 10:17:36.382534
alvorada2024alfamaisgoias,2025-08-13 10:19:19.932752
lauraagnmelo,2025-08-13 10:20:24.439654
rgarcia_.12,2025-08-13 10:21:29.072207
nadianebatistadesouza,2025-08-13 10:22:48.525964
teofilobiaa,2025-08-13 10:24:27.724643
devirmicael,2025-08-13 10:26:29.564625
ivani_lda89,2025-08-13 10:27:45.548865
cepmg.vasco,2025-08-13 10:29:30.796201
joaoo_vy,2025-08-13 10:30:46.277558
nathaliabassi_,2025-08-13 10:32:02.814813
daniellouvrss,2025-08-13 10:33:43.996713
cepiosvaldo,2025-08-27 21:57:22.902906
belves___,2025-08-27 21:59:01.186402
_pereirxllz__,2025-08-27 22:00:41.716235
_ster.fs,2025-08-27 22:02:34.376929
_lygiaf,2025-08-27 22:04:18.326362
jordaniakarolinacostade,2025-08-27 22:05:30.762675
isa.rodrigues.vas,2025-08-27 22:06:49.360440
kauaazin.08,2025-08-27 22:07:57.165554
deicianycruz,2025-08-27 22:09:20.601445
eusouak,2025-08-27 22:11:12.301684
aanaluizi,2025-08-27 22:12:31.460756
franciellensantos01,2025-08-27 22:14:28.764457
ju_rt10,2025-08-27 22:16:28.884129
ricardo_barroso08,2025-08-27 22:18:20.632714
marianamodesto23,2025-08-27 22:19:23.854431
kamyla.felix0,2025-08-27 22:21:03.297329
nas.goiania,2025-08-27 22:23:01.844483
psicologatamyres,2025-08-27 22:24:46.329386
naianeqr33,2025-08-27 22:26:47.561910
ludimilanonato,2025-08-27 22:28:19.798978
amandabrito625,2025-08-27 22:30:10.778120
emmy_tynna,2025-08-27 22:32:05.249825
vaniavieira554,2025-08-27 22:33:32.790166
cleresjr,2025-08-27 22:34:45.080779
stn.evilyn,2025-08-27 22:36:16.422290
nanny_nogueira1,2025-08-27 22:37:49.766243
100.mariaeduarda,2025-08-27 22:39:35.934916
yas_galiza,2025-08-27 22:41:53.006259
leidianemartinscan,2025-08-27 22:43:22.714216
pedroneca,2025-08-27 22:45:24.247041
ps.kauany_,2025-08-27 22:46:30.618010
fabiola_rocha_1,2025-08-27 22:47:44.503592
cepicecad,2025-08-27 22:49:42.873772
cre.minacu,2025-08-27 22:51:00.650080
lapigufg,2025-08-27 22:52:15.366722
llucas.s15,2025-08-27 22:53:31.212079
na_juuxs,2025-08-27 22:55:06.836121
buenozxss,2025-08-27 22:56:21.276976
siloabrito,2025-08-27 22:57:29.281944
karllaar,2025-08-27 22:59:07.233124
giseletmagalhaes,2025-08-27 23:01:07.197233
eloah.czarnobai,2025-08-27 23:02:14.200215
byasilva330,2025-08-27 23:03:42.709267
_samaraquino_,2025-08-27 23:05:29.710669
cepimas_,2025-08-27 23:06:52.123141
espaco_thaynarapanta,2025-08-27 23:08:33.560968
monteiiro062,2025-08-27 23:09:37.288312
lorena.pires.33886,2025-08-27 23:11:25.956583
mikael_z08,2025-08-27 23:13:27.123250
thais.rosacoutinho,2025-08-27 23:15:12.812781
merces_vencelencio,2025-08-27 23:16:31.220936
mirian_j.s,2025-08-27 23:18:22.621754
cepforgoias1,2025-08-27 23:20:04.337869
mariaedu.fabreu,2025-08-27 23:22:02.268843
mendonca.jozafa,2025-08-27 23:23:46.896628
cassia_morais20,2025-08-27 23:25:17.001951
marianyens_,2025-08-27 23:26:19.581953
julioprunes,2025-08-27 23:27:34.339490
thalitamagalhaes1,2025-08-27 23:29:12.555709
euripedessz,2025-08-27 23:30:41.605424
cepi_cultura,2025-08-27 23:32:15.041085
3anoamelia2024,2025-08-27 23:34:00.502341
professorevandrorios,2025-08-27 23:35:30.138641
arlete_piresleta,2025-08-27 23:37:02.121039
isabelleissac302,2025-08-27 23:38:18.950474
mikhael.sz,2025-08-27 23:40:00.562963
michellejacinto1,2025-08-27 23:41:21.070667
g_u_i_l_l_e_r_m_o_15_ts,2025-08-27 23:42:57.435450
_2_serie_ceecjcl_,2025-08-27 23:45:10.242903
isabelpatriota_,2025-08-27 23:46:42.494780
david_teixeiracosta,2025-08-27 23:48:39.570795
elainerodriguesdefreitas,2025-08-27 23:50:16.415896
kett.bg,2025-08-27 23:51:53.317783
assischateaubriand.oficial,2025-08-27 23:53:47.669804
la_anysz,2025-08-27 23:55:42.170906
vitao_______2,2025-08-27 23:57:39.796470
diass_deby,2025-08-27 23:59:40.314439
coelhosophiaa,2025-08-28 00:01:00.997051
gioh_ribeiro_siqueira,2025-08-28 00:02:18.456342
claraduarte_,2025-08-28 00:04:09.999699
4nnyys,2025-08-28 00:05:18.392523
geovanna_crk,2025-08-28 00:07:07.741291
jaqueline_jpsi,2025-08-28 00:08:40.534734
danilorodrigues.12,2025-08-28 00:10:39.375455
gabrielly_vieiraa00,2025-08-28 00:11:49.114390
profmedau,2025-08-28 00:13:41.699255
kowal.nc,2025-08-28 00:14:50.521319
kauany.vitoriabarros,2025-08-28 00:16:09.962480
cepiaryribeirovfgo,2025-08-28 00:17:34.858427
taisefdantas,2025-08-28 00:19:22.392681
agrinhocrixasgoias,2025-08-28 00:20:44.525832
prof.vitorbrasolia,2025-08-28 00:22:15.535384
kelly_romuaaldo,2025-08-28 00:23:47.606750
colegiojoaquimvieiradebrito,2025-08-28 00:25:06.596079
elizete9273,2025-08-28 00:26:57.592806
renatoismigo,2025-08-28 00:28:28.841782
adrissanmar,2025-08-28 00:29:45.789809
regando_um_sonho,2025-08-28 00:31:32.311186
uelida_vilela,2025-08-28 00:32:45.395473
saracardoso5597,2025-08-28 00:34:00.376218
thawendy,2025-08-28 00:35:31.700460
lsl.liziana,2025-08-28 00:36:34.470652
mmbarruda,2025-08-28 00:38:04.754528
raphhavaz,2025-08-28 00:39:11.874751
dilma.dimas,2025-08-28 00:40:36.405595
fefemachado_mat,2025-08-28 00:42:36.289944
iy.miim,2025-08-28 00:43:41.875577
alfamaisneropolis,2025-08-28 00:45:40.228967
amandaraielysantosdeabreu,2025-08-28 00:46:51.406324
zico.monteiro.ea2025,2025-08-28 00:48:00.277709
dayanemelor,2025-08-28 00:49:10.550839
antoniowogton,2025-08-28 00:51:09.641608
cresma.go,2025-08-28 00:52:50.337564
joykly22,2025-08-28 00:54:20.651880
cearc_santacruz,2025-08-28 00:55:34.459873
estefanny.barbosa00,2025-08-28 00:57:04.170253
polliooli,2025-08-28 00:58:33.033632
andreahcaa,2025-08-28 00:59:41.675003
ivonexavier84,2025-08-28 01:01:42.700019
cremineiros,2025-08-28 01:03:12.401078
lucinalvalimaa,2025-08-28 01:05:04.377113
isa1519marquesso,2025-08-28 01:06:26.286146
eerick_llima,2025-08-28 01:07:32.126360
estudantes_de_atitude_cepi_moa,2025-08-28 01:09:13.553384
anaclararibeiro393,2025-08-28 01:10:58.332102
_sara._carvalho,2025-08-28 01:12:14.155175
emitamarmartins,2025-08-28 01:13:35.458979
britoevando,2025-08-28 01:15:17.005002
janaine.novaisribeiro,2025-08-28 01:17:07.078811
mariadejesusrosaa,2025-08-28 01:18:26.457131
carlossrsx_,2025-08-28 01:19:31.648626
patriciamoraiscoutinho,2025-08-28 01:21:12.941985
veralsmt,2025-08-28 01:23:05.041248
vanessa_.alecrim,2025-08-28 01:24:12.722944
joao.vitor.barbosa_,2025-08-28 01:25:37.101938
edyletras,2025-08-28 01:27:29.998775
se.divino,2025-08-28 01:29:20.432036
katiacastelobrancosma,2025-08-28 01:30:36.089119
mauriciodias12,2025-08-28 01:32:35.841195
davidjesen2024,2025-08-28 01:34:20.191269
062__clarinha__,2025-08-28 01:36:01.303973
jacksondionisiooficial,2025-08-28 01:38:02.906941
tupperwaredalecimar,2025-08-28 01:39:11.208932
paulomendesvieira.pp,2025-08-28 01:40:37.825358
claretiano.gyn,2025-08-28 01:42:34.373526
danielcarvalho2598,2025-08-28 01:44:00.759579
loredoanderson96,2025-08-28 01:45:24.117987
profernandabra,2025-08-28 01:46:45.993
flavia_andrade16_,2025-08-28 01:48:31.196989
whagtonalmeida,2025-08-28 01:49:36.126831
nubiamelo077,2025-08-28 01:50:50.000408
clara_vitoria062,2025-08-28 01:52:49.612825
cristianneafonso,2025-08-28 01:54:07.788149
renatapereirapc91,2025-08-28 01:55:26.453739
juliana_456s,2025-08-28 01:56:46.136274
acce.jk,2025-08-28 01:58:33.996105
carla.bianca_magalhaes,2025-08-28 02:00:23.031735
riquejor,2025-08-28 02:01:51.896979
henriquedemmp,2025-08-28 02:03:44.215617
moacyrgomess,2025-08-28 02:05:30.550222
miss_camposantos,2025-08-28 02:07:18.239261
_babyw9y_,2025-08-28 02:09:11.026187
roselipires.05,2025-08-28 02:10:54.200311
sandraduartelive3,2025-08-28 02:12:46.840707
mandinha_rds,2025-08-28 02:14:09.624307
vanessagmarcelo,2025-08-28 02:15:32.178327
colegiobrasil_,2025-08-28 02:17:08.859198
ceadaguismar,2025-08-28 02:18:16.388193
phmcoficial,2025-08-28 02:19:37.034199
julianaaparecidade_oliveira,2025-08-28 02:21:10.653514
soz.isa,2025-08-28 02:22:21.310245
alineleandrox,2025-08-28 02:23:51.308708
sdblucas,2025-08-28 02:24:55.521999
luciana_reiz_marques,2025-08-28 02:26:29.880798
marilia_arantesrezio,2025-08-28 02:28:02.641127
anasantos0602,2025-08-28 02:29:36.278759
marcia.campelo,2025-08-28 02:30:41.200032
mariza_ramos_4,2025-08-28 02:32:23.782633
camposcleyde,2025-08-28 02:34:20.376760
wbfranco20,2025-08-28 02:35:28.780692
ferreirataith,2025-08-28 02:37:28.684790
nessadalmeida,2025-08-28 02:38:31.070253
patricia.gomesdasilva.583,2025-08-28 02:40:26.577185
presidentgyo,2025-08-28 02:42:15.922045
malucostaa03,2025-08-28 02:44:00.350675
wercileys,2025-08-28 02:45:21.784396
carlosantonio4300,2025-08-28 02:46:48.603978
neuclimar,2025-08-28 02:48:29.466374
liliz.tavares,2025-08-28 02:49:50.349972
antonia_tel,2025-08-28 02:51:48.564204
cefeg_,2025-08-28 02:53:13.288259
vivianefernandesniq,2025-08-28 02:54:17.427099
eng_leancaio,2025-08-28 02:56:10.339986
limaeleusacardosodossantos,2025-08-28 02:57:15.669292
motoristas.seducgo,2025-08-28 02:59:16.706841
biancafernandezx,2025-08-28 03:00:31.595166
cepi_eloi,2025-08-28 08:31:40.457482
drdiego_natividade,2025-08-28 08:33:54.726037
elainemachadosilveiraprof,2025-08-28 08:35:02.205205
cassiosilva.rec,2025-08-28 08:36:15.562150
gesicagraciana,2025-08-28 08:37:26.565736
marcossilva_____,2025-08-28 08:39:25.849597
edulg54,2025-08-28 08:40:42.588373
professora.sarabernardes,2025-08-28 08:42:03.612208
julianomoreiraofc,2025-08-28 08:43:42.161235
camarquesfranco,2025-08-28 08:45:00.608746
kevynteylorpsi,2025-08-28 08:46:23.496954
leila.inacio.9,2025-08-28 08:48:11.214703
davi_galviones,2025-08-28 08:49:25.315920
meitime.oficial,2025-08-28 08:50:58.279914
prof.juliocesargyn,2025-08-28 08:52:14.484868
cepiprof.sebastiao_franca,2025-08-28 08:53:28.508838
marsalmelo,2025-08-28 08:55:15.383089
mixtagenus78,2025-08-28 08:57:00.532307
highorrr,2025-08-28 08:58:56.683113
maria_emlima,2025-08-28 09:00:32.730261
nataliasezil,2025-08-28 09:02:20.493248
jonatasccavalcante,2025-08-28 09:04:09.834727
alves_fillipe,2025-08-28 09:05:44.675377
_renatowt,2025-08-28 09:07:05.792810
crenovogama_,2025-08-28 09:08:09.525255
lucaspelisson.arq,2025-08-28 09:09:27.717831
reis.ribamar,2025-08-28 09:10:40.007506
_tayllanelorrane_129,2025-08-28 09:11:59.961829
gelseduc.go,2025-08-28 09:13:47.640797
psi.lilianegomes,2025-08-28 09:15:13.547057
waleffvinicios,2025-08-28 09:16:44.716468
carlamorenor_,2025-08-28 09:17:54.181800
sil_varv,2025-08-28 09:19:05.394225
nancymoreiralinda,2025-08-28 09:20:14.098903
professorrodrigomaia3004,2025-08-28 09:22:11.405244
_.anaaclaraa9,2025-08-28 09:23:49.582102
istelareginaferreira,2025-08-28 09:25:26.631769
imatheusgomes,2025-08-28 09:27:12.995520
gustavo_jardim,2025-08-28 09:28:33.779471
thaisgmaraujo,2025-08-28 09:29:59.705399
lauraoliveira704,2025-08-28 09:31:50.080760
celiamaria77,2025-08-28 09:33:43.298688
mariab.mariabetania,2025-08-28 09:35:18.971405
lorenaresendecarvalho,2025-08-28 09:37:08.541772
me_investimentosgoiania,2025-08-28 09:38:18.102348
paula.marques17,2025-08-28 09:39:31.050425
marilene.martins2007,2025-08-28 09:41:22.015305
pollynunesdias,2025-08-28 09:43:18.368734
sofianapeleja,2025-08-28 09:44:35.177142
maritattoo_art,2025-08-28 09:46:11.864966
ediimariano,2025-08-28 09:47:23.739808
valmirsilva.10,2025-08-28 09:49:07.298642
simonymattos60,2025-08-28 09:50:15.871886
mariarosarosinha,2025-08-28 09:52:12.611646
cleidinha.tupper,2025-08-28 09:53:20.520145
lucas_kallil,2025-08-28 09:55:01.658227
cre_silvania,2025-08-28 09:56:27.647516
glaucieneespindola,2025-08-28 09:58:02.458129
franbertodo,2025-08-28 09:59:57.650173
suzamar_fonseca,2025-08-28 10:01:47.084708
andrielcoutinho_,2025-08-28 10:03:40.503582
educacao.itapuranga,2025-08-28 10:04:58.042026
elainecesar9,2025-08-28 10:06:21.578356
lucimarborgesdasilvafurtad,2025-08-28 10:08:13.534812
alfamaismarzagao,2025-08-28 10:10:01.010013
tecnicacontabil,2025-08-28 10:11:34.239747
m.pereira.10,2025-08-28 10:13:06.928020
andreiasoares214,2025-08-28 10:14:56.158758
ja7312084,2025-08-28 10:16:55.653793
odivalbernardo,2025-08-28 10:18:11.425567
edson.alves1980,2025-08-28 10:20:11.246028
silvamariazelialopes,2025-08-28 10:21:31.081328
rodbragga,2025-08-28 10:22:45.599848
graziellyfernandesribeiro,2025-08-28 10:23:52.977947
hozaanasouza,2025-08-28 10:25:25.509774
prof_tatiferreira,2025-08-28 10:27:09.913342
marcus.oliver.r,2025-08-28 10:28:34.614121
julianasilva0111,2025-08-28 10:30:33.808679
julliannyalvesalves,2025-08-28 10:32:12.542280
dudda.16,2025-08-28 10:34:09.407825
dionne.soares52,2025-08-28 10:35:39.694983
anapauladourado38,2025-08-28 10:37:20.457967
gisellefaria,2025-08-28 10:39:13.675372
semeecneropolis,2025-08-28 10:41:07.347711
mariluceeliasdebastos,2025-08-28 10:42:46.925293
viviansilva6562,2025-08-28 10:44:07.848385
karineodil,2025-08-28 10:45:31.114096
emef.prof.mariadulce,2025-08-28 10:46:59.829838
aprender_podeser_divertido_,2025-08-28 10:48:49.050188
amorimpatriciaoliveira,2025-08-28 10:50:47.160969
higorjuniorb,2025-08-28 10:52:19.532618
sirley_almeida6,2025-08-28 10:53:30.848336
acirlag,2025-08-28 10:55:15.532001
_.beatriz.lps,2025-08-28 10:56:21.708826
colegiojk10,2025-08-28 10:58:05.741529
escola_dalisia2022,2025-08-28 10:59:33.550735
josebrasmorais,2025-08-28 11:00:57.156230
cosmino_evangelista,2025-08-28 11:02:39.316737
nicoletti628,2025-08-28 11:04:38.496698
julianamanuelasantos,2025-08-28 11:06:29.131501
amanda_290597,2025-08-28 11:07:53.589706
sedecjaragua,2025-08-28 11:09:22.910211
anapaularios754,2025-08-28 11:11:06.167051
rosangelagalvao21,2025-08-28 11:13:03.236891
vanessa_oliveira_sme,2025-08-28 11:14:47.617339
anni.trindad,2025-08-28 11:16:24.507832
fatimagarcia.rossi,2025-08-28 11:17:46.996326
elaniamariamarques,2025-08-28 11:19:08.161919
pauleneborges,2025-08-28 11:20:48.713412
cintiacamilo22,2025-08-28 11:22:29.129672
jaime_ferreira_pardal,2025-08-28 11:24:18.266292
hellensirley,2025-08-28 11:25:40.110185
mendonca8250,2025-08-28 11:26:56.445660
aguinaldo.linhares.5,2025-08-28 11:28:24.919480
cepidomemanuelgoiandira,2025-08-28 11:30:15.142316
pedagovideo,2025-08-28 11:31:23.929082
marialuizadasilva_frota,2025-08-28 11:33:14.630596
jeanromao30,2025-08-28 11:34:57.343595
alessisbrunno,2025-08-28 11:36:26.279875
eriikareeis,2025-08-28 11:38:14.256075
mylena.23,2025-08-28 11:39:25.436903
_ss_ana__,2025-08-28 11:41:24.395474
rubia_e_vivian,2025-08-28 11:42:40.434443
profrenatavieira,2025-08-28 11:44:30.814459
aninha_774x,2025-08-28 11:45:42.165169
keniafml,2025-08-28 11:46:51.587552
adrianamartinsfer,2025-08-28 11:48:32.330948
cristina_leite67,2025-08-28 11:49:58.333058
karen_hannaataides,2025-08-28 11:51:35.070475
diovannad_,2025-08-28 11:53:37.368067
colegio_estadual_virgilandia,2025-08-28 11:55:32.252448
geovanadesouza_08,2025-08-28 11:57:21.171349
mariazinhaletras10,2025-08-28 11:58:58.512292
xs._andreia,2025-08-28 12:00:21.457291
thaysmara_alves,2025-08-28 12:02:19.054740
c.e.l.i.a_d.u.t.r.a,2025-08-28 12:03:50.878003
gabizinhaa_.07,2025-08-28 12:05:18.892868
uai_marcosfilho,2025-08-28 12:06:37.763348
pantaloreza.dunno,2025-08-28 12:08:38.043661
wanessa.capone,2025-08-28 12:10:14.972061
haye.s1821,2025-08-28 12:11:47.256024
_marraa.04,2025-08-28 12:13:26.494532
flavio.hp,2025-08-28 12:15:05.799667
eusarahkemeleyy,2025-08-28 12:16:28.503275
ce.mariaregisv,2025-08-28 12:17:33.285933
col.est.campo.retiro,2025-08-28 12:19:24.259018
siqueirawilkerferreirade,2025-08-28 12:20:59.997786
nayara_borges04,2025-08-28 12:22:33.968693
netodepaula,2025-08-28 12:24:05.432740
herlenpoeta,2025-08-28 12:25:18.434881
alinesouzadecamargo,2025-08-28 12:26:23.848832
crisley_marques,2025-08-28 12:27:55.873271
escolapresidentetancredo,2025-08-28 12:29:25.142935
wesleybruno76,2025-08-28 12:30:53.418050
layanedelamonica,2025-08-28 12:32:16.200859
wericavinicius,2025-08-28 12:33:31.763601
vozes.na.tela_,2025-08-28 12:35:15.934783
maresrenatadasilva,2025-08-28 12:37:07.582054
nazarenocoelho,2025-08-28 12:38:25.962338
cepigenesco,2025-08-28 12:40:16.207684
escolaestadualjoaomendes,2025-08-28 12:41:54.936730
samuel_pires123,2025-08-28 12:43:42.373959
rogerio.nogueira76,2025-08-28 12:45:27.815204
kennedymariapassos,2025-08-28 12:46:39.305144
doracy_psi,2025-08-28 12:48:20.877951
kelbiasouzabernardes,2025-08-28 12:49:38.322834
esc.mul.prof.cristianemaria,2025-08-28 12:51:07.710785
juh_poncianoo,2025-08-28 12:52:52.634515
rose14_aguiar,2025-08-28 12:54:07.456561
cepiaos_3b,2025-08-28 12:55:42.672005
bastos5433,2025-08-28 12:57:10.880471
mahwyz4,2025-08-28 12:58:23.801493
helois_mouraa,2025-08-28 12:59:41.908637
alessandra_19325,2025-08-28 13:01:37.658521
magalhaesrejane_,2025-08-28 13:03:05.279911
wel10ton,2025-08-28 13:05:03.823577
edson.jr.mat,2025-08-28 13:06:44.041582
cybele.narciso,2025-08-28 13:07:46.251829
a.anaclarad,2025-08-28 13:09:43.358687
ravenarosa_,2025-08-28 13:11:20.585815
joaopaulosoledade,2025-08-28 13:13:18.604087
iisa.moraais,2025-08-28 13:14:33.087270
majuh_justinoo,2025-08-28 13:16:24.009818
ellyz.xz,2025-08-28 13:18:09.950127
malutopss,2025-08-28 13:19:15.000468
eliasaraujo.rocha,2025-08-28 13:20:48.580649
marildacarvalho16,2025-08-28 13:22:45.816439
_stefenny_silva__,2025-08-28 13:24:37.644177
joyceoliveiramello,2025-08-28 13:25:52.033074
cristinalemos85,2025-08-28 13:26:59.270220
colegioestadualcoelhoneto,2025-08-28 13:28:34.768710
ce.josecipriano,2025-08-28 13:30:42.950672
vx.jhennifer,2025-08-28 13:32:17.444600
ireni.arruda,2025-08-28 13:33:45.590608
fernandowagnersantos,2025-08-28 13:34:59.695128
alexsandrasilva_13,2025-08-28 13:36:28.516461
profbrunasoaaares,2025-08-28 13:38:16.904395
gustavogpachec,2025-08-28 13:40:17.224762
adria_manso,2025-08-28 13:41:42.749122
eltonm.santos,2025-08-28 13:43:08.094221
luzelia__coelho,2025-08-28 13:44:37.578416
jaynefariaa,2025-08-28 13:45:59.561837
raquel_taveira2605,2025-08-28 13:47:27.045009
pattyalencar_5,2025-08-28 13:49:16.458312
glaucie.hellen_,2025-08-28 13:50:51.785522
instituto.gustav.ritter,2025-08-28 13:52:29.479029
premiopequenocientista,2025-08-28 13:53:59.290103
viniwender,2025-08-28 13:55:04.571031
wemersonalves88,2025-08-28 13:56:24.375957
lays.adv,2025-08-28 13:58:10.561992
barbeirosergio_,2025-08-29 07:31:34.538843
bruno_barbeiro.0,2025-08-29 07:32:41.226186
barbearia_loshermanossss,2025-08-29 07:33:48.510448
wesleybarbeiro_ofc,2025-08-29 07:35:01.077034
adelvanbarbeiro,2025-08-29 07:36:12.082541
barbeiro_rota_dk,2025-08-29 07:37:48.680528
barbeironilson_jr,2025-08-29 07:39:02.818197
jheyson_barbeiro,2025-08-29 07:40:13.328375
barbeariashalom2025,2025-08-29 07:42:00.586033
tefinha_barbearia,2025-08-29 07:43:51.923454
barbeariacapital2024,2025-08-29 07:45:38.756431
barbeiro.athos,2025-08-29 07:47:26.530499
barbeariajk_since2017,2025-08-29 07:49:01.311891
jaazielbarbeiro,2025-08-29 07:51:03.189886
dnbarbeiro063,2025-08-29 07:52:21.633534
dcortes_barbearia,2025-08-29 07:54:18.026126
lucas_barbearia23,2025-08-29 07:55:57.767615
barbeariapmw2024,2025-08-29 07:57:46.657926
srrbarbearia,2025-08-29 07:59:17.163386
jk_barbearia011,2025-08-29 08:00:25.251800
borge_barbearia,2025-08-29 08:01:27.238745
barbeariajl2013,2025-08-29 08:03:01.718018
rhuanbarbeiro,2025-08-29 08:04:25.332839
lucasbarbeiropmw,2025-08-29 08:06:09.717277
barbearia_do_josimar,2025-08-29 08:07:29.799291
barbeariafortunacity,2025-08-29 08:09:06.622730
igor_barbeiro_rdx,2025-08-29 08:10:17.778971
barbeiroandersonbrito,2025-08-29 08:11:54.992652
obarbeirojunior,2025-08-29 08:13:05.312139
umbarbeiroemportugal,2025-08-29 08:14:12.962012
barbeiro_gabrieljorge,2025-08-29 08:15:50.242627
barbeariastudio_e,2025-08-29 08:17:04.361245
barbeiroguilh3rme,2025-08-29 08:18:19.397609
barbeariadavicarmo,2025-08-29 08:19:31.117008
garagehall.barbearia,2025-08-29 08:20:53.816850
barbearia_caiquecortes,2025-08-29 08:22:48.686619
barbeariaolimpopalmas,2025-08-29 08:24:17.915918
anderson_barbeiro.oficial,2025-08-29 08:26:00.899896
cirilobarbeiro,2025-08-29 08:27:58.067153
barbeirowashington_,2025-08-29 08:29:11.222461
luccasbarbeiro2023,2025-08-29 08:30:35.173198
gabrielll_barbeiro,2025-08-29 08:32:04.990279
formandobarbeiros,2025-08-29 08:33:56.553860
barbeariasaintgermain,2025-08-29 08:35:32.028222
clinicamedica.bolwerk,2025-08-29 09:06:07.320086
clinicalider.sst,2025-08-29 09:07:12.265652
clinicarafaelasena,2025-08-29 09:08:49.552483
clinicarosysantos,2025-08-29 09:10:28.873085
clinicakatiuciaandrade,2025-08-29 09:11:52.254658
clinicaimedconfresa,2025-08-29 09:13:31.755997
clinicavidacfs,2025-08-29 09:15:30.326200
clinicavitanx,2025-08-29 09:17:27.706237
clinicamedicasaosebastiao,2025-08-29 09:19:24.941259
clinicaimedcfs,2025-08-29 09:20:49.646321
policlinicasantacruz,2025-08-29 09:22:39.113106
aclinicadacolunaa,2025-08-29 09:24:27.877419
clinicabernacchi,2025-08-29 09:26:07.337241
adriaclinica,2025-08-29 09:28:02.043081
clinicahumanizamt,2025-08-29 09:29:15.108593
clinicaagape.nmv,2025-08-29 09:30:48.242713
clinicaviroli,2025-08-29 09:33:00.063207
clinicaarenovare,2025-08-29 09:34:14.542990
clinicaveterinariavetlord,2025-08-29 09:35:20.961471
clinicaiupi,2025-08-29 09:36:52.471278
clinicanataliaoliveira,2025-08-29 09:38:26.874591
clinicajanayna.escobar,2025-08-29 09:40:15.746966
clinica_eliane_azevedo,2025-08-29 09:41:45.211857
leila_topclinica,2025-08-29 09:42:58.244793
clinicavozdomandacaru,2025-08-29 09:44:26.285884
clinicaapaeparaiso,2025-08-29 09:46:24.097299
clinicalaynnagyordane,2025-08-29 09:47:52.187934
clinicaagil,2025-08-29 09:49:15.028626
clinicasaorafael.palmas,2025-08-29 09:50:43.085994
clinicaconstantesante,2025-08-29 09:51:55.985113
dentlineclinicaodontologica,2025-09-01 11:50:17.509337
caroldentistafit,2025-09-01 11:52:03.972153
clinicaoiodontologia,2025-09-01 11:53:51.402561
dentistacaldeira,2025-09-01 11:55:07.828023
finottiodontologiacfs,2025-09-01 11:56:51.280925
cirurgiadentista_taina,2025-09-01 11:58:15.610329
dracaroldentista,2025-09-01 12:00:05.281364
draelaine_dentista,2025-09-01 12:02:06.245428
karinemaiaodontologia,2025-09-01 12:03:21.033571
dra.harandaribeiro,2025-09-01 12:11:45.486517
dra.paulajuca,2025-09-01 12:13:37.257027
sandra.figueira.12,2025-09-01 12:15:02.638603
dra.alineiacovone,2025-09-01 12:16:23.440983
__alessandra.oliveira,2025-09-01 12:17:50.329407
prof.dra._ewandelina,2025-09-01 12:19:41.473075
dra.leticiak,2025-09-01 12:21:17.314165
dra.mayraalmeida,2025-09-01 12:22:54.855601
dra.anabarrosc,2025-09-01 12:24:18.126784
dra.rosimardonascimento,2025-09-01 12:25:24.492645
dra.thaysakegler,2025-09-01 12:26:50.483590
dra.isarodriigues,2025-09-01 12:28:18.490784
dra.andrielymiranda,2025-09-01 12:30:06.048304
dra.larissemachado,2025-09-01 12:31:36.452675
dra.geyssalisboa_,2025-09-01 12:33:13.837032
dra.larissabandeiraa,2025-09-01 12:35:02.796997
dra.kaohanafranco,2025-09-01 12:36:34.423359
dra.paulaeduarda,2025-09-01 12:37:56.344417
dra.geovanaferoli,2025-09-01 12:39:04.984488
dra.tatiele_r.andrade,2025-09-01 12:40:37.543123
dra.taynarabueno,2025-09-01 12:42:35.459980
dra.aquilaafonso,2025-09-01 12:43:55.219847
dra.geycianearaujo,2025-09-01 12:45:54.576417
dra.anavitoriia,2025-09-01 12:47:00.489507
dra.mikaellyfelixx,2025-09-01 12:48:47.882826
dra.anekellyborges,2025-09-01 12:50:42.189363
dra.beatrizvimercati,2025-09-01 12:52:33.838134
alexandra.abreu.1848,2025-09-01 12:53:43.621862
dra.danilaassis,2025-09-01 12:55:21.186135
dra.daiseassis,2025-09-01 12:57:11.274846
dra.vaniamoraes,2025-09-01 12:59:03.062427
alessandra.barcellos.31,2025-09-01 13:00:26.931483
dra.niegesouza,2025-09-01 13:02:15.369801
dra.liviasf,2025-09-01 13:03:35.466609
dra.priscyllakelliny,2025-09-01 13:05:17.554918
sandra.muchalak,2025-09-01 13:06:51.570908
dra.anne_karoline,2025-09-01 13:08:19.541365
liandra.gui,2025-09-01 13:09:42.396999
dra.niceiasousa,2025-09-01 13:10:57.614558
dra.yasmin_carvalho,2025-09-01 13:12:40.346358
dra.kalyttalencar,2025-09-01 13:14:04.335111
dra.leidianereggiori,2025-09-01 13:15:46.639613
leandra.maya.167,2025-09-01 13:17:36.410204
dra.eduardamariotti,2025-09-01 13:19:27.182759
alessandra.ramos.129,2025-09-01 13:20:39.296306
dra.marianagomesb,2025-09-01 13:22:22.568031
lisandra.pricilla,2025-09-01 13:24:18.103460
dra.nayanadiel,2025-09-01 13:25:54.725670
dra.cassia_carvalho,2025-09-01 13:27:35.345195
dra.jessicaramos,2025-09-01 13:28:53.362480
leandra.almeida27,2025-09-01 13:30:09.854501
dra.evelinoliveira,2025-09-01 13:32:10.743926
dra.daianemorais,2025-09-01 13:33:27.831164
dra.leidianemartins,2025-09-01 13:34:43.982762
dra.rafaellagomees,2025-09-01 13:36:21.751049
dra.thaiscristina,2025-09-01 13:38:20.648460
sandra.martinsluz,2025-09-01 13:40:32.769567
dra.rosangelassouz,2025-09-01 13:41:54.680037
dra._izaura_oliveiraaa,2025-09-01 13:43:51.238801
dra.noemiwong,2025-09-01 13:45:26.078328
iandra.cristinne.144,2025-09-01 13:47:03.019145
dra.leticiadomingues,2025-09-01 13:48:22.051009
dra.thaynaraaires,2025-09-01 13:50:07.910279
dra.gessicamarcianos,2025-09-01 13:51:43.982113
dra.micaelelopes,2025-09-01 13:53:39.457862
dra.gabrielaludwig,2025-09-01 13:54:44.648991
dra.anap_reis,2025-09-01 13:56:37.721980
dra.noelhia,2025-09-01 13:58:22.630921
dra.sintialeismann,2025-09-01 13:59:52.961256
dra.virginialeal,2025-09-01 14:00:58.087370
dra.yedakarolina,2025-09-01 14:02:45.440541
dra.antonielledermato,2025-09-01 14:04:48.495021
alessandra.v.b,2025-09-01 14:05:53.214244
dra.pamellamedeiros,2025-09-01 14:06:58.635278
sandra.gomes___,2025-09-01 14:08:41.309348
dra.anielesoarescosta,2025-09-01 14:10:11.713797
dra.karenluizarodrigues,2025-09-01 14:11:30.736845
dra.alinemascarenhas,2025-09-01 14:12:45.723221
dra.van_theos,2025-09-01 14:13:48.719292
dra.vanessamarquess,2025-09-01 14:15:41.388993
dra.kellen.a.castro,2025-09-01 14:17:17.520988
dra.saud,2025-09-01 14:18:55.094788
indra.g.c,2025-09-01 14:20:08.954137
dra.nataliafigueredoo,2025-09-01 14:21:50.646798
dra.gabriellacaixeta,2025-09-01 14:23:19.678333
dra.melissaoliveiram,2025-09-01 14:24:23.593372
dra.patriciabulhoes,2025-09-01 14:26:18.992990
dra.mirianlimaa,2025-09-01 14:27:32.153360
dra.alinestival,2025-09-01 14:29:18.910791
dra.alineseabra,2025-09-01 14:30:55.462572
dra.hellen.peres,2025-09-01 14:32:24.613463
dra.andressabarrosb,2025-09-01 14:34:21.497109
alenssandra.oliveira,2025-09-01 14:36:08.115923
dra.michelymelo,2025-09-01 14:37:22.165369
dra.michellemiranda,2025-09-01 14:38:42.653564
dra.ynaiararezende,2025-09-01 14:40:07.310740
dra.rayaneferreira,2025-09-01 14:41:19.051638
dra.hanna_pimentel,2025-09-01 14:43:00.122640
alexandra.amorim.33483,2025-09-01 14:44:56.015149
jeanysilveira.estetica,2025-09-01 17:18:42.649700
esteticaessencia_maiaramoreira,2025-09-01 17:19:47.770218
esteticavilmaluz,2025-09-01 17:21:36.134238
esteticafacialacademy,2025-09-01 17:23:31.583798
esteticistalynnejessika4,2025-09-01 17:24:55.851849
franciele.esteticanatural,2025-09-01 17:26:53.435037
esteticaamaliacristina,2025-09-01 17:28:25.315001
libiarosaestetica,2025-09-01 17:29:49.714521
neide.estetica_,2025-09-01 17:31:46.494531
esteticadaclaureni,2025-09-01 17:33:32.507557
jf_esteticacomleveza,2025-09-01 17:34:57.023398
xavierestetica_,2025-09-01 17:36:10.228963
sandramouraesteticista,2025-09-01 17:38:02.051682
adeane.estetica.jovem,2025-09-01 17:39:34.727932
gessicalira_belezaeestetica,2025-09-01 17:41:03.789016
sabrina_esteticasv,2025-09-01 17:42:28.718813
esteticistaamandacardoso,2025-09-01 17:44:15.787246
tatianemoura_estetica,2025-09-01 17:45:19.166347
natalia.esteticaa,2025-09-01 17:46:53.401706
_leidianeestetica,2025-09-01 17:48:34.562945
aksaudeeestetica,2025-09-01 17:49:40.707331
bl.esteticaavancada,2025-09-01 17:51:12.440395
andreiavieira_esteticista,2025-09-01 17:52:54.888594
jadnamaiaestetica,2025-09-01 17:54:19.566190
jessicabritoestetica,2025-09-01 17:56:07.467052
esteticaeumamaia,2025-09-01 17:57:18.340987
estetica.paulasousa,2025-09-01 17:58:50.812524
michelesteticas,2025-09-01 17:59:57.494983
daniborgesestetica,2025-09-01 18:01:49.654015
fernandanathaly.esteticista,2025-09-01 18:03:34.860478
lumontel_esteticista,2025-09-01 18:05:35.036405
isa_massoterapia_estetica,2025-09-01 18:07:07.029141
estetica_automotivaautoclean,2025-09-01 18:09:03.942424
dalcim.esteticaautomotiva,2025-09-01 18:10:11.868186
fisio.antoniosamuel,2025-09-01 18:11:35.832441
dinholinsfisio,2025-09-01 18:12:45.750877
ruthcleafisioterapeutapvh,2025-09-01 18:14:35.600630
leticiapaes.fisioterapia,2025-09-01 18:16:30.624209
tati_funcional_e_fisio,2025-09-01 18:17:43.196718
colucci_fisio,2025-09-01 18:19:38.437372
larissasilveira.fisio,2025-09-01 18:21:03.319662
tyago_lopesfisio,2025-09-01 18:22:44.903022
ritjardimfisio,2025-09-01 18:24:23.712262
fisiokeylla,2025-09-01 18:25:28.777568
dra.elainereginafisio,2025-09-01 18:27:12.296754
daramarinho.fisio,2025-09-01 18:28:27.060692
saude_ergofisio,2025-09-01 18:29:39.422684
dradhonayarafisioterapeuta,2025-09-01 18:30:43.636596
fisiodanilocavalcante,2025-09-01 18:32:41.977787
flofisiopelvica,2025-09-01 18:34:37.727366
fisio.em.familia,2025-09-01 18:36:18.483502
alexmagalhaesfisio,2025-09-01 18:37:31.792973
erica_silvafisio,2025-09-01 18:38:53.349229
andriellecosta.fisioterapeuta,2025-09-01 18:40:02.978158
patricia_lelisfisio,2025-09-01 18:41:50.110303
fisiocintiavilanova,2025-09-01 18:43:26.421451
fisiovitoria_,2025-09-01 18:45:20.446703
j.victormendes.fisio,2025-09-01 18:46:29.197715
tamiresbritofisio,2025-09-01 18:48:13.962137
dra.ivaneide_fisio,2025-09-01 18:49:49.641627
amandafisioterapeuta.recife,2025-09-01 18:51:37.616914
fisio.simonearando,2025-09-01 18:52:52.540069
fisiomichelbelmonte,2025-09-01 18:54:11.907899
fisiocamillamoreira,2025-09-01 18:55:34.436295
jaquelinefisiopmw,2025-09-01 18:57:16.856886
gysellelouisefisio,2025-09-01 18:58:25.977630
lorrayne_caixetafisio,2025-09-01 18:59:36.843858
solangesertaosolfisio,2025-09-01 19:01:05.093403
thallyne.fisio,2025-09-01 19:02:33.473440
dragleicealves.fisio,2025-09-01 19:04:35.350902
flaviamelo.fisio,2025-09-01 19:06:18.109178
adriellefisio,2025-09-01 19:08:15.748031
wjrfisioterapeuta,2025-09-01 19:09:17.717889
drajessicacaroline_microfisio,2025-09-01 19:10:39.546144
_sarahmontteirofisio_,2025-09-01 19:12:21.452176
fisioflaviaraik,2025-09-01 19:13:57.741939
dramarta_guimaraes_fisio,2025-09-01 19:15:30.994124
fisioprimeinstituto,2025-09-01 19:17:05.449623
fisio.gabrielvictor_,2025-09-01 19:18:18.827756
anaalice_fisioterapeuta,2025-09-01 19:19:32.073096
fisioterapeuta.tammyla,2025-09-01 19:20:40.068439
fisiosamarapbarros,2025-09-01 19:22:03.638125
thallinelorrayne.fisio,2025-09-01 19:24:03.791456
carolinabarrionuevofisio,2025-09-01 19:25:59.831914
fisio.gabriela.santos,2025-09-01 19:27:54.451169
dayannefisio19,2025-09-01 19:29:38.761162
ems.fisioterapia_pilates,2025-09-01 19:30:47.811340
melisecruzfisio,2025-09-01 19:31:58.243662
fisio_dra.keila_pinheiro,2025-09-01 19:33:30.436195
fisiolaraguerra,2025-09-01 19:34:58.200416
carolvenancio.fisio_,2025-09-01 19:36:19.030690
dra.lillya_fisio,2025-09-01 19:37:33.011394
dicarlosfisio1,2025-09-01 19:39:03.229098
fisioterapiapso,2025-09-01 19:40:51.345223
fisio_lidianeguimaraes,2025-09-01 19:42:04.795647
emilenefuturafisio,2025-09-01 19:44:06.014676
guilhermeaugustofisio,2025-09-01 19:45:09.716230
andrezapalmasfisio,2025-09-01 19:46:37.191472
pineirofisio,2025-09-01 19:48:19.418073
anadete_bonifacio.fisio,2025-09-01 19:50:09.400355
fisio.emilylopes,2025-09-01 19:51:55.568396
fisio.adrianecarneiro,2025-09-01 19:53:36.610275
cirleifisio,2025-09-01 19:55:03.510729
jacirafrancafisioterapia,2025-09-01 19:56:58.252363
clinicarevivafisio,2025-09-01 19:58:17.304316
caiosatofisio,2025-09-01 20:11:45.929828
geovanacunhas,2025-09-01 20:13:30.003494
leilaateliedasunhas,2025-09-01 20:15:15.199855
agdaesmalteria,2025-09-01 20:16:34.151699
vanessalima.unhas,2025-09-01 20:17:43.755238
bluesmalteria_iris,2025-09-01 20:18:55.180382
jucynogueira_unhas_,2025-09-01 20:20:14.708576
carollindasunhas,2025-09-01 20:21:36.382866
claudiamagalhaes_unhas,2025-09-01 20:22:55.723536
esmalteria.kauanne_luz,2025-09-01 20:24:51.111259
poli_pockt.unhas,2025-09-01 20:26:17.777044
unhasecuidados.danielamota,2025-09-01 20:27:37.093828
unhastumblr2020,2025-09-01 20:29:20.295157
amanda_manicure24,2025-09-01 20:30:45.274232
gessicafernandes_manicure,2025-09-01 20:32:17.367043
mariamanicure44,2025-09-01 20:33:46.270560
edilainesilvaunhas,2025-09-01 20:35:46.612451
unhas.fashionn,2025-09-01 20:37:47.457040
_unhasdanat,2025-09-01 20:39:24.551852
deuzanetharteeunhas,2025-09-01 20:41:12.216641
marcia_alves_manicure,2025-09-01 20:43:08.848903
sinoyldes_manicure_,2025-09-01 20:44:27.690098
gleicianecunhasilva,2025-09-01 20:46:01.959795
jailmaoliveiraunhas,2025-09-01 20:47:48.094365
isa_manicure_e_desing,2025-09-01 20:49:14.640185
jusciellemmanicure,2025-09-01 20:50:25.971267
weldadesignercilioseunhas,2025-09-01 20:52:10.838027
pauloreismassoterapeuta,2025-09-01 20:53:18.380820
massoterapeuta_lopes,2025-09-01 20:55:13.566140
massoterapeuta_anaalice,2025-09-01 20:57:02.331815
carmenpassosmassoterapeuta,2025-09-01 20:58:38.630478
massoterapeutafernandaperes,2025-09-01 20:59:54.314365
dr.fernandomorais,2025-09-01 21:01:26.549397
dr.rafaelantonio,2025-09-01 21:03:20.578737
dr.gilsongama,2025-09-01 21:04:46.789178
pedr.opiresalves,2025-09-01 21:05:56.458873
dr.evaniosousa,2025-09-01 21:07:57.185438
ghzin._.dr,2025-09-01 21:09:41.662681
paivadesantanapedr,2025-09-01 21:10:46.655062
dr.rildao,2025-09-01 21:11:58.970874
giovanaandr,2025-09-01 21:22:57.678022
dr.isaiasjunior,2025-09-01 21:24:35.492717
dr.glautiumgabriel,2025-09-01 21:25:50.586047
dr.rafaelfonsecaa,2025-09-01 21:27:10.715518
dr.marcosbruno,2025-09-01 21:28:55.177543
dr.gabrielbraz,2025-09-01 21:30:36.805482
eduardomenezesdr,2025-09-01 21:31:50.726244
andr.essa_milhomem,2025-09-01 21:33:48.917280
ludimyllaandr,2025-09-01 21:35:17.680167
dr.gustavo01,2025-09-01 21:37:05.718258
marcos_leandr,2025-09-01 21:38:57.265222
dr.adm.antoniojorge,2025-09-01 21:40:47.636944
brandcaremarketingmedico,2025-09-01 21:42:40.901421
dr.leo_moreira,2025-09-02 10:30:47.317435
dr.lourencosouza,2025-09-02 10:32:17.575023
tifany.mdr,2025-09-02 10:33:24.651552
dr.handleyneickison,2025-09-02 10:34:31.483188
lucasfarias_dr,2025-09-02 10:36:33.968651
dr.marcosoaress,2025-09-02 10:37:45.599978
doutorsorrisoconfresa,2025-09-02 10:39:12.381495
tatiane_morais_cntdr,2025-09-02 10:40:53.682736
dr.mateusferreirade,2025-09-02 10:42:21.700200
dr.gabrieldiniz,2025-09-02 10:44:13.176023
dr.rodrigoveloso,2025-09-02 10:45:38.601621
ve_fdr,2025-09-02 10:47:30.194995
dr.jeanbattisti,2025-09-02 10:49:06.042207
maria.fernandr,2025-09-02 10:50:25.694448
dr.thiago.oficial,2025-09-02 10:51:34.634106
dr.lucasdmelo,2025-09-02 10:53:24.289794
dr.soarescairo,2025-09-02 10:55:01.235488
dr.jefersonrrodrigues,2025-09-02 10:56:38.609073
dr.vanessalima,2025-09-02 10:58:23.900518
dr.cleissonchagas,2025-09-02 11:00:13.982280
rejane_andr,2025-09-02 11:01:55.314873
dr.rudneymarcosjr,2025-09-02 11:03:39.982019
darla_ddr,2025-09-02 11:04:43.824537
dr.allan_park,2025-09-02 11:06:21.395930
dr.lorenzosalva_dor,2025-09-02 11:07:47.290977
dr.dasmaquinasemarmores,2025-09-02 11:09:43.619179
gustavo.cdr,2025-09-02 11:11:22.108192
lucena_gilberto_dr,2025-09-02 11:13:17.803619
andr.eiamaciel389,2025-09-02 11:14:56.319033
dr.edimar.nogueira,2025-09-02 11:16:17.628797
pedrohenriquevelozodr,2025-09-02 11:17:41.892298
dr.murilo_borges,2025-09-02 11:19:00.381511
dr.cheumo,2025-09-02 11:20:06.517391
dr.hamiltonfrancofilho,2025-09-02 11:22:03.545417
dr.mikaelsousa_,2025-09-02 11:23:37.673732
dr.thomasbbezerra,2025-09-02 11:25:02.538371
dr.thiagoferraz,2025-09-02 11:26:38.920921
barbeariadr.cortesstyllus,2025-09-02 11:28:28.999378
biancaleite.nutri,2025-09-02 11:29:37.803542
suellenmedeiros.nutri,2025-09-02 11:31:19.966521
tassiatavaresnutri,2025-09-02 11:33:06.190216
nutri_alessandramelo,2025-09-02 11:34:38.552046
nutrimerabe,2025-09-02 11:36:18.415102
leisymellonutri,2025-09-02 11:38:06.100930
kellyfhabriny_nutri.personal,2025-09-02 11:39:45.973546
nutriamandaom,2025-09-02 11:41:25.986009
lorenamartinsnutri,2025-09-02 11:43:00.312220
nutri_fernandaostermann,2025-09-02 11:44:56.455373
nutrir.nutricaointegrativa,2025-09-02 11:47:03.760006
nutri.izadoramilhomem,2025-09-02 11:48:25.414615
niceianutri,2025-09-02 11:50:00.130346
nutrimaralicemelo,2025-09-02 11:51:14.856521
analauramarchi.nutri,2025-09-02 11:52:47.252376
nutri.thabitafaria,2025-09-02 11:54:24.329963
nutri_idaianetavares,2025-09-02 11:55:30.114327
marianealves.nutri,2025-09-02 11:57:15.136063
nutri.isadorascalco,2025-09-02 11:59:14.508834
nutrimais_suplementos,2025-09-02 12:00:56.137943
tdcnutriforma,2025-09-02 12:02:37.811355
edilbertomaciel_nutricaoanimal,2025-09-02 12:04:15.719861
nutriryannpersonal,2025-09-02 12:06:08.814710
nutrivanessabrasil,2025-09-02 12:07:51.033099
tassiacoelho_nutri,2025-09-02 12:09:41.099734
nutrianielygurgel,2025-09-02 12:11:03.737235
daniellereisnutri,2025-09-02 12:12:28.870392
cuidarenutrirhc,2025-09-02 12:13:42.245986
rozilda_nd_nutricionista,2025-09-02 12:14:53.924071
dilfernandesnutri,2025-09-02 12:16:22.171575
tarickvictor_personutri,2025-09-02 12:18:20.665347
nutridrdourado,2025-09-02 12:19:25.355056
desativadonutricaio,2025-09-02 12:21:03.465243
dicadasnutris,2025-09-02 12:22:20.868925
thaisrodrigues_personal,2025-09-02 12:24:20.743074
fernandojost_treinador,2025-09-02 19:41:44.215726
luanalbrito_,2025-09-29 07:23:48.974541
samyyvic,2025-09-29 07:26:25.670571
amandfilha,2025-10-15 10:01:41.202217
sabrina.sousaf_,2025-10-15 10:11:59.767178
gabriellascq,2025-10-15 10:13:10.127376
lubia.siqueira,2025-10-15 10:14:47.643687
lamps.afya,2025-10-15 10:16:30.631605
fonoaudiologia_unitop,2025-10-15 10:18:20.618605
lageagnes,2025-10-15 10:19:52.759329
sarabvaz,2025-10-15 10:21:53.787864
ericocribeiro,2025-10-15 10:23:12.440826
leuriara,2025-10-15 10:24:45.074541
lucianacolar,2025-10-15 10:26:45.550412
nathzmagalhaes,2025-10-15 10:28:15.686889
mariajuliav,2025-10-15 10:30:04.127419
roberta_lopes_da_costa,2025-10-15 10:31:16.825645
karinnyss,2025-10-15 10:33:03.391017
silvestrecarlafernanda,2025-10-15 10:34:18.817753
simone_gsgs,2025-10-15 10:36:11.680932
antunesalessandrog,2025-10-15 10:37:44.763530
naylla_fernandesx,2025-10-15 10:39:13.159576
maju.floren,2025-10-15 10:40:33.977998
joaopedro_ramiro,2025-10-15 10:42:26.748478
mariaa_soyza,2025-10-15 10:44:10.089945
martintaiitijorge,2025-10-15 10:45:24.176126
gabriel.cmyk,2025-10-15 10:46:34.003847
erickverasf,2025-10-15 10:48:15.408692
_luanavicunha_,2025-10-15 10:50:18.787284
bellshorst,2025-10-15 10:51:30.510226
_rlealc,2025-10-15 10:53:00.925093
yurirrocha_,2025-10-15 10:54:30.584273
salmonfarias,2025-10-15 10:56:08.489309
afyanutrit1,2025-10-15 10:57:58.602628
giovannamalvez,2025-10-15 10:59:04.236048
jadhyarquitetura,2025-10-15 11:00:28.475410
rudineispada,2025-10-15 11:02:05.232594
anakarolinne___,2025-10-15 11:04:04.404161
mariana_rfranco,2025-10-15 11:05:07.787471
luaan._,2025-10-15 11:06:21.871006
vitoriafrancoo_,2025-10-15 11:07:43.612065
emyvech,2025-10-15 11:09:16.885936
eltonsousa12,2025-10-15 11:11:16.138764
mosercaldeira,2025-10-15 11:12:44.310911
eduardo_labre,2025-10-15 11:13:53.486246
tiagogomesyt,2025-10-15 11:15:49.316880
fp__ramalho,2025-10-15 11:17:03.323735
whyeloa,2025-10-15 11:19:02.604055
sarah_araujo009,2025-10-15 11:20:47.679311
gomes_karine_,2025-10-15 11:22:16.296210
_my.araujo_,2025-10-15 11:23:42.686239
ryimtoria,2025-10-15 11:25:33.972015
sara_tarciso,2026-05-21 03:43:15.997295
j.lyi090,2026-05-21 03:45:09.267586
ithamara_cs,2026-05-21 03:46:13.380442
marlyalvesoficial,2026-05-21 03:47:17.643455
henrimarinhooo,2026-05-21 03:48:31.697228
biancabrederg,2026-05-21 03:50:32.907868
victor_vja,2026-05-21 03:51:44.063657
evanildemoura123,2026-05-21 03:52:57.816994
lucas_gesseiro_palmas,2026-05-21 03:54:49.827912
ningride19,2026-05-21 03:56:25.454878
davisilvadance__________,2026-05-21 03:57:47.195223
pablobandeira,2026-05-21 03:59:06.714058
cleonedonascimento,2026-05-21 04:00:37.465397
pamplinio_ofc,2026-05-21 04:02:23.167926
cantoraflaviasoares,2026-05-21 04:04:15.629403
jucilane7171,2026-05-21 04:05:30.923901
uelhagomes,2026-05-21 04:07:02.948493
debora_grmt,2026-05-21 04:08:41.860306
necilenegomespacifico,2026-05-21 04:10:00.035308
mariarodriguesnol,2026-05-21 04:11:03.769976
thaysonhunk,2026-05-21 04:12:48.178694
djvickoficial8,2026-05-21 04:14:06.443682
lucas_siilva1011,2026-05-21 04:15:18.266181
marcela_parpinelli,2026-05-21 04:16:40.197872
anaquintazumbach,2026-05-21 04:18:06.161153
rafaela_cunha09,2026-05-21 04:20:00.154364
reylha_cristina,2026-05-21 04:21:59.746953
rafaellabborges,2026-05-21 04:23:17.815668
meirenalva_alves,2026-05-21 04:25:03.370608
dra_karinarodrigues,2026-05-21 04:26:28.256266
mattrizsports_araguaina,2026-05-21 04:27:39.124922
lucianacoelhoadvogada,2026-05-21 04:28:41.391086
ariana.albuquerque10,2026-05-21 04:30:25.915775
lary_silvaa96,2026-05-21 04:31:52.740055
michellefariasnunes_nunes,2026-05-21 04:33:00.280115
prime_brindes,2026-05-21 04:34:43.460619
febearafeirabelezaaraguaina,2026-05-21 04:35:44.628606
marluciasousaoliveira,2026-05-21 04:37:05.072194
florcarvalho4,2026-05-21 04:38:14.527190
lauannamiranda__,2026-05-21 04:39:32.210505
palmascafecaramello,2026-05-21 04:41:02.465602
stoccofitness_oficial,2026-05-21 04:43:19.065543
jeff.ofic,2026-05-21 04:45:17.963634
wanderleia.iridologista,2026-05-21 04:46:41.813517
eviling_valverde,2026-05-21 04:48:29.308298
litaalencar2,2026-05-21 04:50:05.143614
mariaaparecidamart91,2026-05-21 04:51:49.187239
diegobucar,2026-05-21 04:53:37.043141
elminhawelma,2026-05-21 04:54:41.893833
dra.palomabandeira,2026-05-21 04:56:35.137532
drikamariaof,2026-05-21 04:57:41.054864
akleyrodrigues,2026-05-21 04:59:05.811039
giovana_lissa,2026-05-21 05:00:50.122610
pollypaula7,2026-05-21 05:03:11.907424
dani.carmo_,2026-05-21 05:04:33.645862
euridinaya,2026-05-21 05:06:16.477726
ana_santoss9,2026-05-21 05:07:53.010834
flaviavieirasinteriores,2026-05-21 05:08:57.087768
alynekaarla,2026-05-21 05:10:38.263412
joel.mbt,2026-05-21 05:12:26.689867
meiriellyaquino,2026-05-21 05:14:24.714025
inescarvalhoantero2018,2026-05-21 05:15:48.845306
angelamariaaraujo38,2026-05-21 05:17:47.199036
charlesborgesii,2026-05-21 05:19:38.133316
patryciapereira4,2026-05-21 05:21:16.394196
dhenyalourenco,2026-05-21 05:23:09.609482
bandeira7650,2026-05-21 05:24:54.144132
loiannetavares,2026-05-21 05:26:51.290720
pamella_siqueira13,2026-05-21 05:28:46.156057
nayane.nay.5872,2026-05-21 05:30:02.502209
euleticiaalves._,2026-05-21 05:31:05.541676
thainajlaramos,2026-05-21 05:32:43.350723
lilianemartinsgomes,2026-05-21 05:34:28.388449
sanchessabrinna,2026-05-21 05:36:08.489370
iedabs,2026-05-21 05:37:44.087303
jarladoces,2026-05-21 05:39:38.958041
fernandabrilhantee,2026-05-21 05:41:36.041595
paularenatacavalcante,2026-05-21 05:43:03.280018
thaisla_ramos,2026-05-21 05:44:34.848844
andreanepereiracosta,2026-05-21 05:45:43.681052
morgana.gomide30,2026-05-21 05:47:30.536713
ladyanerocha,2026-05-21 05:48:36.469463
dramariaacecilia,2026-05-21 05:49:38.715467
rebecaditosa_marcoscoelho,2026-05-21 05:51:06.522664
re_cury,2026-05-21 05:53:04.854951
drarenatarosaodonto,2026-05-21 05:55:04.713229
liliarodrigues102,2026-05-21 05:56:57.140285
studio_apoly_podologia,2026-05-21 05:58:50.770111
gleiciane.marinho.3,2026-05-21 06:01:01.635978
dra_anaalice,2026-05-21 06:02:15.788257
marialuizabucar,2026-05-21 06:03:23.323156
sgriniermarcia16,2026-05-21 06:05:07.898188
lorylinorocha,2026-05-21 06:06:40.280082
dra_pollyana_cirino,2026-05-21 06:08:25.515099
souamine_,2026-05-21 06:10:14.750674
keniavida77,2026-05-21 06:11:22.032915
marlenerodrigues98478,2026-05-21 06:13:21.781140
santoficiokids_,2026-05-21 06:14:25.080207
maureli.quio,2026-05-21 06:16:07.552882
guiimaricato_,2026-05-21 06:17:43.165939
maristela3220,2026-05-21 06:19:37.222779
tiagocunhaoliveira,2026-05-21 06:21:29.552974
queziajj,2026-05-21 06:23:21.489001
raquelogawa,2026-05-21 06:24:48.203923
scott.leman,2026-05-21 06:26:24.371168
jeanelimamoraes,2026-05-21 06:27:45.443993
polianna.marinho,2026-05-21 06:29:07.785546
_vivianensc_,2026-05-21 06:30:45.983006
rodrigorodriguesdamas,2026-05-21 06:31:55.966268
valdineia_nolasco,2026-05-21 06:33:23.359004
drrussilvilar,2026-05-21 06:35:20.807990
netomadeiras,2026-05-21 06:37:17.208588
rafaelaborgesneuro,2026-05-21 06:38:40.599424
andressa.deabreu,2026-05-21 06:40:17.010818
deboraluz.cerimonial,2026-05-21 06:41:36.633381
sandrammontel,2026-05-21 06:43:19.481327
luizacostalc,2026-05-21 06:44:41.111421
teix.eira84,2026-05-21 06:46:13.829991
kauaranoivas,2026-05-21 06:48:17.646279
leda_maria_ferreira_lino,2026-05-21 06:49:37.438163
raffa_ciella,2026-05-21 06:51:13.661058
calinemariadasilvab,2026-05-21 06:52:16.922431
selenafreitass,2026-05-21 06:54:11.082663
dionefreiredasilva,2026-05-21 06:55:16.393833
fabianasilva1425,2026-05-21 06:56:54.345263
pedro_hfmoraes,2026-05-21 06:58:20.348163
leia8805,2026-05-21 07:00:04.642356
thatiellyabreu,2026-05-21 07:01:15.563852
silvasbrunna,2026-05-21 07:02:45.881884
mariannavieira,2026-05-21 07:04:43.113764
weslane20,2026-05-21 07:05:57.071125
luiana_s_luz,2026-05-21 07:07:08.432728
kayra2178,2026-05-21 07:09:26.719246
roneisantoscm,2026-05-21 07:11:17.454054
luarabrasil_,2026-05-21 07:13:00.188758
adv.alexandre_parotivo,2026-05-21 07:14:15.245544
nathaliaaraujo134,2026-05-21 07:15:36.504162
vanuza_moraes,2026-05-21 07:16:57.518162
deboralanges,2026-05-21 07:18:27.625953
sonarasantos_,2026-05-21 07:19:38.153245
laraaasouz,2026-05-21 07:21:04.026518
ximenesruthmaria,2026-05-21 07:22:46.015389
kelly.christina.142,2026-05-21 07:24:25.323089
kessia.souza.123,2026-05-21 07:25:46.376904
natanael__neto,2026-05-21 07:27:19.774329
dayanapeixoto_,2026-05-21 07:28:22.238629
lucireneejailton,2026-05-21 07:30:00.291339
caritascosta21,2026-05-21 07:31:52.177782
delbarbosa10,2026-05-21 07:33:11.013653
ricardoguega,2026-05-21 07:34:52.378645
marluceycortez,2026-05-21 07:36:23.882512
lucimarferreiracampos,2026-05-21 07:38:30.242664
edinacorreiamiguel,2026-05-21 07:39:43.658026
dra.larissa_ctbmf,2026-05-21 07:41:00.331711
mariajoselopesdefranca,2026-05-21 07:42:53.325495
leandradorno,2026-05-21 07:44:26.413875
italomooreira,2026-05-21 07:45:39.125199
gleicimarsouz,2026-05-21 07:47:06.311851
gabrielamribeiro2017,2026-05-21 07:49:12.860939
lp.mourao,2026-05-21 07:50:56.136165
annapaulabucar,2026-05-21 07:52:40.710700
loris_vaqueira,2026-05-21 07:54:02.024968
cemedhospitalar,2026-05-21 07:56:02.234177
deborapds30,2026-05-21 07:57:34.142467
jeannyfonseca,2026-05-21 07:58:55.712412
lissandraemarcos,2026-05-21 08:00:23.777548
biancabia23,2026-05-21 08:02:22.727097
jitacaramby,2026-05-21 08:03:57.833269
naay_morganna,2026-05-21 08:05:43.618936
izecarvalhoo,2026-05-21 08:07:24.888656
raquel_firmo24,2026-05-21 08:09:08.772093
drafrancielirizzi,2026-05-21 08:10:42.617089
mariavanessalc,2026-05-21 08:12:16.942543
institutodeboralanges,2026-05-21 08:14:11.975486
luciene.amorim.9440234,2026-05-21 08:15:51.448438
celi_tavaresdeazevedo,2026-05-21 08:17:00.691676
marinacarrilho_a,2026-05-21 08:18:39.072045
alinne.michelle,2026-05-21 08:20:08.023144
ja_variedades0,2026-05-21 08:21:30.224205
camilarodriguuesborges,2026-05-21 08:23:10.774929
lorena.chaves_s,2026-05-21 08:25:08.333689
dudacardososr,2026-05-21 08:26:14.326734
dradanielleoliveiras,2026-05-21 08:28:05.422572
dianaasousa_,2026-05-21 08:29:49.804712
felip_r,2026-05-21 08:31:21.849660
marciadarley,2026-05-21 08:32:35.705692
oseias.sillva_001,2026-05-21 08:34:32.504940
spike_ju,2026-05-21 08:36:25.160792
renilsonbandeira,2026-05-21 08:37:50.170880
edileusa_araujo,2026-05-21 08:38:51.772007
mariagabryella70_oficial,2026-05-21 08:40:45.918902
jordana_ghaell_hadassah,2026-05-21 08:42:24.398261
lirilene_moreira,2026-05-21 08:44:16.163388
dejanirabandeira20,2026-05-21 08:45:28.891338
vic_limma,2026-05-21 08:46:51.959516
elaine_soares.19,2026-05-21 08:48:44.088743
douglasc.96,2026-05-21 08:49:50.164402
aline_coelho01,2026-05-21 08:52:14.871249
joana_darcsilva,2026-05-21 08:53:56.153108
marilene.fs,2026-05-21 08:55:25.967106
voolivrefashion,2026-05-21 08:56:52.288817
gleutinho,2026-05-21 08:58:21.482816
samuka.drums_,2026-05-21 09:00:10.438871
maristsmoura,2026-05-21 09:01:37.816597
guto_cesar_souza_cruz,2026-05-21 09:02:54.308261
anapaulaquixabeira,2026-05-21 09:04:12.404181
dravanessa.ramagem,2026-05-21 09:05:13.873329
odontopachecocarina,2026-05-21 09:06:46.793390
alciclair,2026-05-21 09:08:27.169832
dra.lorenaaze,2026-05-21 09:10:07.897597
nubiasousa_,2026-05-21 09:11:52.479937
grietjens,2026-05-21 09:13:49.635816
marenilza_marenilzamorais,2026-05-21 09:15:14.922103
drajuvieiraborges,2026-05-21 09:17:13.617825
andressacamargoc,2026-05-21 09:18:30.786036
layanec,2026-05-21 09:19:56.210884
dra.elizangelaamaral,2026-05-21 09:21:55.787568
hagylla_nascimento,2026-05-21 09:23:04.946637
teixeirarodrigoduarte,2026-05-21 09:24:46.668384
joice.contadora,2026-05-21 09:26:41.695660
adrianadias_sil,2026-05-21 09:27:56.820658
doce_le_artesanais,2026-05-21 09:29:11.181123
alexbahialeiloes,2026-05-21 09:30:41.624401
soy_dias,2026-05-21 09:32:23.652805
aclaser.estetica,2026-05-21 09:33:50.644602
mariaizabelfigueiredo,2026-05-21 09:35:21.418468
chryss.any,2026-05-21 09:36:23.717998
cicerapereirassilva,2026-05-21 09:38:13.654805
cibelly_santanna,2026-05-21 09:39:52.604107
jaquelinerosacruzp,2026-05-21 09:41:38.001023
maimai.lifestyle,2026-05-21 09:43:25.254291
giselleexitusmedical,2026-05-21 09:44:28.002655
karlafaccine,2026-05-21 09:45:39.651071
zeca_de_oliveira_,2026-05-21 09:46:43.010735
drajulianaarodriguees,2026-05-21 09:48:30.688087
paula.jambers,2026-05-21 09:50:02.245500
playbiane,2026-05-21 09:51:42.595686
thayshelenaoliveira,2026-05-21 09:53:43.388640
ednabessa211,2026-05-21 09:55:28.229955
leiaprt,2026-05-21 09:57:00.314514
mikaelypinheir,2026-05-21 09:58:02.647273
patysmoraes04_,2026-05-21 09:59:46.216479
sabrinaandraden,2026-05-21 10:01:30.133094
lorena_alvesd,2026-05-21 10:02:38.835798
raquene_,2026-05-21 10:04:12.813974
jjardeanne_silvaaa,2026-05-21 10:06:08.637698
fofocas_psoto,2026-05-21 10:07:49.361823
sabrine_aqueiroz,2026-05-21 10:09:46.592109
jaquelineamaro.13,2026-05-21 10:11:09.105686
draisabellamartinsgc,2026-05-21 10:12:50.877654
biancarlasousaa,2026-05-21 10:14:34.261367
taynararsantana,2026-05-21 10:16:11.379008
anita_sgrinier,2026-05-21 10:17:58.235975
cardoso_hellys,2026-05-21 10:19:19.414146
elenirmenezes,2026-05-21 10:20:48.844692
nandadamaso,2026-05-21 10:22:05.117965
antoniacassia6,2026-05-21 10:23:54.688122
evilaciojr,2026-05-21 10:25:23.044757
addrianamatos_fno,2026-07-02 08:33:29.287357
jordanaborba,2026-07-02 08:35:18.720015
renat.bandeira,2026-07-02 08:37:45.742303
caroline_ketruy,2026-07-02 08:41:10.903257
kamylla_makeup,2026-07-02 08:48:19.140214
deboradelimacerimonial,2026-07-02 08:48:44.980045
ipb_cursos,2026-07-02 08:49:05.671371
medforma_larissamachado,2026-07-02 08:49:11.779415
castilho_michelly,2026-07-02 08:49:26.575992
lojanelitalima,2026-07-02 08:50:03.765217
igorphilip,2026-07-02 08:50:07.099852
drapaollamendes,2026-07-02 08:51:46.056419
leticiacllets,2026-07-02 08:52:06.615195
karen.alynne,2026-07-02 08:54:14.718500
rita_dulce_vargas,2026-07-02 08:54:18.414093
brunaguilherme1,2026-07-02 08:54:24.499174
dhiuliana_almeida,2026-07-02 08:54:29.738482
dani.nogueirar,2026-07-02 08:54:37.619272
bigodeboiadero,2026-07-02 08:54:43.294031
joelma_coelho_de_sousa,2026-07-02 08:54:48.202843
thaysarodrigues02,2026-07-02 08:54:53.906538
temiaoliveira,2026-07-02 08:54:58.850430
studiosusiluz,2026-07-02 08:55:04.132142
edmonmarques,2026-07-02 08:55:15.065563
abruna168,2026-07-02 08:55:19.665233
acamilaandrade_,2026-07-02 08:55:24.236813
cintiamoraesfotografa,2026-07-02 08:55:29.135254
thamiires_coelho,2026-07-02 08:55:34.802687
lorenavegas,2026-07-02 08:55:40.795810
talittavanessa,2026-07-02 08:55:45.683880
suellen___martins,2026-07-02 08:55:50.012020
uvgcu_tfct_y_u__,2026-07-02 08:55:53.896150
fernandogabera,2026-07-02 08:56:06.379941
barbara.medeiros.890,2026-07-02 08:56:11.440935
piresgeo,2026-07-02 08:56:16.778459
julieth_gsouza,2026-07-02 08:56:21.352162
joao_bela_vista___,2026-07-02 08:56:24.647229
nandocoelhogomes,2026-07-02 08:56:28.982979
merciaa.mel,2026-07-02 08:56:50.381466
d.rodriguesr17,2026-07-02 08:56:54.468350
olgapaganini2,2026-07-02 08:56:58.439016
charlsrementeria,2026-07-02 08:57:04.320630
tatianylyma,2026-07-02 08:57:24.197943
adriane.sgrinier,2026-07-02 08:57:29.398438
erikanduenha,2026-07-02 08:57:33.923538
anasivamendonsagomes,2026-07-02 08:57:40.570588
gabriely_.sousa2,2026-07-02 08:57:47.684184
railma_martins,2026-07-02 08:58:00.578200
mariajusilene,2026-07-02 08:58:21.552847
gilsfarias,2026-07-02 08:58:44.079721
mikaelly_ribeiro,2026-07-02 08:58:56.929175
joao_vitor_mmendonca,2026-07-02 08:59:00.537306
joanicema,2026-07-02 08:59:04.755234
mary_aguiar2526,2026-07-02 08:59:18.858470
maria6506vitoria,2026-07-02 08:59:25.004854
gabrielamoural,2026-07-02 08:59:29.774366
helencristinaal,2026-07-02 08:59:39.307444
skilluspalmas,2026-07-02 08:59:45.764655
mariaester.soares.967,2026-07-02 08:59:50.000354
weillasousaban,2026-07-02 08:59:55.811598
bi3lzinxs,2026-07-02 09:00:02.120828
mariadas8142,2026-07-02 09:00:06.816941
wilainy.pimentel,2026-07-02 09:00:10.917498
arlete_rodrigues09,2026-07-02 09:00:31.932099
amandcastt,2026-07-02 09:00:38.656547
vivianescarneiro,2026-07-02 09:00:44.391794
rosineidebarros1555,2026-07-02 09:01:05.577974
_vivari,2026-07-02 09:01:11.432149
katianelucenna,2026-07-02 09:01:20.753924
adrianaoliveira_11,2026-07-02 09:01:42.986407
_aalinemont,2026-07-02 09:01:57.442812
anabeatrizbarretoo,2026-07-02 09:02:07.959100
dstivada.gabyy,2026-07-02 09:02:43.366003
ivaneidegoncalvesdeoliveira,2026-07-02 09:02:49.198171
paulovitor.pb30,2026-07-02 09:03:09.017697
loriana_soares15,2026-07-02 09:03:19.295431
ariadnealencar02,2026-07-02 09:03:23.798070
gabriiels.victor,2026-07-02 09:03:45.313162
rafael_claudinejuca,2026-07-02 09:03:50.095356
philipe_gama,2026-07-02 09:03:54.850155
sabrynaapinage,2026-07-02 09:03:59.642055
anna_pimmentel,2026-07-02 09:04:04.281608
belguione,2026-07-02 09:04:07.996446
cruzalves35,2026-07-02 09:04:13.801301
porbrunamacedo,2026-07-02 09:04:19.404470
mvanabeatrizb,2026-07-02 09:04:23.718452
bruh_arajoo,2026-07-02 09:04:34.895691
suelimartins__,2026-07-02 09:04:45.151694
paulo_diniz_pso,2026-07-02 09:04:50.535606
moda.fit_cm,2026-07-02 09:04:56.007699
jessicalopesc__,2026-07-02 09:05:02.010043
luandabg_,2026-07-02 09:05:23.501873
_joao.victor_22_,2026-07-02 09:05:27.714144
andiarafernandes,2026-07-02 09:05:33.303991
christian.rdrigues_,2026-07-02 09:05:38.676326
tania_marbella,2026-07-02 09:05:57.568035
ruzzasilviaregina,2026-07-02 09:06:01.812951
julyanefreitasc,2026-07-02 09:06:06.132177
st.ela887,2026-07-02 09:06:11.124640
monna_mariah,2026-07-02 09:06:15.311137
mmenezesp,2026-07-02 09:06:20.069115
dilvanychefer,2026-07-02 09:06:39.779255
lidianne_lly,2026-07-02 09:06:45.169918
daianesalesimoveis,2026-07-02 09:06:57.231957
jbgbritto,2026-07-02 09:07:02.582580
raimundaaguiar,2026-07-02 09:07:06.445829
laisrodriguesdasilva,2026-07-02 09:07:11.505160
jairasanches,2026-07-02 09:07:16.752380
isabelcmorais,2026-07-02 09:07:28.743628
mari.leonardeli,2026-07-02 09:07:34.442599
mayra.dias,2026-07-02 09:07:40.130706
ceruttimesmo,2026-07-02 09:08:01.107674
ghabisoares_,2026-07-02 09:08:07.527607
mariaeeb_,2026-07-02 09:08:12.325876
i.passei,2026-07-02 09:08:18.327204
isabelllarcruz,2026-07-02 09:08:24.707519
barbara._mlopes,2026-07-02 09:08:28.846202
marizabrito_,2026-07-02 09:08:32.878243
raquel_iluminada,2026-07-02 09:08:39.049621
weidilla30,2026-07-02 09:08:43.000388
luanacavalcante85,2026-07-02 09:08:46.383149
path.nascimento,2026-07-02 09:08:52.392630
aleandra_de_sa,2026-07-02 09:08:56.287477
luellepn,2026-07-02 09:09:00.619163
polyanahpoly,2026-07-02 09:09:12.479051
geomarques__,2026-07-02 09:09:17.161347
adrielebarros_,2026-07-02 09:09:22.951715
thaasmminamee,2026-07-02 09:09:28.410415
denyorodrigues,2026-07-02 09:09:32.209870
lidiane_silva28,2026-07-02 09:09:54.871756
wanesssadiass,2026-07-02 09:09:59.601120
eduardoribeirocruz,2026-07-02 09:10:05.109868
polliana_viana_silva,2026-07-02 09:10:14.481761
pediatramarianeteixeira,2026-07-02 09:10:20.326743
cleversonfcr,2026-07-02 09:10:38.484090
alanacastroo,2026-07-02 09:10:50.181316
elaadvocacia,2026-07-02 09:10:54.273590
mayarabonaa,2026-07-02 09:10:57.666240
vihh_garcia_,2026-07-02 09:11:02.812892
tays__silvaa_,2026-07-02 09:11:07.630528
ellaynesantana_maquiadora,2026-07-02 09:11:19.008545
brendadefavere,2026-07-02 09:11:23.514866
studiocaprichoeldorado_,2026-07-02 09:11:28.520770
casareluxo,2026-07-02 09:11:37.903709
inposbr,2026-07-02 09:11:43.713433
nandaeusouocorre,2026-07-02 09:11:49.768773
quirino.lourdes,2026-07-02 09:12:09.275346
sandra__cardoso__,2026-07-02 09:12:13.119126
angelicabarboz,2026-07-02 09:12:16.916017
sirlenebuenobueno,2026-07-02 09:12:23.628221
cremasco_lubia,2026-07-02 09:12:43.158428
maipolido,2026-07-02 09:12:47.762450
alice_alves_d_s,2026-07-02 09:13:14.731040
lorhanunes,2026-07-02 09:13:20.558249
fabiaagil,2026-07-02 09:13:40.498173
aviva.mia.g12,2026-07-02 09:13:45.955176
patriciasffeitosa,2026-07-02 09:13:51.182228
valeriabritochaves,2026-07-02 09:13:55.926891
suzy.amaralb,2026-07-02 09:14:00.339106
tamiresrocha_of,2026-07-02 09:14:06.012174
leiloeiro_ferreirinha,2026-07-02 09:14:11.677015
jullianamonteiroesteticista,2026-07-02 09:14:15.381318
toc.energy,2026-07-02 09:14:19.559538
dr_maxcunha,2026-07-02 09:14:24.977227
luzllayne_santos,2026-07-02 09:14:31.048365
jardel_benevides,2026-07-02 09:14:36.871378
lena.artercc,2026-07-02 09:14:40.669894
maiara_souza23,2026-07-02 09:14:45.506808
befernnandes,2026-07-02 09:14:59.561888
isabella_dmoreira,2026-07-02 09:15:04.884468
dayselopesm,2026-07-02 09:15:26.872068
dr.aguivamcastrofono,2026-07-02 09:15:31.390826
nildaaguiarlevis,2026-07-02 09:15:36.688944
laysfsalviano,2026-07-02 09:15:46.221356
claraleite,2026-07-02 09:15:51.493769
isaalourencoo,2026-07-02 09:15:57.347707
jake_nutricionista,2026-07-02 09:16:02.735572
maryna_silva10,2026-07-02 09:16:08.379300
espacoencantadoto,2026-07-02 09:16:19.781623
draleticiapavon,2026-07-02 09:16:25.079376
renatabritotrigueiro,2026-07-02 09:16:29.047679
duophotoevideo,2026-07-02 09:16:33.916705
drafernandaazanhaangotti,2026-07-02 09:16:39.266342
sabrinaaassuncao,2026-07-02 09:16:48.827856
klesiagomes_,2026-07-02 09:16:54.371693
crhisbio,2026-07-02 09:17:00.118461
kysleyoliveira,2026-07-02 09:17:03.472665
oliveira_rosy,2026-07-02 09:17:07.498659
suely_rosas,2026-07-02 09:17:14.023100
daniel.britoc,2026-07-02 09:17:26.623778
kamyllarocha6,2026-07-02 09:17:32.570726
prioritycrosspso,2026-07-02 09:17:38.230689
daniellacpires,2026-07-02 09:17:44.364216
joanadarcban,2026-07-02 09:17:48.768808
michelledala,2026-07-02 09:18:09.425
im_tina.taner,2026-07-02 09:18:13.141737
maristelabatistasoares,2026-07-02 09:18:17.508733
adrianasoarespaixao,2026-07-02 09:18:45.213150
deborasantl,2026-07-02 09:19:06.548173
ferbborgess,2026-07-02 09:19:27.583232
geiza9655,2026-07-02 09:19:32.975160
__renatacordeiro,2026-07-02 09:19:39.147975
val_freires8,2026-07-02 09:19:44.205777
davidaraujomota,2026-07-02 09:19:49.085795
gabriellencaldeira,2026-07-02 09:19:54.630426
patriciachagas1_,2026-07-02 09:20:31.076848
naraferoliver,2026-07-02 09:20:38.548971
maisofertas_shopee,2026-07-02 09:20:42.432614
lemes.daniele,2026-07-02 09:20:47.469315
dra.laeline.leal,2026-07-02 09:20:51.902462
dra.annas,2026-07-02 09:20:56.137680
sandrarollins30,2026-07-02 09:21:00.214432
camillo_buchinha,2026-07-02 09:21:05.214700
lany_barros_,2026-07-02 09:21:10.773443
diaaa.as,2026-07-02 09:21:16.833172
whanna.santana,2026-07-02 09:21:24.058255
daniella_cabral24,2026-07-02 09:21:29.756790
samua_rosa,2026-07-02 09:21:35.836488
dra.laizabrito,2026-07-02 09:21:39.803157
marinadasilvalopes52210,2026-07-02 09:21:44.383672
joelmamarinho91,2026-07-02 09:22:06.256559
eutiene_lima,2026-07-02 09:22:10.601586
polianarodriguesneres,2026-07-02 09:22:16.901863
evanaa_lim,2026-07-02 09:22:20.515737
antoniasilvap,2026-07-02 09:22:31.716679
gabrielabandeiraferreira,2026-07-02 09:22:37.134007
karinacastromultimarcas,2026-07-02 09:22:43.032292
juliana_soar,2026-07-02 09:22:48.959556
ana.claudia_sp,2026-07-02 09:22:53.257448
carlosenriquetava,2026-07-02 09:22:57.912311
isabelletamanho,2026-07-02 09:23:12.214414
78debs2013,2026-07-02 09:23:17.216619
jullyavls,2026-07-02 09:23:22.696703
andressacoelho17,2026-07-02 09:23:26.822628
patriciaquinob,2026-07-02 09:23:30.512345
monieleh,2026-07-02 09:23:33.962282
rilziribeiro,2026-07-02 09:23:39.722478
nopeloenazoeira,2026-07-02 09:24:01.922503
juraidessouza,2026-07-02 09:24:07.857674
crystiane_flores,2026-07-02 09:24:12.114761
dr_tirador,2026-07-02 09:24:15.505522
guida3063,2026-07-02 09:24:20.746721
marlei.barbosa.712,2026-07-02 09:24:25.067479
pedrostussi,2026-07-02 09:24:28.602513
danyy_caldeira,2026-07-02 09:24:35.329292
santos.dilva,2026-07-02 09:24:41.079791
patricianneryy,2026-07-02 09:24:46.645593
_rbl_s,2026-07-02 09:24:51.260331
dr.addlersteve,2026-07-02 09:24:56.896850
dianneleitte,2026-07-02 09:25:02.610392
revitale.clinica,2026-07-02 09:25:25.238318
nobisukez4,2026-07-02 09:25:31.212240
_cintiabatista,2026-07-02 09:25:51.707902
ravenaleao,2026-07-02 09:25:57.825388
kawannacanafistula,2026-07-02 09:26:02.103579
mariajalapaoofc,2026-07-02 09:26:23.275021
selmamariagomes,2026-07-02 09:26:33.486819
raysa_rnascimento,2026-07-02 09:26:38.250554
carmempereirasilva,2026-07-02 09:26:43.162704
nilvane_leite,2026-07-02 09:26:48.660637
celiabcoelho,2026-07-02 09:26:53.931
cristinesazevedo,2026-07-02 09:26:58.392021
dethdias,2026-07-02 09:27:04.147710
claudia.g.almeida,2026-07-02 09:27:08.475211
falapedroso,2026-07-02 09:27:19.164142
toim_mota,2026-07-02 09:27:22.827493
marciozancaner,2026-07-02 09:27:28.999002
drcassiobruno,2026-07-02 09:27:34.720538
lucienefonoaudiologa,2026-07-02 09:27:40.118956
maria_.daice,2026-07-02 09:27:45.253400
debora20carvalho,2026-07-02 09:27:50.878216
regina_sousapso.tto,2026-07-02 09:27:54.946544
clarasindeaux_,2026-07-02 09:28:15.740056
camila001aires,2026-07-02 09:28:20.976974
paulacavalcanteperfumes,2026-07-02 09:28:25.247536
silvamayara350,2026-07-02 09:28:30.059550
gigriola_ferreira,2026-07-02 09:28:50.193997
criscosta08,2026-07-02 09:28:55.492956
lilianalvesb,2026-07-02 09:29:00.344199
rosane.smarinho,2026-07-02 09:29:04.856610
thacy1023,2026-07-02 09:29:08.562299
deliciasdaval86,2026-07-02 09:29:14.305194
natyromancantora,2026-07-02 09:29:19.464026
bookstan_malia,2026-07-02 09:29:26.367004
espacolaisalopes,2026-07-02 09:29:32.253523
juniorlourencos,2026-07-02 09:29:35.919666
mariaalicesousavieira,2026-07-02 09:29:40.538818
vanessadiasalvcar,2026-07-02 09:29:43.828187
mariaalicefl_,2026-07-02 09:29:50.218845
anaclaudiamendanha,2026-07-02 09:30:16.188067
moemacarreiro,2026-07-02 09:30:39.970792
eleusabonifacio,2026-07-02 09:30:44.949094
drabarbaracardoso,2026-07-02 09:30:48.854622
analimasousa_,2026-07-02 09:30:54.356229
dilmasilvadantas,2026-07-02 09:30:59.449655
ednacardosofisio,2026-07-02 09:31:03.081328
laura_costa.copy,2026-07-02 09:31:16.103478
jessica.ferrep,2026-07-02 09:31:19.971810
jayane.almeida.18,2026-07-02 09:31:25.042421
marluciaalvarenga,2026-07-02 09:31:30.490730
gabriellaab0rges,2026-07-02 09:31:36.616592
ana.pfreitasbarbosa,2026-07-02 09:31:43.413471
dhaviluiz2020,2026-07-02 09:31:47.257292
isasousasuplementos,2026-07-02 09:31:52.093503
leilalmoraes_,2026-07-02 09:31:57.672661
emedicbrasil,2026-07-02 09:32:02.660652
jader.cjoficial,2026-07-02 09:32:22.915896
andradeaurea,2026-07-02 09:32:26.963163
mariadivinaestetica,2026-07-02 09:32:32.061265
bandeirabartolomeu,2026-07-02 09:32:36.474346
unifit.estetica,2026-07-02 09:32:41.628219
avilamirand_,2026-07-02 09:32:46.491798
nayarasthefany,2026-07-02 09:32:50.410210
eblensouza,2026-07-02 09:32:56.245259
renew.brasil,2026-07-02 09:32:59.646374
eliene.rodrigueslins,2026-07-02 09:33:04.366210
arezzoaraguainaliquida,2026-07-02 09:33:08.138832
jfesteticaavancada_,2026-07-02 09:33:13.626033
draclaudiafragoso,2026-07-02 09:33:18.101421
lucienepl,2026-07-02 09:33:23.710088
crisalvesa_,2026-07-02 09:33:35.660929
iza_belacristina,2026-07-02 09:33:56.669793
mariajose.sousalima.5,2026-07-02 09:34:01.457063
pinheirotania2022,2026-07-02 09:34:05.025161
paz_cunha,2026-07-02 09:34:10.456702
botelhokaka,2026-07-02 09:34:15.549203
isabellaribeiro.estetica,2026-07-02 09:34:19.658570
rapha.paranagua,2026-07-02 09:34:25.676509
cledeneves,2026-07-02 09:34:30.654479
laila_blenayss,2026-07-02 09:34:53.307225
majurodriguesoficial,2026-07-02 09:34:57.764319
ataidesjesussousa,2026-07-02 09:35:02.455043
cristina.primo,2026-07-02 09:35:15.380107
doctormonnikevilyn,2026-07-02 09:35:20.175525
jalexandre2000,2026-07-02 09:35:27.267855
empregosdearaguaina,2026-07-02 09:35:41.893363
leilianeoliveira.maria,2026-07-02 09:35:48.391689
jujudias1224,2026-07-02 09:36:19.347373
mariahelena.ferraz.391,2026-07-02 09:36:24.174854
jessica_soaresl,2026-07-02 09:36:30.453659
rosildasousamoreira,2026-07-02 09:36:50.091658
samualoja,2026-07-02 09:37:00.278477
juliabatista304,2026-07-02 09:37:05.463732
marissuzy_mc_,2026-07-02 09:37:14.379624
zeuguimargoncalves,2026-07-02 09:37:19.551477
anapaula.bessa.carv,2026-07-02 09:37:25.159500
analaurampaes,2026-07-02 09:37:30.138102
lhaysemmylli_,2026-07-02 09:37:35.066878
elainecastrodiniz,2026-07-02 09:37:41.251890
dranathalliapires,2026-07-02 09:37:46.207889
a.carolmilhomem,2026-07-02 09:37:50.811148
luxe.pmw,2026-07-02 09:37:55.021224
diassabryna,2026-07-02 09:38:02.607522
julianagabino,2026-07-02 09:38:08.845957
vinicius_palmas,2026-07-02 09:38:12.854854
gabriellenog__,2026-07-02 09:38:18.967574
anacarolina.vf,2026-07-02 09:38:28.227533
marla_heloisa_,2026-07-02 09:38:32.890623
camila.ribeiro_santos,2026-07-02 09:38:38.969748
kellinygg,2026-07-02 09:38:43.347161
dantasdielle,2026-07-02 09:38:48.258392
agd_marques,2026-07-02 09:39:00.819915
oticasburiti,2026-07-02 09:39:04.716676
fe.roberta,2026-07-02 09:39:09.451205
gabriely_dias19,2026-07-02 09:39:14.558865
rubens.rmorais,2026-07-02 09:39:27.367556
jm_tricologia,2026-07-02 09:39:59.637448
drajulianaboaventuraa,2026-07-02 09:40:17.671740
clinicabeatrizrocco,2026-07-02 09:40:23.243894
alcennyrodrigues,2026-07-02 09:40:27.022661
ditosaboutique,2026-07-02 09:40:31.635520
miriansouzalocutora,2026-07-02 09:40:51.993612
maylna_paixao,2026-07-02 09:41:12.929119
maressaprado,2026-07-02 09:41:18.389516
dra.luharaujo,2026-07-02 09:41:25.026446
isabelabenedet,2026-07-02 09:41:35.961715
duarte_ray,2026-07-02 09:41:48.653618
braz.vilma,2026-07-02 09:41:54.819414
saravitoriagouveia,2026-07-02 09:42:07.409569
olindaveloso,2026-07-02 09:42:13.790350
marcusviniciusrpereira,2026-07-02 09:42:18.092982
la.branddd,2026-07-02 09:42:23.381148
ingrid_ambrosiio,2026-07-02 09:42:28.191497
anamarcia2602,2026-07-02 09:42:34.303607
deborasousil,2026-07-02 09:42:40.738133
schutzpalmasoficial,2026-07-02 09:42:44.480562
wes_silvs.nails,2026-07-02 09:42:50.808780
willianmarini,2026-07-02 09:42:55.944494
huanmatheus,2026-07-02 09:43:00.374988
lais_lecal,2026-07-02 09:43:06.488839
aryeligoncalves,2026-07-02 09:43:11.088752
emyllyaraujoa,2026-07-02 09:43:17.956601
michelleravilla,2026-07-02 09:43:28.743060
dogivania30,2026-07-02 09:43:35.479327
fabianaguimaraes8,2026-07-02 09:43:40.883109
karolaynedmedeiros,2026-07-02 09:43:52.875208
maisa_bta,2026-07-02 09:43:56.886989
maristelacoelhoalencar,2026-07-02 09:44:03.661128
carol_dias_,2026-07-02 09:44:09.878203
istefanysoares,2026-07-02 09:44:15.521855
babyluxxo,2026-07-02 09:44:19.556264
juliana_alves.c,2026-07-02 09:44:24.547615
nicolepfeifeer,2026-07-02 09:44:28.218337
liviamilhomem,2026-07-02 09:44:32.026250
rafaeldjuca,2026-07-02 09:44:38.351836
breno_alves_barreto,2026-07-02 09:44:41.727284
rlcs.to,2026-07-02 09:44:46.352024
imaculadaferreira,2026-07-02 09:44:51.844632
flaviaoliveira6529,2026-07-02 09:44:56.279038
naianalmedeiros,2026-07-02 09:45:00.167314
dorinha_souzf,2026-07-02 09:45:03.980803
ol.iveira7520_,2026-07-02 09:45:10.301012
leylacborges,2026-07-02 09:45:14.544175
mellissafigueiredo,2026-07-02 09:45:20.145170
xiquenanda,2026-07-02 09:45:26.659627
importedforbaby,2026-07-02 09:45:32.326883
isakyana.rb,2026-07-02 09:45:35.642729
daniellesiqueira_maquinas,2026-07-02 09:45:46.466022
jucineidepilon,2026-07-02 09:45:51.130733
larapastrez,2026-07-02 09:46:29.687396
claudia_ssantoos,2026-07-02 09:46:39.776353
barbaracs7,2026-07-02 09:46:45.288851
dra.therezadobler,2026-07-02 09:46:58.702602
sheilamoxotog,2026-07-02 09:47:03.800267
aldileiafonseca,2026-07-02 09:47:23.977047
nicemota22,2026-07-02 09:47:29.052613
obrunoferreira,2026-07-02 09:47:33.673314
milena_samilaa,2026-07-02 09:47:39.624336
leia_oliveirs,2026-07-02 09:47:45.571074
paulagarciamarinho,2026-07-02 09:47:50.936622
espacodavane,2026-07-02 09:47:57.144180
lanacastro668,2026-07-02 09:48:02.904383
jackelineibiapinoo,2026-07-02 09:48:07.073814
ln.fs,2026-07-02 09:48:13.385791
cassia.rosangelade,2026-07-02 09:48:18.899772
feliciamacedo19,2026-07-02 09:48:26.261275
sandra_dias1,2026-07-02 09:48:32.174368
vergi_sen,2026-07-02 09:48:37.160215
mariaemiliamonteiro,2026-07-02 09:48:42.923635
pollyana_mendanha,2026-07-02 09:48:47.166153
fran_alve5,2026-07-02 09:48:52.676017
diogobrito9827_,2026-07-02 09:48:56.857928
luciane_ximenes,2026-07-02 09:49:02.849212
leia.ths,2026-07-02 09:49:09.157332
cardosomarineth,2026-07-02 09:49:31.904028
lucilenne_card,2026-07-02 09:49:41.728296
_carooldp,2026-07-02 09:49:45.706018
karinearaujoo._,2026-07-02 09:49:50.773632
izabelsilva86,2026-07-02 09:49:55.789098
lucymony,2026-07-02 09:50:00.122081
escarllitty,2026-07-02 09:50:03.671021
daylinr74,2026-07-02 09:50:07.463453
ferfeltrim,2026-07-02 09:50:13.545874
marges.producoess,2026-07-02 09:50:18.025889
biankamarchesiniadv,2026-07-02 09:50:22.047625
cristinaluchiari,2026-07-02 09:50:25.658703
mary.paivva,2026-07-02 09:50:30.914835
abadiaremo,2026-07-02 09:50:36.303704
rislaresantos2_,2026-07-02 09:50:57.032917
simonesantos_store,2026-07-02 09:51:01.905097
carluciapereirabarbosa,2026-07-02 09:51:07.595187
carloshmm_,2026-07-02 09:51:19.098975
mariimarquessss,2026-07-02 09:51:22.980683
valda_da_silvaa,2026-07-02 09:51:26.531356
adriana_nascimento_borba,2026-07-02 09:51:29.741990
janaina_.morais,2026-07-02 09:51:33.571126
anapaulabraunde,2026-07-02 09:51:42.326264
rosaniacsv24,2026-07-02 09:51:46.409943
tivinalili_bezerra,2026-07-02 09:51:50.832687
flavis913,2026-07-02 09:51:55.824867
sheilaferreirapimentel,2026-07-02 09:52:00.118539
pulseirinhas_da_mafe,2026-07-02 09:52:04.605033
celiandreteixeira,2026-07-02 09:52:17.084244
claudiomarinho.gomes,2026-07-02 09:52:22.394440
marlinycostabrito,2026-07-02 09:52:26.553680
yhagodourado,2026-07-02 09:52:45.971666
jose_williambjj,2026-07-02 09:52:50.503631
hotelrelicario,2026-07-02 09:53:11.887967
danielalisboa12,2026-07-02 09:53:38.452560
flavinhalemos31,2026-07-02 09:53:41.782196
vannessa.vrr,2026-07-02 09:53:46.177014
jackeline.nepomuceno,2026-07-02 09:53:49.540377
biquinis_lacosta,2026-07-02 09:53:59.579195
gisleanne,2026-07-02 09:54:05.391344
laismilh,2026-07-02 09:54:16.764102
ateliershoesaraguaina,2026-07-02 09:54:20.725140
nabianaiara,2026-07-02 09:54:26.786416
jhonealvesoficial,2026-07-02 09:54:31.221254
felippeagomes,2026-07-02 09:54:43.329362
jesy_maciel,2026-07-02 09:54:55.711708
kallyportugal,2026-07-02 09:55:01.976196
quezadofilipe,2026-07-02 09:55:06.900257
gilbertto.lemes,2026-07-02 09:55:11.618387
favoritafit.academiafeminina,2026-07-02 09:55:15.268421
taniaribeiro.ofc,2026-07-02 09:55:35.135327
j_limaboutique,2026-07-02 09:55:40.917827
eliz_carvalho_7,2026-07-02 09:55:52.897888
suellemtalesangelo,2026-07-02 09:55:57.473825
primangueira,2026-07-02 09:56:09.064795
gsk_lucena,2026-07-02 09:56:14.687394
radio_105fm,2026-07-02 09:56:20.326267
letymedeiros_,2026-07-02 09:56:37.008255
laisalimaaleixo,2026-07-02 09:56:40.919597
grupogaslar,2026-07-02 09:56:46.790930
esteticathaynanascimento,2026-07-02 09:56:52.282703
gouveiadudaa,2026-07-02 09:56:56.422942
agenciaofy,2026-07-02 09:57:10.445178
hellenkaren_c,2026-07-02 09:57:15.255391
wesley_mourao_,2026-07-02 09:57:20.055907
kiarabrandao,2026-07-02 09:57:24.652410
andreapaula605,2026-07-02 09:57:51.218844
hayra.barros,2026-07-02 09:58:00.772005
dratalitacardoso,2026-07-02 09:58:21.842581
samarafsbpso,2026-07-02 09:58:28.415748
hilanamedeiros5,2026-07-02 09:58:32.888605
susiluz2,2026-07-02 09:58:39.056975
clarice_p2,2026-07-02 09:58:44.421353
yannlincoln,2026-07-02 09:58:50.186541
itaianeschwabacher,2026-07-02 09:59:28.181137
gabisacardosampaio,2026-07-02 09:59:33.035715
solangesmartins,2026-07-02 09:59:38.522783
pallomapcs,2026-07-02 09:59:42.431398
najla.fernanda.16,2026-07-02 09:59:45.776255
renatamikaellen,2026-07-02 09:59:51.485322
brunnaarruda,2026-07-02 10:00:11.765723
alinnebento1,2026-07-02 10:00:34.170478
claudiapenteados_,2026-07-02 10:00:39.767183
maisagalvao85,2026-07-02 10:00:45.211802
borba_28,2026-07-02 10:00:50.686726
juh.sbarros,2026-07-02 10:00:54.373784
ludmillagsoares,2026-07-02 10:01:00.374527
thiiagobastos,2026-07-02 10:01:06.515771
keniagns,2026-07-02 10:01:11.786263
silmarmartinsmarques,2026-07-02 10:01:16.088130
isabelabernardesbeauty,2026-07-02 10:01:20.362413
lorendsm,2026-07-02 10:01:24.982349
robertodjuca,2026-07-02 10:01:30.850310
santhoestilo,2026-07-02 10:01:36.156325
souza__thwanyy,2026-07-02 10:01:41.244030
ranayags,2026-07-02 10:01:44.474363
_raisaquino,2026-07-02 10:01:50.053753
belo.adriana,2026-07-02 10:02:00.544760
faelgoliveira,2026-07-02 10:02:34.318200
carmenlima_croche,2026-07-02 10:02:39.340504
solange_carvalho_andre,2026-07-02 10:02:43.878939
franciete_massari,2026-07-02 10:03:03.072762
jadpontes,2026-07-02 10:03:06.310366
hdhdgdgdhj,2026-07-02 10:03:24.635934
elaynesousa_4,2026-07-02 10:03:29.294860
liliancampos.r,2026-07-02 10:03:51.400723
dra_shisley_epaminondas,2026-07-02 10:04:01.321889
shawanehagestedt,2026-07-02 10:04:05.789549
toinpeixoto,2026-07-02 10:04:10.973730
larissa.eterna,2026-07-02 10:04:16.351123
guilhermeecastrro,2026-07-02 10:04:21.355911
drafernandavilar,2026-07-02 10:04:31.363564
sandrinha.barbosa.98,2026-07-02 10:04:37.028149
karlapauline_,2026-07-02 10:04:41.537166
alinenogueira1314,2026-07-02 10:05:05.885831
isabelaandrade_b,2026-07-02 10:05:10.678801
danieterna,2026-07-02 10:05:16.800137
ronaldorodrigues3880,2026-07-02 10:05:21.511402
andressadiasg,2026-07-02 10:05:25.491467
villabellafloricultura,2026-07-02 10:05:43.477749
crismelo_4,2026-07-02 10:06:03.539202
dra.iankacastro,2026-07-02 10:06:09.536674
institutoeleganza,2026-07-02 10:06:13.147525
raillafre,2026-07-02 10:06:19.072256
rianca_oliveira,2026-07-02 10:06:30.313759
aana_paulacosta,2026-07-02 10:06:38.061886
movviplay,2026-07-02 10:06:41.560157
peritamabel,2026-07-02 10:06:45.953428
jussara_andrade__atelier,2026-07-02 10:06:51.230493
nabiamilhomens,2026-07-02 10:06:55.388499
odonto.med_araguaina,2026-07-02 10:06:59.153230
nessinharamos,2026-07-02 10:07:02.832845
janainamuniz9,2026-07-02 10:07:06.259202
linkarcarneiro,2026-07-02 10:07:33.296375
lenir.carvalho01,2026-07-02 10:07:38.600724
cristiane.paulaasilva,2026-07-02 10:07:44.344237
drasuzanamoura,2026-07-02 10:07:50.206068
a.lcarvalho,2026-07-02 10:07:54.667809
storemorenafashion,2026-07-02 10:07:59.470379
jenifer_danielle,2026-07-02 10:08:05.321884
familiamguimaraes,2026-07-02 10:08:11.117673
wilderlany,2026-07-02 10:08:17.370233
rubensjneto,2026-07-02 10:08:44.769977
elieth_hinckel,2026-07-02 10:08:50.333179
sonianonatoo,2026-07-02 10:08:54.036495
raysylveiralmeidah,2026-07-02 10:08:58.964453
solutec_informatica_,2026-07-02 10:09:02.467234
analuciacastgratao,2026-07-02 10:09:06.776642
simiramys,2026-07-02 10:09:10.316775
iritaniafernandes,2026-07-02 10:09:16.434410
indyaniadionys,2026-07-02 10:09:21.802341
dra.lorenadias,2026-07-02 10:09:25.946485
laurafernandesbeauty,2026-07-02 10:09:43.520801
deboraportugalll,2026-07-02 10:09:48.494534
thaissoares_arquiteta,2026-07-02 10:09:59.400776
pradeusanery,2026-07-02 10:10:02.737203
katileya,2026-07-02 10:10:07.160100
daniela.pereiramendonca,2026-07-02 10:10:18.127579
drbrunobastos1,2026-07-02 10:10:22.240708
mariocortezneto,2026-07-02 10:10:27.707293
teresasalbego,2026-07-02 10:10:32.716227
julianaanascimento10,2026-07-02 10:10:36.121792
ortolign_alinhadores,2026-07-02 10:10:47.227080
rozanaoliveiramarykay,2026-07-02 10:10:53.859294
lisiarossany,2026-07-02 10:10:57.932203
larandradeoliveira,2026-07-02 10:11:01.233144
_datius,2026-07-02 10:11:06.540093
leidiannesanches,2026-07-02 10:11:11.165145
saraemanuellepereir,2026-07-02 10:11:16.447120
moraesalcineide,2026-07-02 10:11:53.349509
joanabovino,2026-07-02 10:11:59.318900
andileybarbosa,2026-07-02 10:12:05.283906
telesanaclaudia,2026-07-02 10:12:11.320742
norma_filho,2026-07-02 10:12:14.906620
arthemis,2026-07-02 10:12:20.551266
amandaaspace,2026-07-02 10:12:26.203332
daysantos23,2026-07-02 10:12:30.124934
thennifer,2026-07-02 10:12:34.086387
stela_bezerra_leite_de_melo,2026-07-02 10:12:38.427296
layanepirett,2026-07-02 10:12:42.320510
deiannecosta,2026-07-02 10:12:47.851794
luiizasoarees,2026-07-02 10:12:52.017800
maialucortez_,2026-07-02 10:12:57.728333
dra.larissapires,2026-07-02 10:13:19.262236
paolaoliveiramesaposta,2026-07-02 10:13:25.023260
mariacandida.campos.10,2026-07-02 10:13:29.454344
elidapizza_delivery,2026-07-02 10:13:33.336731
dicasda_tai_,2026-07-02 10:13:38.965122
trumaijoysse,2026-07-02 10:13:44.629821
mariajosecfragoso,2026-07-02 10:13:56.986759
michellecastilhoest,2026-07-02 10:14:11.600918
anabarbarafeliciano,2026-07-02 10:14:15.149792
mocury,2026-07-02 10:14:19.837311
dra.anapaulaluz,2026-07-02 10:14:23.947705
jofitalimentos,2026-07-02 10:14:27.779986
ismenia_mendes,2026-07-02 10:14:33.960472
dyandranegreiros,2026-07-02 10:14:39.230921
isabellabernardov,2026-07-02 10:14:45.305956
ferdinan_p87,2026-07-02 10:14:51.469233
goontiijo_,2026-07-02 10:14:55.482436
stellasribeiro,2026-07-02 10:15:07.530938
kauane_marcheze,2026-07-02 10:15:20.253624
eduardafernandes460,2026-07-02 10:15:26.235622
cleiane1991,2026-07-02 10:15:31.648876
lissaalcr,2026-07-02 10:15:37.332192
janaina_araujo93,2026-07-02 10:15:43.362070
aamanda.xaavier,2026-07-02 10:15:49.132154
eusenicunha,2026-07-02 10:15:59.462769
adrianaleal13,2026-07-02 10:16:03.818173
anaclb3040,2026-07-02 10:16:08.186839
camilaolic_,2026-07-02 10:16:13.448888
hellenhisia_eng,2026-07-02 10:16:24.234711
loo.kallik,2026-07-02 10:16:30.203161
_meirivan,2026-07-02 10:16:51.804979
neid.marinho.1,2026-07-02 10:16:56.288670
leticia_gyn,2026-07-02 10:17:02.151474
precioso_brigadeiro,2026-07-02 10:17:06.482639
jr_feitoza,2026-07-02 10:17:11.523754
valeriarosim,2026-07-02 10:17:33.088063
maria.d.neto.79,2026-07-02 10:17:38.072397
alinegarciabrito2011a,2026-07-02 10:17:42.344714
laressa.paula,2026-07-02 10:17:49.437359
camylazzz,2026-07-02 10:18:11.231809
rodrigordamas,2026-07-02 10:18:20.937204
camila_moura20,2026-07-02 10:18:37.740277
kevindouglasarq,2026-07-02 10:18:43.880130
anaa._.rt,2026-07-02 10:18:48.565766
rozy.torres,2026-07-02 10:19:14.680135
deborakarina21,2026-07-02 10:19:19.887044
geogarras,2026-07-02 10:19:25.138453
biabia_makeblog,2026-07-02 10:19:36.127106
tayrinnevaz,2026-07-02 10:19:40.427527
ilzabritoss,2026-07-02 10:19:45.619493
suliane2014,2026-07-02 10:19:51.039280
dessa78567,2026-07-02 10:20:03.078442
amorim__karla,2026-07-02 10:20:09.086773
kawanny_bernardo,2026-07-02 10:20:12.440855
katiasoares.blog,2026-07-02 10:20:33.268398
raissafistarol,2026-07-02 10:20:37.239406
vsromano_,2026-07-02 10:20:40.987118
gihdias05,2026-07-02 10:20:47.096964
rosa_benignoo,2026-07-02 10:21:13.635079
_luu.sousaa,2026-07-02 10:21:26.432383
deiseceli,2026-07-02 10:21:32.030353
perfumesdapry,2026-07-02 10:21:52.147777
dra.alannanegrao,2026-07-02 10:22:08.396914
iiza_melo,2026-07-02 10:22:12.374532
tida_dellaqua,2026-07-02 10:22:32.825481
bezerrabrunos,2026-07-02 10:23:22.047857
micerlanerodrigues_bemcasados,2026-07-02 10:23:26.587040
fatbril68,2026-07-02 10:23:39.381127
camilahevroy,2026-07-02 10:23:44.943433
pollymaraguiar,2026-07-02 10:23:53.616021
marii.stts_,2026-07-02 10:24:15.056567
daayse_cborgess,2026-07-02 10:24:20.814446
vanubia_jardim,2026-07-02 10:24:25.076679
lizandra8362,2026-07-02 10:24:28.548746
gioovannamota,2026-07-02 10:24:34.033442
_anaa.costta,2026-07-02 10:24:39.041210
kamillallima1,2026-07-02 10:24:43.732604
tiffanychagas,2026-07-02 10:24:49.469592
sammianeres,2026-07-02 10:24:53.396977
tabatafranciscatto,2026-07-02 10:24:57.434945
rhanhasampaio,2026-07-02 10:25:03.311250
micaellenfontenele,2026-07-02 10:25:08.075866
aparecida__barbosa12,2026-07-02 10:25:12.750679
shaiannymilhomens,2026-07-02 10:25:39.880304
aurelinamang,2026-07-02 10:25:44.142473
nanypiagem,2026-07-02 10:25:48.796920
nandaoliveiraaah,2026-07-02 10:25:52.920194
danif.erreir,2026-07-02 10:25:59.167590
_mary.mrs,2026-07-02 10:26:03.960318
jaquelinegamaaraujo,2026-07-02 10:26:08.597124
eusoudarcia,2026-07-02 10:26:13.636457
edinelma.lima,2026-07-02 10:26:18.659635
mileide475,2026-07-02 10:26:22.513468
xs4turn0,2026-07-02 10:26:26.761115
gessycutrim,2026-07-02 10:26:30.335748
7558.fatima,2026-07-02 10:26:35.035177
alessaandralucena,2026-07-02 10:26:39.044893
dra.elenjuliana,2026-07-02 10:26:44.285223
diane_fortaleza,2026-07-02 10:26:48.210030
cleonevieira_nascimento,2026-07-02 10:27:11.016204
djamilaferreiraa,2026-07-02 10:27:15.824331
dalilamoraes6,2026-07-02 10:27:21.911184
ludmilabezerra22,2026-07-02 10:27:25.415654
tathyanamarinho,2026-07-02 10:27:29.217515
gleiciane8205,2026-07-02 10:27:34.386389
cris.cruiz,2026-07-02 10:27:40.058999
casarelocacoes,2026-07-02 10:27:44.984612
andressapacher,2026-07-02 10:28:10.620514
ueula_marques,2026-07-02 10:28:13.877378
amandinharibeirodasilva,2026-07-02 10:28:18.664344
erica_paixao1106,2026-07-02 10:28:23.050451
samaraamorim.b,2026-07-02 10:28:29.026005
ailhavieira,2026-07-02 10:28:34.341314
alinemartins601,2026-07-02 10:28:39.010287
jaynne.s.silva,2026-07-02 10:28:50.732435
simonesantos4666,2026-07-02 10:28:54.763407
dra.mariafernandabio,2026-07-02 10:28:58.995848
noelia.paula.100,2026-07-02 10:29:02.684748
gilmara_aquino,2026-07-02 10:29:07.918317
sandra_cirqueira,2026-07-02 10:29:13.708863
laramirandab,2026-07-02 10:29:18.840187
bonifaciopaula3,2026-07-02 10:29:23.603777
maria.gabriella.amaral,2026-07-02 10:29:27.147385
laurenice_guimaraes,2026-07-02 10:29:32.051202
sf_agronegocios,2026-07-02 10:29:39.945383
fabigferreira,2026-07-02 10:29:43.999794
dranandalima,2026-07-02 10:29:58.457439
pablo_t.holistic,2026-07-02 10:30:19.824386
keiladepaiva,2026-07-02 10:30:23.451261
b.carvalhomflavia,2026-07-02 10:30:28.303652
monikagorvinosilva122024,2026-07-02 10:30:55.468916
guaraciiaba,2026-07-02 10:31:00.579423
michellyalmeida135,2026-07-02 10:31:05.334740
gisele_gomes1017,2026-07-02 10:31:11.629185
fadnasan,2026-07-02 10:31:15.112240
carvalhosantosp,2026-07-02 10:31:19.665386
luanatavaresdelmiro,2026-07-02 10:31:47.780660
dra.amandabelchior,2026-07-02 10:31:52.741945
02rosilene,2026-07-02 10:31:56.471531
eujanainaofc,2026-07-02 10:32:01.685747
dresancachos,2026-07-02 10:32:07.785824
blogdathayss,2026-07-02 10:32:12.898160
pyettra_costa,2026-07-02 10:32:18.791503
jenni.n_makeup,2026-07-02 10:32:24.395942
thataseravali,2026-07-02 10:32:28.803152
nayane.novorio,2026-07-02 10:32:41.451395
key.albuquerque,2026-07-02 10:32:59.341295
ericaloubek,2026-07-02 10:33:20.315227
diulliamara,2026-07-02 10:33:24.623895
espacodudafernandes,2026-07-02 10:33:47.492297
soniaandreteixeirafernandes,2026-07-02 10:33:50.752432
lili.schutz,2026-07-02 10:33:55.850534
flahh_paula35,2026-07-02 10:34:01.604604
lidiannyalencar_,2026-07-02 10:34:21.282175
roxannakellyofficial,2026-07-02 10:34:43.520245
bysarateixeira,2026-07-02 10:34:47.495667
cllarasantti,2026-07-02 10:34:50.898598
trizaff,2026-07-02 10:35:26.184550
eualinemachadoo,2026-07-02 10:35:38.555714
amandynha_paz,2026-07-02 10:35:59.827719
maria_do_carmo6.ccb,2026-07-02 10:36:05.857515
narayane_cristinyy,2026-07-02 10:36:11.321277
_babiii1,2026-07-02 10:36:15.179964
izawnzlr,2026-07-02 10:36:20.258859
oficialnandacristina,2026-07-02 10:36:39.701780
anakaxavier,2026-07-02 10:36:43.350198
mariagomesofficial,2026-07-02 10:36:48.886017
crlfani,2026-07-02 10:36:53.296570
paandiwa,2026-07-02 10:36:58.948331
giovannaurel,2026-07-02 10:37:03.472759
thaisfernandes334,2026-07-02 10:37:15.288059
dannycarrilho,2026-07-02 10:37:34.310532
edersonhideki,2026-07-02 10:37:39.947722
carinesilvasousa,2026-07-02 10:37:45.865637
fernanda_afonsohh,2026-07-02 10:37:51.665859
patricia_reis_barao,2026-07-02 10:37:57.430176
adrianamotta01,2026-07-02 10:38:09.409032
marisabandeira_,2026-07-02 10:38:15.159952
_susanesilveira,2026-07-02 10:38:19.101940
isaneduarte,2026-07-02 10:38:23.897015
joymerodrigues,2026-07-02 10:38:43.725354
raquel_to,2026-07-02 10:39:04.617304
almeida_loiane,2026-07-02 10:39:10.306699
sunaracamargo,2026-07-02 10:39:39.813929
luciana.langec,2026-07-02 10:39:44.132363
julyana.britocontadora,2026-07-02 10:39:47.720513
wesense.perfumaria,2026-07-02 10:39:52.521250
adrianaferreirabrito,2026-07-02 10:40:27.198218
teamformula7,2026-07-02 10:40:31.978913
jubileu1234brbr,2026-07-02 10:40:37.029844
genecycamargo,2026-07-02 10:40:42.161276
pereiracarlucia,2026-07-02 10:40:49.099240
bessacleonice,2026-07-02 10:40:54.071341
evanaliimaa,2026-07-02 10:41:00.139910
tereza1891,2026-07-02 10:41:14.174441
ploliv,2026-07-02 10:41:36.794951
ap.claudiosilva,2026-07-02 10:41:42.866146
elisabeteerismar,2026-07-02 10:41:55.618373
cheilalopessantos,2026-07-02 10:41:59.924733
coracoralina_,2026-07-02 10:42:03.901480
talitacabral_silva,2026-07-02 10:42:27.096371
diva_resende,2026-07-02 10:42:31.436289
isabellal.barros,2026-07-02 10:42:34.912313
marcinhamatto,2026-07-02 10:42:39.505957
fernanda.alcantara.imoveis,2026-07-02 10:42:44.365809
leticiaa_.f,2026-07-02 10:42:48.204945
geisa.ferreiradasilva.16,2026-07-02 10:43:16.997642
meirijunqueira,2026-07-02 10:43:20.775803
elijania_pires_lv_lingerie,2026-07-02 10:43:24.427272
thaise.prev,2026-07-02 10:43:35.887213
paulacsrnick,2026-07-02 10:43:47.413806
desati_vando9,2026-07-02 10:43:52.600388
jackelinecirqueira,2026-07-02 10:43:58.863812
thais.vidal.180,2026-07-02 10:44:18.097409
rafha_luz,2026-07-02 10:44:22.731028
mariaclarajoias_leane,2026-07-02 10:44:26.538751
laine.marques.7,2026-07-02 10:44:37.866778
wennyamoraes,2026-07-02 10:44:43.776847
jessicamgois,2026-07-02 10:44:48.811321
redeferrotec,2026-07-02 10:44:54.048430
odethpaula,2026-07-02 10:45:03.225645
draranniely,2026-07-02 10:45:08.569264
deyksom,2026-07-02 10:45:14.816785
valnassa.santos,2026-07-02 10:45:18.455975
anacristina_moraess,2026-07-02 10:45:26.010637
fernandamilhomemarquiteta,2026-07-02 10:45:30.005713
weslley_catarino,2026-07-02 10:45:35.294767
anapaulafeliciano,2026-07-02 10:45:40.127481
nilde161,2026-07-02 10:45:43.573556
leonardo_lino_rocha,2026-07-02 10:46:04.524119
detetiveparticularpinheiro,2026-07-02 10:46:26.725501
dgisletesandes,2026-07-02 10:46:37.174892
pedroemelinda,2026-07-02 10:46:43.162160
danibbat,2026-07-02 10:46:49.321714
dra.kassiacandida,2026-07-02 10:46:53.451900
donnagi.loja,2026-07-02 10:47:30.672745
damiao_miranda,2026-07-02 10:47:35.011276
elienegoncalved,2026-07-02 10:47:54.747569
lorenaprimoaraujo0,2026-07-02 10:48:00.250591
elissamaribeiro,2026-07-02 10:48:21.570998
gessipalmeida,2026-07-02 10:48:25.996521
marianagsiqueirab,2026-07-02 10:48:30.577216
pfto63,2026-07-02 10:48:42.353834
karlene_15,2026-07-02 10:48:54.177524
fabichagasvet,2026-07-02 10:48:58.877906
adalgizadanielle,2026-07-02 10:49:03.842279
layllamorais,2026-07-02 10:49:15.042808
opcao.moda.feminina,2026-07-02 10:49:19.285390
nataliacrystina,2026-07-02 10:49:23.348610
vania______sc,2026-07-02 10:49:38.164268
priscillasantanacabral,2026-07-02 10:49:43.032667
meurianeoliveira,2026-07-02 10:49:47.429685
gabiiwanderley,2026-07-02 10:49:52.761427
wanessa_lorenna,2026-07-02 10:49:56.290889
priscillaevan,2026-07-02 10:50:00.956050
limacostarodrigues,2026-07-02 10:50:04.869995
mayraamoura,2026-07-02 10:50:09.042314
silva56rl,2026-07-02 10:50:13.233600
beeatriiz.silvaaa,2026-07-02 10:50:18.390951
betyzard,2026-07-02 10:50:25.892334
hellencostafono_,2026-07-02 10:50:30.650011
priscilacostafonseca,2026-07-02 10:50:36.013146
vivianesantospjetac,2026-07-02 10:50:50.327685
helembia,2026-07-02 10:51:01.389281
thiaguinhoo10,2026-07-02 10:51:06.322991
carlosdecastro.fk,2026-07-02 10:51:10.975638
mendoncajoias,2026-07-02 10:51:16.780819
hemilly.silva_vieira,2026-07-02 10:51:49.204157
bispo_ninaut,2026-07-02 10:51:55.171227
cristiane__meneses_fereira,2026-07-02 10:52:01.675885
saletebarrosguedes,2026-07-02 10:52:15.199589
claudia_dark,2026-07-02 10:52:22.311567
grazielipcarvalho,2026-07-02 10:52:26.737940
cruzzlary,2026-07-02 10:52:31.110131
monik_stevam,2026-07-02 10:52:35.941823
suelydefatimacardoso,2026-07-02 10:52:39.363594
linemagno,2026-07-02 10:53:08.516141
coronel_ninaut,2026-07-02 10:53:12.864510
laudinhamoraes,2026-07-02 10:53:16.948736
khassandrarodrigues,2026-07-02 10:53:22.961983
vanessa_pereira_ramos,2026-07-02 10:53:27.570648
rafaellamadella,2026-07-02 10:53:32.040295
sirleycmoraes,2026-07-02 10:53:36.079052
francinny307,2026-07-02 10:53:42.291238
marinalvabottelho,2026-07-02 10:53:46.663411
layane_paiva16,2026-07-02 10:53:57.212844
oliveirapatriciachagasde,2026-07-02 10:54:00.871506
leandro_agroforte,2026-07-02 10:54:06.492266
larisarbarros,2026-07-02 10:54:10.126793
amandaasilveiraa,2026-07-02 10:54:13.818855
andreiaeufrasio2008,2026-07-02 10:54:17.606345
elisasouzasaude_estetica,2026-07-02 10:54:23.541083
larissaramalhocloset,2026-07-02 10:54:27.611583
thyagowenceslau,2026-07-02 10:54:32.645281
laysafolha,2026-07-02 10:54:57.820159
leidinhasantoficio,2026-07-02 10:55:01.341982
barbarabannwart,2026-07-02 10:55:04.893852
marinnaolimpio,2026-07-02 10:55:10.260229
torquato.k1910,2026-07-02 10:55:15.452452
suelleni_pires_beauty,2026-07-02 10:55:20.401470
fazinhobaderna,2026-07-02 10:55:26.716522
sand.iego23,2026-07-02 10:55:36.322518
debora_cristisna,2026-07-02 10:55:40.346726
katiucia_sft,2026-07-02 10:55:46.120427
iankacastro,2026-07-02 10:55:51.028368
esteticabellusbio,2026-07-02 10:56:08.350812
neuzivane16,2026-07-02 10:56:28.406224
nathaliagomesc,2026-07-02 10:56:40.044424
jeancarla.silva,2026-07-02 10:56:45.187352
alessandralmacedo,2026-07-02 10:56:49.923707
_julietsara,2026-07-02 10:56:53.906789
rejanyae,2026-07-02 10:56:59.553452
tacisocial,2026-07-02 10:57:03.337027
paloma2857,2026-07-02 10:57:10.658008
edlaalencar40,2026-07-02 10:57:16.378960
claudia_brasil21,2026-07-02 10:57:21.609808
rochinhamartinsleiloeiro,2026-07-02 10:57:25.837409
leca_pinheiroo,2026-07-02 10:57:29.525190
hrycykmaria,2026-07-02 10:57:34.014182
susyfrias5570,2026-07-02 10:57:40.558658
lucineiamandu,2026-07-02 10:57:46.323997
julibenicio02,2026-07-02 10:57:50.010178
marcianeguim,2026-07-02 10:57:53.386013
cantinho_dos_doces7,2026-07-02 10:57:57.141610
polyjcarvalho,2026-07-02 10:58:34.046342
esteticalmeidas,2026-07-02 10:58:37.629281
dra.layseholanda,2026-07-02 10:58:41.801113
danielcostagentil,2026-07-02 10:58:54.562297
amanda_stefany_buri,2026-07-02 10:59:16.342831
cheila.santos.98,2026-07-02 10:59:21.063828
yasmin_costa063,2026-07-02 10:59:26.660349
dratavilafranco,2026-07-02 10:59:31.831602
gabyy_soaress_,2026-07-02 10:59:36.836394
mariavaz1722,2026-07-02 10:59:56.919253
lucivaniacf,2026-07-02 11:00:01.810942
edna_barros3,2026-07-02 11:00:06.088347
venicesousadasilva,2026-07-02 11:00:11.885601
luferreira__lu,2026-07-02 11:00:17.011790
eva_castro03,2026-07-02 11:00:23.375087
cirilo_luciana,2026-07-02 11:00:27.730519
liliannemmaia,2026-07-02 11:00:33.119094
kennyacristina,2026-07-02 11:00:36.657166
buas_company_produst,2026-07-02 11:00:42.933800
ipohoficial,2026-07-02 11:00:46.848602
genicemaria,2026-07-02 11:01:14.193370
unisthetic_es,2026-07-02 11:01:20.859515
prycardosoo,2026-07-02 11:01:26.223718
candidapiresmartins,2026-07-02 11:01:31.868615
ivanna046,2026-07-02 11:01:37.807742
dra.vanessa.rodrigues,2026-07-02 11:01:41.549755
isabela_silva79,2026-07-02 11:01:52.468077
cadu_laonetti,2026-07-02 11:01:57.209528
keilianecoimbra,2026-07-02 11:02:01.054495
santos___ivone,2026-07-02 11:02:05.981120
silva.semiramis,2026-07-02 11:02:10.486349
maysa.o.roriz,2026-07-02 11:02:15.233337
henrique.dasilvaneto,2026-07-02 11:02:21.474887
ziabrito__,2026-07-02 11:02:25.826375
drajessicamariano,2026-07-02 11:02:47.942423
dramayanarocha.medica,2026-07-02 11:02:52.921408
debora.querido,2026-07-02 11:02:58.047596
karinecristine_varao,2026-07-02 11:03:03.677162
shyslanerodrigues,2026-07-02 11:03:07.658855
alinecanaang,2026-07-02 11:03:13.008804
elita_moura_dos_santos,2026-07-02 11:03:16.856494
ana_paula_ferreira88,2026-07-02 11:03:22.005523
blogging.sn,2026-07-02 11:03:27.107454
flaviabvendraminii,2026-07-02 11:03:33.106155
costaleylane,2026-07-02 11:03:38.755458
geycianebs,2026-07-02 11:03:42.919665
nayara_moraisalves,2026-07-02 11:03:49.648755
fernandaccorreia_,2026-07-02 11:03:52.992841
vivatiodonto,2026-07-02 11:03:57.296951
na.yara3545,2026-07-02 11:04:03.267723
integrally_institute,2026-07-02 11:04:08.679896
pedrodellacorte,2026-07-02 11:04:13.800079
sheilalustosa21,2026-07-02 11:04:19.693878
limaomoises,2026-07-02 11:04:40.574730
elildepereira_beauty,2026-07-02 11:04:46.127850
alinerfm,2026-07-02 11:04:51.821967
pedrotessaro,2026-07-02 11:04:56.310887
joelma.araujo04,2026-07-02 11:05:19.776487
adrianalacerda921,2026-07-02 11:05:32.183268
guiipinheiroo,2026-07-02 11:05:38.379098
valeriares22,2026-07-02 11:05:42.119691
clinicavitallesta,2026-07-02 11:05:46.668745
wanderlenemendes,2026-07-02 11:05:51.075152
sobrancelhasperfeitasofc2021,2026-07-02 11:06:10.406489
zaira_barros_ferreira,2026-07-02 11:06:14.980353
dra.jessicalves,2026-07-02 11:06:20.065604
lorena_rocha_lima,2026-07-02 11:06:24.643314
andreiaa.2609,2026-07-02 11:06:30.301191
alessandra_oliver33,2026-07-02 11:06:34.165910
dariolopez94,2026-07-02 11:06:39.082473
jaquelinebosque,2026-07-02 11:06:44.127436
soclass_ic,2026-07-02 11:06:49.310992
reeh7068,2026-07-02 11:07:00.946244
elivanialucena,2026-07-02 11:07:05.617021
taniaelisaaabreu_,2026-07-02 11:07:11.193304
ariadne_sgrinier,2026-07-02 11:07:23.759406
jacyragomes9,2026-07-02 11:07:29.090625
kamilasantos993,2026-07-02 11:07:34.077143
raquelfranklin2019,2026-07-02 11:07:43.719647
silvia.teles.35,2026-07-02 11:07:56.932756
hugo_marcal,2026-07-02 11:08:00.794637
kamillakrocha_,2026-07-02 11:08:05.954217
reiganemoura,2026-07-02 11:08:19.642002
aline_martins0614,2026-07-02 11:08:30.481137
maysekarollyne,2026-07-02 11:08:41.839477
jeanialvesdesouza,2026-07-02 11:09:09.095120
elenice_dayuse.fitnes,2026-07-02 11:09:13.192159
analidiap371,2026-07-02 11:09:18.909721
pereira.sandrateixeira,2026-07-02 11:09:22.984331
fmelo.beauty,2026-07-02 11:09:33.079482
agliaz,2026-07-02 11:09:37.242139
lanidalva,2026-07-02 11:09:58.102498
laismagalhaes27,2026-07-02 11:10:22.286093
katiamsbatista1965,2026-07-02 11:10:27.504757
josemirconsultoria,2026-07-02 11:10:32.694574
helenapardin,2026-07-02 11:10:37.057458
analucia.parentedasilva,2026-07-02 11:10:45.653504
creiciane_marinho,2026-07-02 11:10:51.786778
carlenelima16,2026-07-02 11:10:56.417421
carmensbraga,2026-07-02 11:11:01.945602
nataliac_ribeiro,2026-07-02 11:11:06.611268
rosa.maria3656,2026-07-02 11:11:09.839145
arlene.rodrigues.942,2026-07-02 11:11:14.709105
zellmanunnes.060888,2026-07-02 11:11:37.978726
clinicadeniceoliveira,2026-07-02 11:11:42.442771
_renatolourenco,2026-07-02 11:12:00.845775
macianaferreiraprofa,2026-07-02 11:12:10.736922
marciaferreira____,2026-07-02 11:12:15.152161
adailtonstil,2026-07-02 11:12:21.561692
eduardorocha123,2026-07-02 11:12:25.452695
edileuzarodriguesparente,2026-07-02 11:12:29.263322
ruthkellymartins,2026-07-02 11:12:34.427646
alinnezinh,2026-07-02 11:12:40.122931
greycevolek,2026-07-02 11:12:43.389116
salete_borgesss,2026-07-02 11:13:04.472781
divalohaine,2026-07-02 11:13:20.668516
glendaa_wchoa,2026-07-02 11:13:32.353245
hericafalcao,2026-07-02 11:13:43.234325
marta_enfermeira_,2026-07-02 11:14:11.686464
genilinorocha,2026-07-02 11:14:29.903884
carolcoelho_oficial,2026-07-02 11:14:42.582064
drasamirysribeiro,2026-07-02 11:14:51.245096
elainealves78,2026-07-02 11:14:59.890140
sandraborgescarvalho,2026-07-02 11:15:03.824639
maariaalice_______,2026-07-02 11:15:08.699053
eumarceladutra,2026-07-02 11:15:17.270153
gelzaoliveira45,2026-07-02 11:15:22.223273
thallinyccf_,2026-07-02 11:15:26.692127
anapaulaavila_r,2026-07-02 11:15:32.233121
driannasouz,2026-07-02 11:15:42.944789
becaa_coelho,2026-07-02 11:15:46.816938
kellen_coutinho_,2026-07-02 11:15:56.633664
laysvital,2026-07-02 11:16:01.240591
ronylucioribeirode,2026-07-02 11:16:11.702397
raycleomacosta,2026-07-02 11:16:16.271979
quintavalentinagurupi,2026-07-02 11:16:44.318687
luh_belarmino02,2026-07-02 11:16:50.828149
academovimento,2026-07-02 11:16:56.632816
diaradacunha,2026-07-02 11:17:00.220536
laurieteparente,2026-07-02 11:17:05.324641
pos.navigare,2026-07-02 11:17:09.072001
gleycinha_amaral,2026-07-02 11:17:13.554524
rochaalyne_,2026-07-02 11:17:33.687802
posnavigare.saude,2026-07-02 11:17:37.569317
maryungidapordeus,2026-07-02 11:18:04.469924
anaclaraoliveira_19,2026-07-02 11:18:08.486828
drameirefortunato,2026-07-02 11:18:44.206954
paulaguimaraestudio,2026-07-02 11:18:49.434992
brunalimaest,2026-07-02 11:18:53.526756
drnilsonfernandes,2026-07-02 11:18:58.492373
clarahprimo,2026-07-02 11:19:19.262258
vivianepcosta.adv,2026-07-02 11:19:42.621928
marianafdouradoo,2026-07-02 11:19:46.533451
deboracarvalho_semijoias,2026-07-02 11:19:52.177371
cs.clarasemijoias,2026-07-02 11:19:58.584952
dalecarnegietocantins,2026-07-02 11:20:02.369547
ericalopes80,2026-07-02 11:20:05.721476
joiceamarante,2026-07-02 11:20:16.552407
paizinha_oliveira,2026-07-02 11:20:35.759461
cristianegui_rocha,2026-07-02 11:20:40.583868
genildareys,2026-07-02 11:20:46.654834
damasceno2513,2026-07-02 11:20:50.926437
jordanalarine,2026-07-02 11:20:54.959425
farias_nutricionista,2026-07-02 11:20:59.175910
josealveznt,2026-07-02 11:21:04.660170
marlenecostadesousa,2026-07-02 11:21:08.711983
clareliscarvalho.adv,2026-07-02 11:21:13.404910
karol_santossa,2026-07-02 11:21:18.450603
vbraga8823,2026-07-02 11:21:46.851036
brenna.lima,2026-07-02 11:21:50.506361
lucarolina_barros,2026-07-02 11:21:54.525888
simonesolto,2026-07-02 11:21:59.500483
edivania_oficial76,2026-07-02 11:22:03.498325
lillianlagares,2026-07-02 11:22:09.297362
gleimeol,2026-07-02 11:22:14.633335
ivonetesilvas01,2026-07-02 11:22:18.094817
fernandacardosogge,2026-07-02 11:22:22.521084
ruthsousa.adv,2026-07-02 11:22:26.934052
laislucena_19,2026-07-02 11:22:32.267115
keila_rodriguess3,2026-07-02 11:22:43.287467
leticiamartins4555,2026-07-02 11:23:06.415584
aracibarronovo,2026-07-02 11:23:11.421064
ivoneide.cas,2026-07-02 11:23:20.994131
jadcampel,2026-07-02 11:23:26.719868
gabii.alcantaraa,2026-07-02 11:23:30.305167
belocorp.elzaprieto,2026-07-02 11:23:34.922136
janayna2,2026-07-02 11:23:45.487903
thais.abreu.14,2026-07-02 11:23:49.297218
valquiriadeamorimsilva,2026-07-02 11:23:54.314254
gabriela.milhomem_costa_345,2026-07-02 11:23:57.639051
elisa24maia,2026-07-02 11:24:02.290038
erikasousavida,2026-07-02 11:24:06.299483
dra.isabelag,2026-07-02 11:24:11.549090
goncalvesbeatrizcoelho,2026-07-02 11:24:30.763516
brendda_lorrayne,2026-07-02 11:24:36.807280
dhayane_rodrigues,2026-07-02 11:24:41.074751
erikka_lima,2026-07-02 11:25:01.011988
raflesiacabral,2026-07-02 11:25:12.395780
gaby17bastos,2026-07-02 11:25:19.134511
dyogenes.c,2026-07-02 11:25:24.092149
giuliamanda,2026-07-02 11:25:34.682394
marcia.freitas.editora,2026-07-02 11:25:55.367812
anneeliseeilertpp,2026-07-02 11:26:18.103459
nathaliahelena92,2026-07-02 11:26:21.407421
luquinha_abreu,2026-07-02 11:26:26.532268
acribe,2026-07-02 11:26:31.291090
pamella_andre,2026-07-02 11:26:43.428215
cleia.nascimento.507,2026-07-02 11:26:48.735661
nmstorefb,2026-07-02 11:27:16.894873
sinfronio_mayara,2026-07-02 11:27:21.551174
alessandradeoliveiraaa,2026-07-02 11:27:32.661751
joao_vidal_de_negreiros,2026-07-02 11:27:37.180871
olindamdantas_,2026-07-02 11:27:40.817248
leogoiabeira9,2026-07-02 11:27:51.769502
cynthiacap,2026-07-02 11:27:57.006155
brunasgalvao,2026-07-02 11:28:21.127851
clebim_carvalho,2026-07-02 11:28:24.830829
_nicollyaraujjo,2026-07-02 11:28:31.087387
nordmkt,2026-07-02 11:28:34.630307
mariadiellaa,2026-07-02 11:28:38.033655
paulabiel26,2026-07-02 11:28:42.241760
ricardobrito_d,2026-07-02 11:28:53.730399
antonialopess_,2026-07-02 11:28:59.131668
dramilenacastro201,2026-07-02 11:29:03.484606
moveisclassico,2026-07-02 11:29:08.628157
gomesandrea7,2026-07-02 11:29:21.217106
geovannah_17,2026-07-02 11:29:24.916877
julianaaguiaralves,2026-07-02 11:29:32.984413
celmacostap_,2026-07-02 11:29:54.364456
luciana.lange,2026-07-02 11:29:57.979733
ritamanicure_londrina,2026-07-02 11:30:08.924342
psi.alidianesampaio,2026-07-02 11:30:14.871093
ronize_arruda,2026-07-02 11:30:18.490998
mariannaferrazbarros,2026-07-02 11:30:21.977682
joarlenesousa,2026-07-02 11:30:32.167968
fernanddabarros,2026-07-02 11:31:00.029694
studiosublime_nathy,2026-07-02 11:31:03.854246
dejesussilvatania,2026-07-02 11:31:07.566617
okdanillo_reserva,2026-07-02 11:31:13.942768
viva_u_hoje,2026-07-02 11:31:18.663031
marcileia.b.g.m,2026-07-02 11:31:22.520363
wania_mendanha,2026-07-02 11:31:27.073352
nataliasdutra296,2026-07-02 11:31:32.585205
darlenemontelo,2026-07-02 11:31:49.632042
andrea_moda_fitness,2026-07-02 11:31:55.574804
ateliedecroche_bn,2026-07-02 11:31:58.897348
cristianareis20,2026-07-02 11:32:02.930795
deborahabreu__,2026-07-02 11:32:10.172294
hellen_karla22,2026-07-02 11:32:28.945446
ana_clara_140799,2026-07-02 11:32:34.524196
marcia.lopes.37,2026-07-02 11:32:40.535146
mariabsales,2026-07-02 11:32:46.503354
priyathakor560,2026-07-02 11:32:50.222599
nilzeleneribeiroc,2026-07-02 11:32:55.297284
jaja_2477_________jaja1739,2026-07-02 11:33:01.912673
naylorena_barbosa,2026-07-02 11:33:12.980639
decorhouse.to,2026-07-02 11:33:23.356243
danielacosta5083,2026-07-02 11:33:33.825115
wandaaraujosantana,2026-07-02 11:33:39.797938
thatacavalcant,2026-07-02 11:34:01.618078
gomes_2124,2026-07-02 11:34:07.689252
derek_pr86,2026-07-02 11:34:13.744419
paisagensmundiais3_,2026-07-02 11:34:18.230086
ednaribeirosousa,2026-07-02 11:34:22.922402
mariadefatima092718,2026-07-02 11:34:27.183164
duduvaz.df2,2026-07-02 11:34:34.779496
aparecidadelima2120,2026-07-02 11:34:43.992681
thamaraaugustacarvalho,2026-07-02 11:34:50.372086
maciellima300,2026-07-02 11:34:55.775705
caseym.hugo,2026-07-02 11:34:59.403718
celiadivinaferreira,2026-07-02 11:35:03.243348
sananda_favero,2026-07-02 11:35:08.126641
ivaneidealvesbelezaeestetica,2026-07-02 11:35:14.079145
silvaisadeassis,2026-07-02 11:35:41.443040
magna16,2026-07-02 11:35:52.702706
kaysousa.s,2026-07-02 11:35:58.000882
raphaelsimoesdm,2026-07-02 11:36:04.279938
juninh_371,2026-07-02 11:36:09.283232
mariaediniz_,2026-07-02 11:36:13.963758
kelline_costta,2026-07-02 11:36:34.904552
lesabenedet,2026-07-02 11:36:39.804396
alinebarbosa4233,2026-07-02 11:36:44.139225
celmasilva_de_oliveira_,2026-07-02 11:36:50.294231
arezzoaraguaina_,2026-07-02 11:36:54.655032
feitodonna,2026-07-02 11:37:00.077672
_ana_paz__,2026-07-02 11:37:05.135953
vania.mota.146,2026-07-02 11:37:08.892624
beatriz_sp671,2026-07-02 11:37:19.496371
leila_lsbastos,2026-07-02 11:37:24.832766
whillammacielbastos,2026-07-02 11:37:29.813776
akamillaparreira,2026-07-02 11:37:34.582268
maria6573lucia,2026-07-02 11:37:38.448291
gaabiarrais_,2026-07-02 11:37:44.924129
psiq.pamellasiqueira,2026-07-02 11:37:49.144556
eloizaabraomartins,2026-07-02 11:37:52.875196
anapatriciafirmino,2026-07-02 11:37:56.504981
izabel_moreira_cristins,2026-07-02 11:38:00.432791
stefanieejb,2026-07-02 11:38:15.106201
deborahkawanne,2026-07-02 11:38:18.947291
___valquiriapardins____,2026-07-02 11:38:24.644574
veerabandeira,2026-07-02 11:38:28.473860
moreirap2,2026-07-02 11:38:34.577720
hasan_samidul,2026-07-02 11:38:39.426284
michelemenezes299,2026-07-02 11:38:43.258237
glene_suellen,2026-07-02 11:38:47.201119
linda.aires,2026-07-02 11:38:51.096490
jakelyne.nunes.984,2026-07-02 11:38:54.715964
flaviacastro201,2026-07-02 11:39:01.678794
pekenosechiques,2026-07-02 11:39:05.736078
annyvaleria2,2026-07-02 11:39:09.667925
marygracealves,2026-07-02 11:39:21.792535
iva_jesus,2026-07-02 11:39:25.328004
crysttianoolira,2026-07-02 11:39:29.204528
lucivaniavenanciolu,2026-07-02 11:39:34.843037
larissabbastoss,2026-07-02 11:39:39.489081
erlanrodriguesmaciel,2026-07-02 11:39:45.286774
ludiane.pereira.92,2026-07-02 11:39:49.735017
juventude.gospel_,2026-07-02 11:39:55.143751
franciscobatista6651,2026-07-02 11:40:00.639803
dayane6923,2026-07-02 11:40:05.424867
francy_pso,2026-07-02 11:40:11.096653
jhonattancosta,2026-07-02 11:40:16.867654
nyelegoncalves,2026-07-02 11:40:22.084358
karllamoraiss,2026-07-02 11:40:26.590299
chrisvieirab,2026-07-02 11:40:30.231139
manuelbarbosamorais,2026-07-02 11:40:36.183795
raquel_perfumes_importados,2026-07-02 11:40:40.583405
esc.raiodesol,2026-07-02 11:40:44.693558
bragabrandaojaqueline,2026-07-02 11:40:50.184338
marilenemartinsdonascimento,2026-07-02 11:40:54.186332
_evymelo_,2026-07-02 11:41:35.700333
naihanateixeira,2026-07-02 11:41:47.866444
herond1na,2026-07-02 11:41:59.796700
alyce_victoriaozorio,2026-07-02 11:42:04.279207
lorhana.amaral,2026-07-02 11:42:08.961890
draadrianamonteiro,2026-07-02 11:42:14.589520
rafaelasoaresmoraes,2026-07-02 11:42:19.947310
manditaaleal,2026-07-02 11:42:25.527082
lia_caris,2026-07-02 11:42:42.593559
sandralazaradeoliveira,2026-07-02 11:42:46.268719
donalupurificadores,2026-07-02 11:42:51.355616
valdetthviana,2026-07-02 11:42:56.627101
amandaalvesrodrigues_,2026-07-02 11:43:02.245241
leticiaamrss,2026-07-02 11:43:05.552186
lu_moralles,2026-07-02 11:43:09.772235
lidi.a1330,2026-07-02 11:43:14.112562
dra.andreikavaladares,2026-07-02 11:43:20.143316
cileia.chavespl,2026-07-02 11:43:42.367368
dangelisemijoias,2026-07-02 11:43:47.160166
nannematos,2026-07-02 11:43:50.956821
elianematosbarbosa,2026-07-02 11:43:55.116350
f_it_os,2026-07-02 11:43:59.436946
jairramos174,2026-07-02 11:44:04.650989
larissa_medradoda,2026-07-02 11:44:17.048056
sarah_silvabezerra,2026-07-02 11:44:21.457297
vcarol.lima,2026-07-02 11:44:28.084576
edilenepereiradias,2026-07-02 11:44:33.087566
melenicesilveira,2026-07-02 11:44:38.270734
kamis.ribeiro,2026-07-02 11:44:42.135098
keila.lopes1710,2026-07-02 11:44:46.613637
draanitaluizachueiri,2026-07-02 11:45:07.022975
nilza_montes,2026-07-02 11:45:14.174126
fernandakellensousa,2026-07-02 11:45:20.046184
elemsilvafranca,2026-07-02 11:45:24.407049
elane.cristinajs,2026-07-02 11:45:28.916858
cleacyb14,2026-07-02 11:45:32.096185
pryscyllaa,2026-07-02 11:45:37.214215
kalyneaquila,2026-07-02 11:45:43.160356
alancarlos_cs,2026-07-02 11:45:48.507366
joanadark16,2026-07-02 11:46:01.148443
samymotaa,2026-07-02 11:46:05.914035
advadrianas,2026-07-02 11:46:10.888675
cidinhastrutura,2026-07-02 11:46:20.040124
pollyannalealp,2026-07-02 11:46:24.755938
jackeline_muniz_faria,2026-07-02 11:46:29.503070
clicia_psi,2026-07-02 11:46:43.654070
nayara.alvesrodrigues.9,2026-07-02 11:46:56.056849
rejane.f.s,2026-07-02 11:47:01.343779
genilzaps,2026-07-02 11:47:04.958856
jaackmoraes_,2026-07-02 11:47:47.587883
flaviaa_melloo,2026-07-02 11:47:52.614318
wandersonalencarfotografo,2026-07-09 08:33:25.288969
magcamila,2026-07-09 08:36:17.975543
draqueziaveloso,2026-07-09 08:36:27.593466
wanlira,2026-07-09 08:37:48.003583
lucas__slots01,2026-07-09 08:38:03.829585
ucampos_1,2026-07-09 08:38:43.003333
oficialsuafoto_aqui,2026-07-09 08:40:05.906853
geraldo.cecilio,2026-07-09 08:40:44.607522
draandressaomoraes,2026-07-09 08:40:48.478054
joycce_moreira,2026-07-09 08:41:15.188742
leilaferreiralima123,2026-07-09 08:42:02.823517
nati_limapersonal,2026-07-09 08:42:07.830072
samaracristinepublic,2026-07-09 08:43:03.475958
montel.sandra,2026-07-09 08:43:23.170459
mirna.estetica,2026-07-09 08:43:50.480133
anacarolina.atlantis2,2026-07-09 08:44:31.788467
weslayne_reiss,2026-07-09 08:45:57.299017
studio_thayscaponi,2026-07-09 08:49:32.440676
adv.geisianedourado,2026-07-09 08:49:36.852840
serranapizzariapso,2026-07-09 08:50:29.714602
brenoaguiaroficial,2026-07-09 08:50:35.517521
jfagronegocio,2026-07-09 08:50:41.594311
drathayannequeirozlima,2026-07-09 08:50:51.580475
__rrafaellar,2026-07-09 08:51:30.140039
mohabygarcia,2026-07-09 08:51:34.173134
dayuse.fitnes,2026-07-09 08:51:40.156980
lojajucaju,2026-07-09 08:51:44.382098
larissedeerie,2026-07-09 08:52:08.909296
vanessa_freitasc,2026-07-09 08:52:19.874853
butterflystoredream13,2026-07-09 08:52:23.782542
marciel.trafego,2026-07-09 08:52:46.534997
yasaihaircare,2026-07-09 08:52:50.075738
camila.millene,2026-07-09 08:53:08.676001
suzi_farma,2026-07-09 08:53:13.230234
dramarianaa_coelho,2026-07-09 08:53:45.993702
brunasousavii,2026-07-09 08:53:52.276529
psicologacleusienemota,2026-07-09 09:11:59.515387
tubantemilly_,2026-07-09 09:13:55.866295
simone.lustosa.moda,2026-07-09 09:15:51.728095
thaynara_mirandam,2026-07-09 09:15:56.454996
brunapessoaop,2026-07-09 09:18:53.082768
anabenery,2026-07-09 09:19:13.258805
moraismaari,2026-07-09 09:19:51.349865
sereiarara,2026-07-09 09:20:50.696278
dra.daianecarvalho,2026-07-09 09:22:17.391411
iiza_coelho,2026-07-09 09:24:14.131147
minivikids,2026-07-09 09:25:20.450660
marcelokaid.psi,2026-07-09 09:25:25.995716
rgstudiodental,2026-07-09 09:26:04.602191
nuilavillela,2026-07-09 09:27:02.811614
andradekelliane,2026-07-09 09:27:40.545736
almeidamarielly,2026-07-09 09:28:16.282456
luzienegoncalvessantana,2026-07-09 09:28:20.810392
gleybecardinale_,2026-07-09 09:28:26.211890
alessandra.nogueira.85,2026-07-09 09:29:04.119698
f5ideiasto,2026-07-09 09:29:14.236666
lojabrilhamais,2026-07-09 09:30:10.442443
keilacirilolima,2026-07-09 09:30:17.114995
fernanda.borges89,2026-07-09 09:30:57.795948
natanybraga,2026-07-09 09:31:02.456963
rosana.chaveiro,2026-07-09 09:31:07.298017
dermaniclinic,2026-07-09 09:31:12.746428
maiconhenrygoncaves,2026-07-09 09:31:34.032157
lu_noivas_,2026-07-09 09:31:39.721101
kelleypaz,2026-07-09 09:31:43.795581
dracrisgui,2026-07-09 09:31:53.948262
aparecidapaiva1020,2026-07-09 09:32:17.269482
lois.oliveira.129,2026-07-09 09:32:21.585101
maxsuel_almeida25,2026-07-09 09:33:48.955572
romariosantos2129,2026-07-09 09:33:54.403892
bellaviejalecos,2026-07-09 09:33:59.722945
pastorpaulorenato49,2026-07-09 09:35:19.079321
giovanimaciel19,2026-07-09 09:36:11.353452
ivosocrates,2026-07-09 09:36:29.539226
enfer.mosiane,2026-07-09 09:36:56.181076
juliacoelhox,2026-07-09 09:37:02.444409
estilo.fashion2021,2026-07-09 09:37:12.315799
adrianaviciolioficial,2026-07-09 09:37:17.595867
bandeiragloria,2026-07-09 09:38:10.114705
diego.ribeiro_original,2026-07-09 09:38:17.013479
dra.lucianamacedo,2026-07-09 09:38:22.653695
anacarolinepsicologa,2026-07-09 09:38:27.913591
rozineidy__bribeiro,2026-07-09 09:38:32.823911
dr.raphaelcunha,2026-07-09 09:38:38.191996
transbolinha,2026-07-09 09:38:42.530188
ella_senaz,2026-07-09 09:39:34.786482
josyingrid,2026-07-09 09:39:40.408802
gabi_besse,2026-07-09 09:39:45.378493
poliaineferreira96,2026-07-09 09:39:51.523746
pollyannapaulinofotografia,2026-07-09 09:40:14.864759
kalissateles,2026-07-09 09:40:18.320977
islainesb,2026-07-09 09:40:40.053282
titaroots,2026-07-09 09:41:01.636961
leti_318,2026-07-09 09:41:27.159794
mjaides,2026-07-09 09:41:46.053993
drapollyanaloppesjunqueira,2026-07-09 09:41:53.935242
anamorais_estetica,2026-07-09 09:42:00.088118
baiana.073,2026-07-09 09:42:23.374741
karitaasantos,2026-07-09 09:42:27.470987
july_vsa,2026-07-09 09:43:34.263604
andrianeseren,2026-07-09 09:43:53.439953
watfaadv,2026-07-09 09:43:57.538040
wdenilsoncabral,2026-07-09 09:44:09.691797
_eloarquitetura,2026-07-09 09:44:31.541873
gustavovitalacustico,2026-07-09 09:44:36.283548
dra.angelacastroo,2026-07-09 09:44:42.236504
drasarahlorenad,2026-07-09 09:44:48.014830
simonemodaintima1,2026-07-09 09:45:08.992104
joycesantosbr,2026-07-09 09:45:15.308145
kethelynbianca98,2026-07-09 09:45:51.644308
bruna_rosah,2026-07-09 09:45:55.304860
ericka.ofiicial,2026-07-09 09:46:01.402353
robertabrrs,2026-07-09 09:47:07.631769
eveforbes,2026-07-09 09:47:44.541387
ester.ap_,2026-07-09 09:48:04.473577
xaviers_s,2026-07-09 09:48:39.791334
dramiluandadentista,2026-07-09 09:48:59.319731
dalilacarmo_costa,2026-07-09 09:49:20.454217
dra.danielledlana,2026-07-09 09:49:52.780758
julietcosta2022,2026-07-09 09:50:27.115384
rebecaqueirozacessorios,2026-07-09 09:50:30.865554
soniamso,2026-07-09 09:50:35.274866
aline_graciab,2026-07-09 09:50:57.189652
victacauane,2026-07-09 09:51:03.657332
carlos_geovani_canal_leiloes,2026-07-09 09:52:57.709234
anadovalerasteirinhas,2026-07-09 09:53:16.451550
rdx.marketing.oficial,2026-07-09 09:53:20.098386
fbimportx2,2026-07-09 09:53:39.708423
leyasoarespersonal,2026-07-09 09:53:46.390264
santalavand,2026-07-09 09:54:00.033111
programadorando,2026-07-09 09:54:42.483782
_luh.fashion,2026-07-09 09:54:47.234966
e_lanyaraujo,2026-07-09 09:54:53.198973
dra.rosimeirecoutto,2026-07-09 09:55:22.337040
estetica.suzyherphs,2026-07-09 09:55:26.819830
dra.erlisgandra,2026-07-09 09:55:48.173948
luciana_dojoel,2026-07-09 09:56:22.446974
wscerimonial,2026-07-09 09:56:43.548375
vivianekmd,2026-07-09 09:57:35.974095
agenciatoon,2026-07-09 09:57:54.653842
trafegocombrunofb,2026-07-09 09:58:01.213518
sauloguedesazevedo.adv,2026-07-09 09:58:04.258227
myslaniamiller,2026-07-09 09:58:09.274806
vargassmile,2026-07-09 09:58:13.558761
mariavieira4967,2026-07-09 09:58:17.157066
lindseystrinii,2026-07-09 09:58:23.024226
juniorscalon,2026-07-09 09:58:42.855517
jomilagre,2026-07-09 09:58:49.088391
carlapatriciasemijoias,2026-07-09 09:59:11.292413
dra.wanilza_franco,2026-07-09 09:59:15.759850
janainaferrarinideoliveira,2026-07-09 09:59:52.834003
mariakossmann,2026-07-09 10:00:14.488186
dra.marinymachado,2026-07-09 10:00:23.683281
bartiraquinteiro,2026-07-09 10:00:27.255551
claudiabrga,2026-07-09 10:00:45.294119
fashionare_to,2026-07-09 10:01:11.026225
gessycamoraes,2026-07-09 10:01:16.925149
telmapotiensbella,2026-07-09 10:01:20.515194
danilolimaof1,2026-07-09 10:01:24.034444
_useroar,2026-07-09 10:01:28.288775
lauracroche2,2026-07-09 10:01:32.773357
dra.marciacunha,2026-07-09 10:02:27.597096
dra.suene.matos,2026-07-09 10:03:56.759215
cortes.dopaim,2026-07-09 10:04:18.147168
zeliafonsecaalves,2026-07-09 10:04:39.568864
cerutisimoes,2026-07-09 10:04:44.680429
so___fitness,2026-07-09 10:05:20.579765
isadora.ras,2026-07-09 10:05:26.443993
lucianapirschner,2026-07-09 10:06:06.140871
cbconteudo,2026-07-09 10:06:28.482461
nayararibeiro_imoveis,2026-07-09 10:06:39.049772
altamiro_lirio_mirao,2026-07-09 10:06:44.348327
draalinepiress,2026-07-09 10:07:06.420018
ttatilapriscila,2026-07-09 10:07:10.854591
dra_marciarocha,2026-07-09 10:07:15.336782
bybaby.loja,2026-07-09 10:07:35.884488
gmtransportesaux,2026-07-09 10:07:41.586627
mamaededuas09,2026-07-09 10:07:47.553562
paraiso.uniformes,2026-07-09 10:08:09.645590
drjhonycesar,2026-07-09 10:08:15.668725
anamagnaal,2026-07-09 10:08:26.582242
oticasbrasilaraguaina,2026-07-09 10:08:32.204789
adriano.romero.127,2026-07-09 10:08:35.740287
_amanda_mlv,2026-07-09 10:08:39.271195
storecharmes,2026-07-09 10:08:44.102226
dra.thalitaaraujo,2026-07-09 10:09:03.020181
elianerua,2026-07-09 10:09:07.557107
gabrielaaraujotraining,2026-07-09 10:09:11.871113
sousasilvasebastiao,2026-07-09 10:09:33.655450
venancioodontologia_,2026-07-09 10:09:49.723432
quelquelsoares,2026-07-09 10:10:22.941460
faussarquitetura__,2026-07-09 10:10:26.382627
katia_gomes1966,2026-07-09 10:10:30.932835
luvelarde,2026-07-09 10:10:34.798464
helenbiancaquiro,2026-07-09 10:10:38.927723
geoalcosta,2026-07-09 10:10:57.846037
lauraa_almeidx,2026-07-09 10:11:16.420256
lopesmoreiramiriam,2026-07-09 10:11:21.810510
cassiasantana_confeitaria,2026-07-09 10:11:27.541787
jackesalless,2026-07-09 10:11:33.936799
millacarvalholoja,2026-07-09 10:12:08.601123
valerianascimentoreis,2026-07-09 10:12:28.730894
danielsantoss__,2026-07-09 10:12:33.245438
anapaulasantana_desousa,2026-07-09 10:12:38.098100
kesiacarmo,2026-07-09 10:12:43.564850
maniadepassararaguainacentro,2026-07-09 10:12:48.384327
suellentaujiro,2026-07-09 10:12:55.687310
munik_hevelen,2026-07-09 10:13:16.179771
mirelleoliveira27,2026-07-09 10:13:26.845125
denisebeautyhair_,2026-07-09 10:13:35.865214
fernandasilva2618,2026-07-09 10:13:42.045224
thay_sales,2026-07-09 10:13:48.561925
psi.alinemendanha,2026-07-09 10:13:54.382202
adhacarvalho,2026-07-09 10:14:00.647561
dileiatsr,2026-07-09 10:14:05.754886
lorenachokoloren,2026-07-09 10:14:10.773309
thariany.porfirio,2026-07-09 10:14:15.987213
lush_msdistribuidora,2026-07-09 10:14:21.217966
araujo_8363,2026-07-09 10:14:28.700786
millena4481,2026-07-09 10:14:34.587294
unhas_decorgellporcelana,2026-07-09 10:14:38.881153
esmeraldayzac,2026-07-09 10:14:44.704688
louizesemijoias_,2026-07-09 10:15:07.228727
ellenmoreira.oficial,2026-07-09 10:15:11.917133
janetefeitosa82,2026-07-09 10:15:16.119687
rosangela.sgc,2026-07-09 10:15:36.532720
carolinacarvalho.s,2026-07-09 10:15:41.129141
alvesmorgana,2026-07-09 10:15:45.662237
larysa873,2026-07-09 10:15:51.785013
c110766,2026-07-09 10:16:01.479555
suyannecosta0,2026-07-09 10:16:21.182656
rayssavdias,2026-07-09 10:16:25.100692
cicera.prado,2026-07-09 10:16:30.321688
elienesampaio_costa,2026-07-09 10:16:35.739941
tuliobrito_,2026-07-09 10:16:39.567694
