username,nome_completo,verificado,url_foto_perfil,status_relacao,bio,n_publicacoes,n_seguidores,n_seguindo,link_externo,verificado,status_conta,foto_perfil,categoria,nome_completo,conta_comercial,destaque_stories,posts_recentes,engajamento_medio
eva._nilda,,False,https://instagram.fpmw2-1.fna.fbcdn.net/v/t51.2885-19/502994368_17878750410337080_6906779546684235142_n.jpg?stp=dst-jpg_s150x150_tt6&efg=eyJ2ZW5jb2RlX3RhZyI6InByb2ZpbGVfcGljLmRqYW5nby4xMDgwLmMyIn0&_nc_ht=instagram.fpmw2-1.fna.fbcdn.net&_nc_cat=100&_nc_oc=Q6cZ2QGS77jv_rso5w12wRgkBkWAso9HqpqE8LVo9BuJC6OX5VA7zn7WsnYZg9ITL3_KoBvUmf0rKGZkpHmC98Cf45hL&_nc_ohc=NqbC3CJY6CoQ7kNvwFCGwcG&_nc_gid=BW1OcuUfZ0WqhkrYavKZxQ&edm=APQMUHMBAAAA&ccb=7-5&oh=00_AfTWLXnpXEXUrtEJFKrHPUlv8mjyfB63Vg2TYVAG3hOTug&oe=68925CCD&_nc_sid=6ff7c8,Seguir,eva._nilda Evanilda ❤️ 0 posts 0 374 374 1.242 1.242 pretty girl 💗,0,0,0,,False,Pública,0,,,False,0,0,0
ray.aneferreira2,,False,https://instagram.fpmw2-1.fna.fbcdn.net/v/t51.2885-19/522816956_17845100469534661_45755321461188517_n.jpg?stp=dst-jpg_s150x150_tt6&efg=eyJ2ZW5jb2RlX3RhZyI6InByb2ZpbGVfcGljLmRqYW5nby4xMDgwLmMyIn0&_nc_ht=instagram.fpmw2-1.fna.fbcdn.net&_nc_cat=101&_nc_oc=Q6cZ2QGS77jv_rso5w12wRgkBkWAso9HqpqE8LVo9BuJC6OX5VA7zn7WsnYZg9ITL3_KoBvUmf0rKGZkpHmC98Cf45hL&_nc_ohc=-0iwxwPAfH4Q7kNvwEjP8ka&_nc_gid=BW1OcuUfZ0WqhkrYavKZxQ&edm=APQMUHMBAAAA&ccb=7-5&oh=00_AfTtbfpMCkpzt8owLDhylcTVUVBmuBxvzdLuDQgaSrgMKg&oe=68926CEF&_nc_sid=6ff7c8,Seguir,,0,0,0,,False,Erro inesperado,0,,,False,0,0,0
steff_annyrodrigues,,False,https://instagram.fpmw2-1.fna.fbcdn.net/v/t51.2885-19/508623080_17901015726202722_2193597497549311375_n.jpg?stp=dst-jpg_s150x150_tt6&efg=eyJ2ZW5jb2RlX3RhZyI6InByb2ZpbGVfcGljLmRqYW5nby4zODUuYzIifQ&_nc_ht=instagram.fpmw2-1.fna.fbcdn.net&_nc_cat=106&_nc_oc=Q6cZ2QGS77jv_rso5w12wRgkBkWAso9HqpqE8LVo9BuJC6OX5VA7zn7WsnYZg9ITL3_KoBvUmf0rKGZkpHmC98Cf45hL&_nc_ohc=dAotIq8jAIwQ7kNvwFbk1zs&_nc_gid=BW1OcuUfZ0WqhkrYavKZxQ&edm=APQMUHMBAAAA&ccb=7-5&oh=00_AfR4DTv3lJij7nMeo5Ex76BR1lOtYJh0EIUz7ySnRHfFpA&oe=68926597&_nc_sid=6ff7c8,Seguir,"steff_annyrodrigues Steffanny Rodrigues/ Biju Make e Acéssorios 24 posts 24 1.407 1.407 2.566 2.566 Compras e varejo 💎Loja de Bijuteria linha premium 💄Make a R$10,00 📍Confresa, Mato Grosso 👇🏼Solicite as peças disp... mais 💎Loja de Bijuteria linha premium 💄Make a R$10,00 📍Confresa, Mato Grosso 👇🏼Solicite as peças disp ... mais mais wa.me/5566992586977",0,0,0,,False,Pública,0,,,False,0,0,0
junioroliveira8140,,False,https://instagram.fpmw2-1.fna.fbcdn.net/v/t51.2885-19/499370554_17843351151493057_2305357164810742706_n.jpg?stp=dst-jpg_s150x150_tt6&efg=eyJ2ZW5jb2RlX3RhZyI6InByb2ZpbGVfcGljLmRqYW5nby4xMDgwLmMyIn0&_nc_ht=instagram.fpmw2-1.fna.fbcdn.net&_nc_cat=101&_nc_oc=Q6cZ2QGS77jv_rso5w12wRgkBkWAso9HqpqE8LVo9BuJC6OX5VA7zn7WsnYZg9ITL3_KoBvUmf0rKGZkpHmC98Cf45hL&_nc_ohc=eQPljCas_y4Q7kNvwGLloar&_nc_gid=BW1OcuUfZ0WqhkrYavKZxQ&edm=APQMUHMBAAAA&ccb=7-5&oh=00_AfRO398VuE9HzbrsO5ISa6Ep-U93qmBZmYdZlIQsiLYaYQ&oe=68928BCB&_nc_sid=6ff7c8,Seguir,junioroliveira8140 Junior Oliveira 3 posts 3 245 245 756 756 ... mais mais,0,0,0,,False,Pública,0,,,False,0,0,0
jessikalborges,,False,https://instagram.fpmw2-1.fna.fbcdn.net/v/t51.2885-19/508732749_18512902468051227_6587841536890453041_n.jpg?stp=dst-jpg_s150x150_tt6&efg=eyJ2ZW5jb2RlX3RhZyI6InByb2ZpbGVfcGljLmRqYW5nby42OTUuYzIifQ&_nc_ht=instagram.fpmw2-1.fna.fbcdn.net&_nc_cat=103&_nc_oc=Q6cZ2QGS77jv_rso5w12wRgkBkWAso9HqpqE8LVo9BuJC6OX5VA7zn7WsnYZg9ITL3_KoBvUmf0rKGZkpHmC98Cf45hL&_nc_ohc=cGgcx-Rx4mkQ7kNvwGE1EX2&_nc_gid=BW1OcuUfZ0WqhkrYavKZxQ&edm=APQMUHMBAAAA&ccb=7-5&oh=00_AfTKaBCthcTgKt0jpKOEcoLYcI2PA3OnlAempTlon4AxwQ&oe=68928631&_nc_sid=6ff7c8,Seguir,"jessikalborges Jéssika Borges 363 posts 363 127 mil 127 mil 1.242 1.242 Influencer do interior do Tocantins! Viralizei trabalhando e sigo mostrando minha rotina no interior. Para trabalhos... mais Influencer do interior do Tocantins! Viralizei trabalhando e sigo mostrando minha rotina no interior. Para trabalhos ... mais mais wa.me/5563991286445 e mais 1 Seguido(a) por rezende_nubia, eumarizetecardoso e outras 4 pessoas rezende_nubia eumarizetecardoso Cabelo Hosp do Amor 💜 Serras Gerais Materia Respostas PARTILHAS PROVADOR LÚPUS, DMTC E F Lagoa da Serra Sevilha 💃🏻 GYM Lisboa 💜 BLISS ✨ Rome 🤍",,0,0,https://www.threads.com/@jessikalborges?xmt=AQF0B9lyuuZCYHTfPonYQSPA_4Jwj3F-6eBdwhsCGZBivgs,False,Pública,0,,,False,0,0,0
alexfery2016,,False,https://instagram.fpmw2-1.fna.fbcdn.net/v/t51.2885-19/499408396_18406100956097117_1029249948533397819_n.jpg?stp=dst-jpg_s150x150_tt6&efg=eyJ2ZW5jb2RlX3RhZyI6InByb2ZpbGVfcGljLmRqYW5nby4xNTAuYzIifQ&_nc_ht=instagram.fpmw2-1.fna.fbcdn.net&_nc_cat=105&_nc_oc=Q6cZ2QGS77jv_rso5w12wRgkBkWAso9HqpqE8LVo9BuJC6OX5VA7zn7WsnYZg9ITL3_KoBvUmf0rKGZkpHmC98Cf45hL&_nc_ohc=sDtm21I8T10Q7kNvwEOkx3Y&_nc_gid=BW1OcuUfZ0WqhkrYavKZxQ&edm=APQMUHMBAAAA&ccb=7-5&oh=00_AfTBYEIie8cLDlv9PFipNQzzl2YCTXXKGoyY2voozjNFdA&oe=68928AEF&_nc_sid=6ff7c8,Seguir,,0,0,0,,False,Erro inesperado,0,,,False,0,0,0
recantodaslaranjeiras.mr,,False,https://instagram.fpmw2-1.fna.fbcdn.net/v/t51.2885-19/469251137_9532238170123053_5058518934726635068_n.jpg?stp=dst-jpg_s150x150_tt6&efg=eyJ2ZW5jb2RlX3RhZyI6InByb2ZpbGVfcGljLmRqYW5nby4xMDgwLmMyIn0&_nc_ht=instagram.fpmw2-1.fna.fbcdn.net&_nc_cat=109&_nc_oc=Q6cZ2QGS77jv_rso5w12wRgkBkWAso9HqpqE8LVo9BuJC6OX5VA7zn7WsnYZg9ITL3_KoBvUmf0rKGZkpHmC98Cf45hL&_nc_ohc=w6FoVzly5NgQ7kNvwEvCW89&_nc_gid=BW1OcuUfZ0WqhkrYavKZxQ&edm=APQMUHMBAAAA&ccb=7-5&oh=00_AfTbmnwYHrQRLL3E5RHQou4nq1VPQgm9-8GMX3czfDFwUQ&oe=68925D39&_nc_sid=6ff7c8,Seguir,wa.me/49999704925 e mais 2 recantodaslaranjeiras.mr recantodaslaranjeiras.mr Recanto das Laranjeiras - Turismo Rural 29 posts 29 6.702 6.702 466 466 Empreendedor(a) Recanto das Laranjeiras Turismo Rural wa.me/49999704925 e mais 2,0,0,0,https://www.threads.com/@recantodaslaranjeiras.mr?xmt=AQF0Y2GydbDULmbvUVUOk0VWW5AEygYmvIvMy0qkulK5drg,False,Pública,0,,,False,0,0,0
leide_amanciio,,False,https://instagram.fpmw2-1.fna.fbcdn.net/v/t51.2885-19/490274713_685719410540780_5390076822119291541_n.jpg?stp=dst-jpg_s150x150_tt6&efg=eyJ2ZW5jb2RlX3RhZyI6InByb2ZpbGVfcGljLmRqYW5nby4xMDgwLmMyIn0&_nc_ht=instagram.fpmw2-1.fna.fbcdn.net&_nc_cat=108&_nc_oc=Q6cZ2QGS77jv_rso5w12wRgkBkWAso9HqpqE8LVo9BuJC6OX5VA7zn7WsnYZg9ITL3_KoBvUmf0rKGZkpHmC98Cf45hL&_nc_ohc=PaeGHV7Qw1wQ7kNvwHFodas&_nc_gid=BW1OcuUfZ0WqhkrYavKZxQ&edm=APQMUHMBAAAA&ccb=7-5&oh=00_AfTwQc5o87GR7TYRk0IQJTTRN1Q95XIm_yLv2TfqUWGm3A&oe=689284FF&_nc_sid=6ff7c8,Seguir,"leide_amanciio leide amancio 78 posts 78 186 186 1.292 1.292 Só sou porque ele é ❤🔥 Filha daquele que nunca falha, e nunca abandona. Propago a chama do senhor Jesus ❤️ Cursando... mais Só sou porque ele é ❤🔥 Filha daquele que nunca falha, e nunca abandona. Propago a chama do senhor Jesus ❤️ Cursando ... mais mais 🙌🏼✨ Toxaaaaaa 10/08Renasci🙌🏼🥹 Pra Deus 🙏🏼 Amor de mãe 💝",,,1008,https://www.threads.com/@leide_amanciio?xmt=AQF04VvsyJFfgT0MQ8AtZIYyHrkHAu2NLPeB7coDo_o26xI,False,Pública,0,,,False,0,0,0
izaliia_pacule,,False,https://instagram.fpmw2-1.fna.fbcdn.net/v/t51.2885-19/453147404_1605803113614478_3520313125785816862_n.jpg?stp=dst-jpg_s150x150_tt6&efg=eyJ2ZW5jb2RlX3RhZyI6InByb2ZpbGVfcGljLmRqYW5nby45NjAuYzIifQ&_nc_ht=instagram.fpmw2-1.fna.fbcdn.net&_nc_cat=110&_nc_oc=Q6cZ2QGS77jv_rso5w12wRgkBkWAso9HqpqE8LVo9BuJC6OX5VA7zn7WsnYZg9ITL3_KoBvUmf0rKGZkpHmC98Cf45hL&_nc_ohc=rQKIiGYiWcIQ7kNvwHdGmT6&_nc_gid=BW1OcuUfZ0WqhkrYavKZxQ&edm=APQMUHMBAAAA&ccb=7-5&oh=00_AfSU9nF9WiZyvrioa8S5oLiuozECvGnpSzGpZkmqu0V7Zg&oe=6892655E&_nc_sid=6ff7c8,Seguir,izaliia_pacule Izalia Pacule 8 posts 8 239 239 1.866 1.866,0,0,0,https://www.threads.com/@izaliia_pacule?xmt=AQF0kA8DRjCa0-AR0Y46IHLztYuYx1hybV5s8UKoAC2MW3k,False,Pública,0,,,False,0,0,0
zeliaalvessilvasilva,,False,https://instagram.fpmw2-1.fna.fbcdn.net/v/t51.2885-19/447213393_1071149534423806_7665577207530847611_n.jpg?stp=dst-jpg_s150x150_tt6&efg=eyJ2ZW5jb2RlX3RhZyI6InByb2ZpbGVfcGljLmRqYW5nby45NTcuYzIifQ&_nc_ht=instagram.fpmw2-1.fna.fbcdn.net&_nc_cat=110&_nc_oc=Q6cZ2QGS77jv_rso5w12wRgkBkWAso9HqpqE8LVo9BuJC6OX5VA7zn7WsnYZg9ITL3_KoBvUmf0rKGZkpHmC98Cf45hL&_nc_ohc=LXMRT-DMrA8Q7kNvwEbuhe0&_nc_gid=BW1OcuUfZ0WqhkrYavKZxQ&edm=APQMUHMBAAAA&ccb=7-5&oh=00_AfRqA8Yg_unVHiASzwmQIlCTFFFHADwcSLQhpVJ4CRuzWw&oe=68925F17&_nc_sid=6ff7c8,Seguir,,0,0,0,,False,Erro inesperado,0,,,False,0,0,0
lucia_demendoncamonteiro,,False,https://instagram.fpmw2-1.fna.fbcdn.net/v/t51.2885-19/513490247_17845934466510776_5120779877088001297_n.jpg?stp=dst-jpg_s150x150_tt6&efg=eyJ2ZW5jb2RlX3RhZyI6InByb2ZpbGVfcGljLmRqYW5nby4xMDgwLmMyIn0&_nc_ht=instagram.fpmw2-1.fna.fbcdn.net&_nc_cat=108&_nc_oc=Q6cZ2QGS77jv_rso5w12wRgkBkWAso9HqpqE8LVo9BuJC6OX5VA7zn7WsnYZg9ITL3_KoBvUmf0rKGZkpHmC98Cf45hL&_nc_ohc=KhX31tVUaGAQ7kNvwEPFMVR&_nc_gid=BW1OcuUfZ0WqhkrYavKZxQ&edm=APQMUHMBAAAA&ccb=7-5&oh=00_AfRWaUm4WMMWMbjCydMlgcvekxfjZ5J_ACXeIY83JaLsog&oe=68928D31&_nc_sid=6ff7c8,Seguir,lucia_demendoncamonteiro Lucia de mendonca monteiro 0 posts 0 102 102 151 151,0,0,0,https://www.threads.com/@lucia_demendoncamonteiro?xmt=AQF0upugdUnwpFc0olhVkBCXCfPVyjMyIbP6L6RQjh9NPVk,False,Pública,0,,,False,0,0,0
maristelabonavigo_,,False,https://instagram.fpmw2-1.fna.fbcdn.net/v/t51.2885-19/323811827_209774831440128_1704054769886537509_n.jpg?stp=dst-jpg_s150x150_tt6&efg=eyJ2ZW5jb2RlX3RhZyI6InByb2ZpbGVfcGljLmRqYW5nby4xMDgwLmMyIn0&_nc_ht=instagram.fpmw2-1.fna.fbcdn.net&_nc_cat=100&_nc_oc=Q6cZ2QGS77jv_rso5w12wRgkBkWAso9HqpqE8LVo9BuJC6OX5VA7zn7WsnYZg9ITL3_KoBvUmf0rKGZkpHmC98Cf45hL&_nc_ohc=3RwPbUoCLUIQ7kNvwEfUS-v&_nc_gid=BW1OcuUfZ0WqhkrYavKZxQ&edm=APQMUHMBAAAA&ccb=7-5&oh=00_AfSHtW-WitNucbEJ4gHZ_Ys9IXXemXoauVRLu1ZNozRMlA&oe=6892882D&_nc_sid=6ff7c8,Seguir,"maristelabonavigo_ Maristela Bonavigo Delgado 126 posts 126 1.205 1.205 579 579 Cristã , casada , mãe , sou imagem e semelhança do Deus criador ♥️ Destaques",,,,,False,Pública,0,,,False,0,0,0
playarenacfs,,False,https://instagram.fpmw2-1.fna.fbcdn.net/v/t51.2885-19/520506541_17842804833538909_5504928559801700443_n.jpg?stp=dst-jpg_s150x150_tt6&efg=eyJ2ZW5jb2RlX3RhZyI6InByb2ZpbGVfcGljLmRqYW5nby45OTYuYzIifQ&_nc_ht=instagram.fpmw2-1.fna.fbcdn.net&_nc_cat=101&_nc_oc=Q6cZ2QF7MwuUuvaG-dbtP_gIFZ95xMKauLclp0LeuNAGIWJLkFZcBU7yAamEWysNlRSHfjmLcXxApWQyl_xvGrWdPesx&_nc_ohc=QvoafH1_3K8Q7kNvwEr71Nw&_nc_gid=4zJzrX_DBmih7RJ9Vxzgcw&edm=APQMUHMBAAAA&ccb=7-5&oh=00_AfR-z7R2z22fkq2XyAxM5SNm9t8Dtb6Xp7v_UZYV8FkqYg&oe=6892757D&_nc_sid=6ff7c8,Seguir,playarenacfs Play Arena - Confresa MT 4 posts 4 333 333 256 256 Esportes Quadras de areia prontas para o seu PLAY ☀️ 🎾 | Beach Tennis 🏐 | Vôlei de praia ⚽️ | Futvôlei Esportes Quadras de areia prontas para o seu PLAY ☀️ 🎾 | Beach Tennis 🏐 | Vôlei de praia ⚽️ | Futvôlei,0,0,0,,False,Pública,0,,,False,0,0,0
dejulia_maia,,False,https://instagram.fpmw2-1.fna.fbcdn.net/v/t51.2885-19/472857155_446710538514006_2793699219613042958_n.jpg?stp=dst-jpg_s150x150_tt6&efg=eyJ2ZW5jb2RlX3RhZyI6InByb2ZpbGVfcGljLmRqYW5nby4xMDgwLmMyIn0&_nc_ht=instagram.fpmw2-1.fna.fbcdn.net&_nc_cat=106&_nc_oc=Q6cZ2QF7MwuUuvaG-dbtP_gIFZ95xMKauLclp0LeuNAGIWJLkFZcBU7yAamEWysNlRSHfjmLcXxApWQyl_xvGrWdPesx&_nc_ohc=WD6YSWn-A5IQ7kNvwFZrHDZ&_nc_gid=4zJzrX_DBmih7RJ9Vxzgcw&edm=APQMUHMBAAAA&ccb=7-5&oh=00_AfROYMoVkTghbrDEGN_MMBUA0e2e5OoVlpalbJt_iUCpOA&oe=68926D86&_nc_sid=6ff7c8,Seguir,dejulia_maia Julia Maia 9 posts 9 348 348 286 286 .,0,0,0,https://www.threads.com/@dejulia_maia?xmt=AQF0S8SvsrVSOeZzRhJXAwFWxI0466gIZN7lET-nClbCLj8,False,Pública,0,,,False,0,0,0
mausse.leia,,False,https://instagram.fpmw2-1.fna.fbcdn.net/v/t51.2885-19/479509729_590336843999884_8579245047592818103_n.jpg?stp=dst-jpg_s150x150_tt6&efg=eyJ2ZW5jb2RlX3RhZyI6InByb2ZpbGVfcGljLmRqYW5nby45NjAuYzIifQ&_nc_ht=instagram.fpmw2-1.fna.fbcdn.net&_nc_cat=104&_nc_oc=Q6cZ2QF7MwuUuvaG-dbtP_gIFZ95xMKauLclp0LeuNAGIWJLkFZcBU7yAamEWysNlRSHfjmLcXxApWQyl_xvGrWdPesx&_nc_ohc=VRXol1PvMFkQ7kNvwH06R-E&_nc_gid=4zJzrX_DBmih7RJ9Vxzgcw&edm=APQMUHMBAAAA&ccb=7-5&oh=00_AfRpQAw4K9tAz2pUaPaLLXw1JeKLr9ieo5VKcav4n4Sk7Q&oe=68926B8C&_nc_sid=6ff7c8,Seguir,mausse.leia Leia Maùsse 0 posts 0 483 483 1.906 1.906,0,0,0,,False,Pública,0,,,False,0,0,0
buscabuscautilidades,,False,https://instagram.fpmw2-1.fna.fbcdn.net/v/t51.2885-19/489119602_525177083728119_8538038145348292725_n.jpg?stp=dst-jpg_s150x150_tt6&efg=eyJ2ZW5jb2RlX3RhZyI6InByb2ZpbGVfcGljLmRqYW5nby42NjMuYzIifQ&_nc_ht=instagram.fpmw2-1.fna.fbcdn.net&_nc_cat=103&_nc_oc=Q6cZ2QF7MwuUuvaG-dbtP_gIFZ95xMKauLclp0LeuNAGIWJLkFZcBU7yAamEWysNlRSHfjmLcXxApWQyl_xvGrWdPesx&_nc_ohc=J8EG8KwZJrYQ7kNvwEc81iG&_nc_gid=4zJzrX_DBmih7RJ9Vxzgcw&edm=APQMUHMBAAAA&ccb=7-5&oh=00_AfRxR5nil7qJKyem42QeLmh5e4pzpgTTkSrxXRuY5ystEA&oe=6892626A&_nc_sid=6ff7c8,Seguir,,0,0,0,,False,Erro de carregamento,0,,,False,0,0,0
fratelli_sfredo,,False,https://instagram.fpmw2-1.fna.fbcdn.net/v/t51.2885-19/509746192_17845239510514345_7896899176053739302_n.jpg?stp=dst-jpg_s150x150_tt6&efg=eyJ2ZW5jb2RlX3RhZyI6InByb2ZpbGVfcGljLmRqYW5nby4zODguYzIifQ&_nc_ht=instagram.fpmw2-1.fna.fbcdn.net&_nc_cat=101&_nc_oc=Q6cZ2QF7MwuUuvaG-dbtP_gIFZ95xMKauLclp0LeuNAGIWJLkFZcBU7yAamEWysNlRSHfjmLcXxApWQyl_xvGrWdPesx&_nc_ohc=zKrpJ8-FlS4Q7kNvwFS1cLe&_nc_gid=4zJzrX_DBmih7RJ9Vxzgcw&edm=APQMUHMBAAAA&ccb=7-5&oh=00_AfQWDZLXIY3V0mGG6t8fyuOg1DbbEXfOQD4BtZPlWbUDUw&oe=68928405&_nc_sid=6ff7c8,Seguir,"wa.me/5566999443108 fratelli_sfredo Espaço Fratelli Sfredo | Salão de beleza| Estética 38 posts 38 997 997 469 469 Fratelli Sfredo | Estética ✨ Beleza com naturalidade 🌿 Cuidados capilares, corporais e faciais 📍Confresa-MT | Agende... mais Fratelli Sfredo | Estética ✨ Beleza com naturalidade 🌿 Cuidados capilares, corporais e faciais 📍Confresa-MT | Agende ... mais mais Clientes",0,0,0,,False,Pública,0,,,False,0,0,0
iamdudareis,,False,https://instagram.fpmw2-1.fna.fbcdn.net/v/t51.2885-19/467403095_980713730484696_3259333171416312660_n.jpg?stp=dst-jpg_s150x150_tt6&efg=eyJ2ZW5jb2RlX3RhZyI6InByb2ZpbGVfcGljLmRqYW5nby4xMDgwLmMyIn0&_nc_ht=instagram.fpmw2-1.fna.fbcdn.net&_nc_cat=100&_nc_oc=Q6cZ2QF7MwuUuvaG-dbtP_gIFZ95xMKauLclp0LeuNAGIWJLkFZcBU7yAamEWysNlRSHfjmLcXxApWQyl_xvGrWdPesx&_nc_ohc=FH5rwiprrZEQ7kNvwFaVLcQ&_nc_gid=4zJzrX_DBmih7RJ9Vxzgcw&edm=APQMUHMBAAAA&ccb=7-5&oh=00_AfSsyl9xOHq90P-XsJO1ND3PSUwcB89LNGQbCrtmsUcGag&oe=68925C29&_nc_sid=6ff7c8,Seguir,iamdudareis Eduarda Reis 35 posts 35 224 224 234 234 Registrando pedaços de momentos especiais hobbys e outras coisas 🤍,0,0,0,,False,Pública,0,,,False,0,0,0
carollimaimoveis,,False,https://instagram.fpmw2-1.fna.fbcdn.net/v/t51.2885-19/524412594_17859013989460150_7470834077048585952_n.jpg?stp=dst-jpg_s150x150_tt6&efg=eyJ2ZW5jb2RlX3RhZyI6InByb2ZpbGVfcGljLmRqYW5nby4xMDgwLmMyIn0&_nc_ht=instagram.fpmw2-1.fna.fbcdn.net&_nc_cat=110&_nc_oc=Q6cZ2QF7MwuUuvaG-dbtP_gIFZ95xMKauLclp0LeuNAGIWJLkFZcBU7yAamEWysNlRSHfjmLcXxApWQyl_xvGrWdPesx&_nc_ohc=bM8PbJqeY74Q7kNvwHfaJyF&_nc_gid=4zJzrX_DBmih7RJ9Vxzgcw&edm=APQMUHMBAAAA&ccb=7-5&oh=00_AfRavAkGYjs8EO1jqRdqptplWCnNG-CetJtUNyRcYitBOw&oe=689283DA&_nc_sid=6ff7c8,Seguir,carollimaimoveis Carol Lima 2 posts 2 305 305 623 623 Empresária | Corretora de imóveis 🏡 📍Confresa. CRECI -MT. 21.233 Buscando o seu imóvel ideal? Clique no... mais Empresária | Corretora de imóveis 🏡 📍Confresa. CRECI -MT. 21.233 Buscando o seu imóvel ideal? Clique no ... mais mais,0,0,0,https://www.threads.com/@carollimaimoveis?xmt=AQF0DTaKfiCkvc3ucqkrMlYlBLJeX7w574JtKQArT2LtFVg,False,Pública,0,,,False,0,0,0
_vihcampos01_,,False,https://instagram.fpmw2-1.fna.fbcdn.net/v/t51.2885-19/520226926_17932388691061545_7626956668094106357_n.jpg?stp=dst-jpg_s150x150_tt6&efg=eyJ2ZW5jb2RlX3RhZyI6InByb2ZpbGVfcGljLmRqYW5nby4xMDgwLmMyIn0&_nc_ht=instagram.fpmw2-1.fna.fbcdn.net&_nc_cat=109&_nc_oc=Q6cZ2QF7MwuUuvaG-dbtP_gIFZ95xMKauLclp0LeuNAGIWJLkFZcBU7yAamEWysNlRSHfjmLcXxApWQyl_xvGrWdPesx&_nc_ohc=r83Bs70vM-wQ7kNvwGQA4Yf&_nc_gid=4zJzrX_DBmih7RJ9Vxzgcw&edm=APQMUHMBAAAA&ccb=7-5&oh=00_AfT4KZfJVRbVDyxwEg7fmLy1dGS0UjO-7fzkK8ybYV0LJw&oe=68928B3D&_nc_sid=6ff7c8,Seguir,,0,0,0,,False,Erro de carregamento,0,,,False,0,0,0
kr_cristina_,,False,https://instagram.fpmw2-1.fna.fbcdn.net/v/t51.2885-19/514449849_17900110824230811_4927907202539244296_n.jpg?stp=dst-jpg_s150x150_tt6&efg=eyJ2ZW5jb2RlX3RhZyI6InByb2ZpbGVfcGljLmRqYW5nby4xMDgwLmMyIn0&_nc_ht=instagram.fpmw2-1.fna.fbcdn.net&_nc_cat=103&_nc_oc=Q6cZ2QF7MwuUuvaG-dbtP_gIFZ95xMKauLclp0LeuNAGIWJLkFZcBU7yAamEWysNlRSHfjmLcXxApWQyl_xvGrWdPesx&_nc_ohc=AYtyhlEgDbMQ7kNvwHSar1L&_nc_gid=4zJzrX_DBmih7RJ9Vxzgcw&edm=APQMUHMBAAAA&ccb=7-5&oh=00_AfSYCWwUsb9MV8D5KXJbRxgnoFSK6GYlgzWzuL0eClm2nw&oe=68928375&_nc_sid=6ff7c8,Seguir,,0,0,0,,False,Erro inesperado,0,,,False,0,0,0
maria_eduarda_munhos,,False,https://instagram.fpmw2-1.fna.fbcdn.net/v/t51.2885-19/446314058_1439926959972365_3647866664523789114_n.jpg?stp=dst-jpg_s150x150_tt6&efg=eyJ2ZW5jb2RlX3RhZyI6InByb2ZpbGVfcGljLmRqYW5nby4xMDgwLmMyIn0&_nc_ht=instagram.fpmw2-1.fna.fbcdn.net&_nc_cat=105&_nc_oc=Q6cZ2QF7MwuUuvaG-dbtP_gIFZ95xMKauLclp0LeuNAGIWJLkFZcBU7yAamEWysNlRSHfjmLcXxApWQyl_xvGrWdPesx&_nc_ohc=L-2elGlGevEQ7kNvwEBP8rM&_nc_gid=4zJzrX_DBmih7RJ9Vxzgcw&edm=APQMUHMBAAAA&ccb=7-5&oh=00_AfRKH6cLhEKr-GAEB9KiIq4CMDLuY23I35iTxhdrUC3ODQ&oe=68927355&_nc_sid=6ff7c8,Seguir,maria_eduarda_munhos Maria Eduarda 3 posts 3 398 398 399 399,0,0,0,https://www.threads.com/@maria_eduarda_munhos?xmt=AQF0ycvYePfqK5I236LWJUYuhq8fYfTkAnhMsgij7ysJdGo,False,Pública,0,,,False,0,0,0
dralaylanacavalcante,,False,https://instagram.fpmw2-1.fna.fbcdn.net/v/t51.2885-19/504465500_17846295492498051_2541678993276130797_n.jpg?stp=dst-jpg_s150x150_tt6&efg=eyJ2ZW5jb2RlX3RhZyI6InByb2ZpbGVfcGljLmRqYW5nby4xMDgwLmMyIn0&_nc_ht=instagram.fpmw2-1.fna.fbcdn.net&_nc_cat=103&_nc_oc=Q6cZ2QF7MwuUuvaG-dbtP_gIFZ95xMKauLclp0LeuNAGIWJLkFZcBU7yAamEWysNlRSHfjmLcXxApWQyl_xvGrWdPesx&_nc_ohc=z_a4fT-GMqAQ7kNvwHQ9gUO&_nc_gid=4zJzrX_DBmih7RJ9Vxzgcw&edm=APQMUHMBAAAA&ccb=7-5&oh=00_AfR5wpEsRGAEv1bbEAljvaUqBA8NTmtv7_Ngqbz0NWdf3A&oe=68926630&_nc_sid=6ff7c8,Seguir,,0,0,0,,False,Erro de carregamento,0,,,False,0,0,0
luciana_moraes_guimaraes,,False,https://instagram.fpmw2-1.fna.fbcdn.net/v/t51.2885-19/479511565_494773653411776_3967604982824627496_n.jpg?stp=dst-jpg_s150x150_tt6&efg=eyJ2ZW5jb2RlX3RhZyI6InByb2ZpbGVfcGljLmRqYW5nby4xMDgwLmMyIn0&_nc_ht=instagram.fpmw2-1.fna.fbcdn.net&_nc_cat=108&_nc_oc=Q6cZ2QF7MwuUuvaG-dbtP_gIFZ95xMKauLclp0LeuNAGIWJLkFZcBU7yAamEWysNlRSHfjmLcXxApWQyl_xvGrWdPesx&_nc_ohc=HZdmwUFbvQsQ7kNvwGhM_rO&_nc_gid=4zJzrX_DBmih7RJ9Vxzgcw&edm=APQMUHMBAAAA&ccb=7-5&oh=00_AfQB7OqZ4ZSmyu9U84GU6tdzsLJiYqdHYQ2G6zozkZEVXQ&oe=68926CB7&_nc_sid=6ff7c8,Seguir,luciana_moraes_guimaraes Luciana Guimarães 0 posts 0 489 489 180 180 Casada com @michael_guimaraes_41 💍 🌸Professora 📚 Herdeira do maior amor que existe❤️JESUS❤️,0,0,0,,False,Pública,0,,,False,0,0,0
luanardcc,,False,https://instagram.fpmw2-1.fna.fbcdn.net/v/t51.2885-19/520401955_18079319122896940_1043666097221524320_n.jpg?stp=dst-jpg_s150x150_tt6&efg=eyJ2ZW5jb2RlX3RhZyI6InByb2ZpbGVfcGljLmRqYW5nby4xMDgwLmMyIn0&_nc_ht=instagram.fpmw2-1.fna.fbcdn.net&_nc_cat=104&_nc_oc=Q6cZ2QEk5x4-iUCs8P1co1B6HfLcvK0YMhr7HpRPjOlC7eRJnnJxpEwAVEuJs-jLU2moivxN-SmX09X9oR-MzHcxZAGt&_nc_ohc=4KWrtBfSwu0Q7kNvwEJCtxi&_nc_gid=g7cUOCnxgpwbON6hkvuyJw&edm=APQMUHMBAAAA&ccb=7-5&oh=00_AfRIml85vblyv6LZjM-8JQr14fcy5gJLbAjMIwStosWCLg&oe=689282D8&_nc_sid=6ff7c8,Seguir,,0,0,0,,False,Erro de carregamento,0,,,False,0,0,0
irenesantos6390,,False,https://instagram.fpmw2-1.fna.fbcdn.net/v/t51.2885-19/471561958_2364259440639230_6181809200106627185_n.jpg?stp=dst-jpg_s150x150_tt6&efg=eyJ2ZW5jb2RlX3RhZyI6InByb2ZpbGVfcGljLmRqYW5nby4xMDI0LmMyIn0&_nc_ht=instagram.fpmw2-1.fna.fbcdn.net&_nc_cat=102&_nc_oc=Q6cZ2QEk5x4-iUCs8P1co1B6HfLcvK0YMhr7HpRPjOlC7eRJnnJxpEwAVEuJs-jLU2moivxN-SmX09X9oR-MzHcxZAGt&_nc_ohc=TzqFgDjZBg0Q7kNvwHBQXUy&_nc_gid=g7cUOCnxgpwbON6hkvuyJw&edm=APQMUHMBAAAA&ccb=7-5&oh=00_AfSlZInl1UUm9P-K8fUtli5yuAdHsPNijDKveEy23zylIQ&oe=68925E89&_nc_sid=6ff7c8,Seguir,irenesantos6390 Irene Santos 13 posts 13 521 521 1.769 1.769,0,0,0,https://www.threads.com/@irenesantos6390?xmt=AQF0OjdcSTEHoWa_hQYRZxRK7vgLH2vYP5rT4z_NN0O5S6k,False,Pública,0,,,False,0,0,0
georgiamborba,,False,https://instagram.fpmw2-1.fna.fbcdn.net/v/t51.2885-19/478310798_609085541942648_1348811638011711189_n.jpg?stp=dst-jpg_s150x150_tt6&efg=eyJ2ZW5jb2RlX3RhZyI6InByb2ZpbGVfcGljLmRqYW5nby4xMDgwLmMyIn0&_nc_ht=instagram.fpmw2-1.fna.fbcdn.net&_nc_cat=108&_nc_oc=Q6cZ2QEk5x4-iUCs8P1co1B6HfLcvK0YMhr7HpRPjOlC7eRJnnJxpEwAVEuJs-jLU2moivxN-SmX09X9oR-MzHcxZAGt&_nc_ohc=hwHNwZkzQyIQ7kNvwExoXkz&_nc_gid=g7cUOCnxgpwbON6hkvuyJw&edm=APQMUHMBAAAA&ccb=7-5&oh=00_AfQVt5OAvlI_IMOBaRO4xYZa8umk74HG4X_uJ-I_JtilRg&oe=68926790&_nc_sid=6ff7c8,Seguir,georgiamborba Geórgia - Consultora Finanças e Gestora de BPO 145 posts 145 1.058 1.058 2.010 2.010,0,0,0,,False,Pública,0,,,False,0,0,0
larissa_oortiz,,False,https://instagram.fpmw2-1.fna.fbcdn.net/v/t51.2885-19/455031546_509430744819807_8966216328111642040_n.jpg?stp=dst-jpg_s150x150_tt6&efg=eyJ2ZW5jb2RlX3RhZyI6InByb2ZpbGVfcGljLmRqYW5nby4xMDc5LmMyIn0&_nc_ht=instagram.fpmw2-1.fna.fbcdn.net&_nc_cat=103&_nc_oc=Q6cZ2QEk5x4-iUCs8P1co1B6HfLcvK0YMhr7HpRPjOlC7eRJnnJxpEwAVEuJs-jLU2moivxN-SmX09X9oR-MzHcxZAGt&_nc_ohc=2dbL--TlKA8Q7kNvwGghGG5&_nc_gid=g7cUOCnxgpwbON6hkvuyJw&edm=APQMUHMBAAAA&ccb=7-5&oh=00_AfQNZZwq1Qdl61cJ_32ODXq0JXdEEP-KIA5EP4xHLzRpXg&oe=68928414&_nc_sid=6ff7c8,Seguir,larissa_oortiz 𝑳𝒂𝒓𝒊𝒔𝒔𝒂 𝑶𝒓𝒕𝒊𝒛 17 posts 17 751 751 201 201 •mamãe do Pedro 🩵 •salmos 91:7❤️‍🔥,0,0,0,https://www.threads.com/@larissa_oortiz?xmt=AQF0ixWvFRonGJ2XX_UbN1BW-PnSzF1ns-y2_n6KWw4haHs,False,Pública,0,,,False,0,0,0
sienemoura,,False,https://instagram.fpmw2-1.fna.fbcdn.net/v/t51.2885-19/491509940_18143828446376231_885651077524335431_n.jpg?stp=dst-jpg_s150x150_tt6&efg=eyJ2ZW5jb2RlX3RhZyI6InByb2ZpbGVfcGljLmRqYW5nby4xMDgwLmMyIn0&_nc_ht=instagram.fpmw2-1.fna.fbcdn.net&_nc_cat=111&_nc_oc=Q6cZ2QEk5x4-iUCs8P1co1B6HfLcvK0YMhr7HpRPjOlC7eRJnnJxpEwAVEuJs-jLU2moivxN-SmX09X9oR-MzHcxZAGt&_nc_ohc=0Qr3as1wmwQQ7kNvwFZ3fiw&_nc_gid=g7cUOCnxgpwbON6hkvuyJw&edm=APQMUHMBAAAA&ccb=7-5&oh=00_AfROUN9Vvs8FBVYqzRd5lzmYpPKNY1CIFv5Hu_yS9COI8Q&oe=68927960&_nc_sid=6ff7c8,Seguir,"sienemoura 18 posts 18 65 65 148 148 Siene Moura ""Tudo posso naquela que me fortalece""",0,0,0,,False,Pública,0,,,False,0,0,0
g.llirah,,False,https://instagram.fpmw2-1.fna.fbcdn.net/v/t51.2885-19/502960228_17947737296990807_6270039714380048445_n.jpg?stp=dst-jpg_s150x150_tt6&efg=eyJ2ZW5jb2RlX3RhZyI6InByb2ZpbGVfcGljLmRqYW5nby4xMDgwLmMyIn0&_nc_ht=instagram.fpmw2-1.fna.fbcdn.net&_nc_cat=111&_nc_oc=Q6cZ2QEk5x4-iUCs8P1co1B6HfLcvK0YMhr7HpRPjOlC7eRJnnJxpEwAVEuJs-jLU2moivxN-SmX09X9oR-MzHcxZAGt&_nc_ohc=bZDgA1ACOcsQ7kNvwH39L3e&_nc_gid=g7cUOCnxgpwbON6hkvuyJw&edm=APQMUHMBAAAA&ccb=7-5&oh=00_AfSdlsy3_xlGtxYMOUITtzZz204ZozC-FqBDO1uWyvDE7Q&oe=689273F7&_nc_sid=6ff7c8,Seguir,g.llirah Gabrielly Lira✨ 13 posts 13 197 197 137 137 PÁ | MT📍 Beauty ✨ www.tiktok.com/@g_lirah?_t=ZM-8vMmRiHhiMA&_r=1 .,,,0,,False,Pública,0,,,False,0,0,0
valleryaramos,,False,https://instagram.fpmw2-1.fna.fbcdn.net/v/t51.2885-19/372121083_680698170576011_4237729423337112530_n.jpg?stp=dst-jpg_s150x150_tt6&efg=eyJ2ZW5jb2RlX3RhZyI6InByb2ZpbGVfcGljLmRqYW5nby43MTcuYzIifQ&_nc_ht=instagram.fpmw2-1.fna.fbcdn.net&_nc_cat=111&_nc_oc=Q6cZ2QEk5x4-iUCs8P1co1B6HfLcvK0YMhr7HpRPjOlC7eRJnnJxpEwAVEuJs-jLU2moivxN-SmX09X9oR-MzHcxZAGt&_nc_ohc=bqpHqqF_WkEQ7kNvwHlv6nN&_nc_gid=g7cUOCnxgpwbON6hkvuyJw&edm=APQMUHMBAAAA&ccb=7-5&oh=00_AfQOgNFXWkfYxR2X-bslR1iSs5mamwHrRPJhtOZEG8cHlA&oe=68928C25&_nc_sid=6ff7c8,Seguir,valleryaramos Vallerya Ramos❣️ 18 posts 18 940 940 792 792 ...verdade na mente paz no coração 1989❤️ 🦋... 13/03 pisciana🐟 vovó do José Henrique 🤴💙,0,0,0,https://www.threads.com/@valleryaramos?xmt=AQF0YlYm5-3x0l1RqMmHXVS775Ky1Icez_cf6S5Y2Iag_CE,False,Pública,0,,,False,0,0,0
luana.britto14,,False,https://instagram.fpmw2-1.fna.fbcdn.net/v/t51.2885-19/515017172_17884395477323117_8641249129326640060_n.jpg?stp=dst-jpg_s150x150_tt6&efg=eyJ2ZW5jb2RlX3RhZyI6InByb2ZpbGVfcGljLmRqYW5nby4xMDgwLmMyIn0&_nc_ht=instagram.fpmw2-1.fna.fbcdn.net&_nc_cat=105&_nc_oc=Q6cZ2QEk5x4-iUCs8P1co1B6HfLcvK0YMhr7HpRPjOlC7eRJnnJxpEwAVEuJs-jLU2moivxN-SmX09X9oR-MzHcxZAGt&_nc_ohc=jnBH1vMGCwAQ7kNvwEGB5Uo&_nc_gid=g7cUOCnxgpwbON6hkvuyJw&edm=APQMUHMBAAAA&ccb=7-5&oh=00_AfTMAUiRQ4XmwrslSCkhDiw1RuxD7ByxfaGDVYLVyjxCsg&oe=68926039&_nc_sid=6ff7c8,Seguir,luana.britto14 Luana 83 posts 83 387 387 1.023 1.023 🤎,,,,,False,Pública,0,,,False,0,0,0
isabelaguimaraee_,,False,https://instagram.fpmw2-1.fna.fbcdn.net/v/t51.2885-19/497056148_18046701401590138_7633954020252931826_n.jpg?stp=dst-jpg_s150x150_tt6&efg=eyJ2ZW5jb2RlX3RhZyI6InByb2ZpbGVfcGljLmRqYW5nby4xMDgwLmMyIn0&_nc_ht=instagram.fpmw2-1.fna.fbcdn.net&_nc_cat=110&_nc_oc=Q6cZ2QEk5x4-iUCs8P1co1B6HfLcvK0YMhr7HpRPjOlC7eRJnnJxpEwAVEuJs-jLU2moivxN-SmX09X9oR-MzHcxZAGt&_nc_ohc=zMsF8cw80qIQ7kNvwFq4Vnj&_nc_gid=g7cUOCnxgpwbON6hkvuyJw&edm=APQMUHMBAAAA&ccb=7-5&oh=00_AfRsPftZZxZEDVcsk1VYIuOnYlev5vx5HYEfzwMpavC-lg&oe=689285DB&_nc_sid=6ff7c8,Seguir,isabelaguimaraee_ Bela 2 posts 2 560 560 552 552 Salmos 73:26👑 🌊.🩵.🌎,0,0,0,,False,Pública,0,,,False,0,0,0
cake_house.2025,,False,https://instagram.fpmw2-1.fna.fbcdn.net/v/t51.2885-19/520227899_17847078030522448_3200101405761492308_n.jpg?stp=dst-jpg_s150x150_tt6&efg=eyJ2ZW5jb2RlX3RhZyI6InByb2ZpbGVfcGljLmRqYW5nby4xMDgwLmMyIn0&_nc_ht=instagram.fpmw2-1.fna.fbcdn.net&_nc_cat=104&_nc_oc=Q6cZ2QEk5x4-iUCs8P1co1B6HfLcvK0YMhr7HpRPjOlC7eRJnnJxpEwAVEuJs-jLU2moivxN-SmX09X9oR-MzHcxZAGt&_nc_ohc=YXD_KAuRmd0Q7kNvwG9gKKQ&_nc_gid=g7cUOCnxgpwbON6hkvuyJw&edm=APQMUHMBAAAA&ccb=7-5&oh=00_AfT4bhFLEvo6_GzENfMg4AZUrMtcfIq5oQdsULu26eyASg&oe=68926F5D&_nc_sid=6ff7c8,Seguir,cake_house.2025 Cake house Cfs 12 posts 12 393 393 358 358 Empreendedor(a) Vendas pausadas Empreendedor(a) Vendas pausadas Clientes 🥰🫶🏻🩷,0,0,0,,False,Pública,0,,,False,0,0,0
shineraysorrisomt,,False,https://instagram.fpmw2-1.fna.fbcdn.net/v/t51.2885-19/491425280_1043925534256339_2778427192566322041_n.jpg?stp=dst-jpg_s150x150_tt6&efg=eyJ2ZW5jb2RlX3RhZyI6InByb2ZpbGVfcGljLmRqYW5nby4zNDMuYzIifQ&_nc_ht=instagram.fpmw2-1.fna.fbcdn.net&_nc_cat=107&_nc_oc=Q6cZ2QGvqLyMTfyhyW_-C2Psbu0ZiwxUprLCuBvHD8sIBKLNvLN8NEgFoireDQ2EbyxQYB0sS4tF3fT6i6ezUVbn_M4M&_nc_ohc=EE9yQxoJYFEQ7kNvwEcAy6a&_nc_gid=RPQdk0bJhgGlHh9bSDqBew&edm=APQMUHMBAAAA&ccb=7-5&oh=00_AfSAUsgVYMZuDFmRGHxu_fuuxhgHeObsLmi0Xh6b8RIUpQ&oe=68926152&_nc_sid=6ff7c8,Seguir,"shineraysorrisomt Shineray Sorriso MT 68 posts 68 2.363 2.363 346 346 📍 Av. Tancredo Neves, 764 – Centro 66 99920 8284 wats Vem ser SHINERAY! Clientes Motocicletas Quadriciclo Bruna Salu Paula Biazin",,0,0,https://www.threads.com/@shineraysorrisomt?xmt=AQF0DhpXSlV2Rk_ahVuOiPcH9lSz8ZhAFWLz1yrTgaunY5g,False,Pública,0,,,False,0,0,0
tecnicasamara,,False,https://instagram.fpmw2-1.fna.fbcdn.net/v/t51.2885-19/522183847_18374520700130064_3917042349233335052_n.jpg?stp=dst-jpg_s150x150_tt6&efg=eyJ2ZW5jb2RlX3RhZyI6InByb2ZpbGVfcGljLmRqYW5nby4xMDgwLmMyIn0&_nc_ht=instagram.fpmw2-1.fna.fbcdn.net&_nc_cat=100&_nc_oc=Q6cZ2QGvqLyMTfyhyW_-C2Psbu0ZiwxUprLCuBvHD8sIBKLNvLN8NEgFoireDQ2EbyxQYB0sS4tF3fT6i6ezUVbn_M4M&_nc_ohc=FyPPI_yh-EgQ7kNvwH3tglh&_nc_gid=RPQdk0bJhgGlHh9bSDqBew&edm=APQMUHMBAAAA&ccb=7-5&oh=00_AfTca554V1aZSvIlBW1KfKL6dmU8r_IZhrd43NqJcPxIAg&oe=689293BE&_nc_sid=6ff7c8,Seguir,tecnicasamara Samara Rocha Pires 222 posts 222 759 759 899 899 técnica de enfermagem & cuidadora de idosos 🩺♥️ ❤ ✝️ Filhos!,,,,https://www.threads.com/@tecnicasamara?xmt=AQF0lqRqhfqAJsPOvXKJeH-rPvo58WV-Bfcq66oEtCJ199I,False,Pública,0,,,False,0,0,0
nayara_privatss_12,,False,https://instagram.fpmw2-1.fna.fbcdn.net/v/t51.2885-19/456236060_912300300746638_7892127520016790191_n.jpg?stp=dst-jpg_s150x150_tt6&efg=eyJ2ZW5jb2RlX3RhZyI6InByb2ZpbGVfcGljLmRqYW5nby4xMDgwLmMyIn0&_nc_ht=instagram.fpmw2-1.fna.fbcdn.net&_nc_cat=110&_nc_oc=Q6cZ2QGvqLyMTfyhyW_-C2Psbu0ZiwxUprLCuBvHD8sIBKLNvLN8NEgFoireDQ2EbyxQYB0sS4tF3fT6i6ezUVbn_M4M&_nc_ohc=B9I6LuZhn_cQ7kNvwGthzLZ&_nc_gid=RPQdk0bJhgGlHh9bSDqBew&edm=APQMUHMBAAAA&ccb=7-5&oh=00_AfRIJ2kGjZejsRAuHEfsyRp8H8eDK71x7TyxPtH2TIEE4g&oe=68925C76&_nc_sid=6ff7c8,Seguir,nayara_privatss_12 baby_bata 💙 2 posts 2 245 245 361 361 Saved by grace 🤍 Criação do Criador 🥺👌 Deternômio 11:24,0,0,0,,False,Pública,0,,,False,0,0,0
its_me_wiwy03,,False,https://instagram.fpmw2-1.fna.fbcdn.net/v/t51.2885-19/517213123_18072563887955313_7840323392133567574_n.jpg?stp=dst-jpg_s150x150_tt6&efg=eyJ2ZW5jb2RlX3RhZyI6InByb2ZpbGVfcGljLmRqYW5nby4xMDgwLmMyIn0&_nc_ht=instagram.fpmw2-1.fna.fbcdn.net&_nc_cat=109&_nc_oc=Q6cZ2QGvqLyMTfyhyW_-C2Psbu0ZiwxUprLCuBvHD8sIBKLNvLN8NEgFoireDQ2EbyxQYB0sS4tF3fT6i6ezUVbn_M4M&_nc_ohc=Xsx3u0vI75QQ7kNvwH8RwvH&_nc_gid=RPQdk0bJhgGlHh9bSDqBew&edm=APQMUHMBAAAA&ccb=7-5&oh=00_AfQr4ss3wo7Xt0iO_1GUOMD9zsre8uuGrvBaQVuUBqL9Dw&oe=689291EB&_nc_sid=6ff7c8,Seguir,"its_me_wiwy03 Wizney Chiconela!<3❤️🦋 0 posts 0 892 892 871 871 Islam is my denn, jannah is my dream!❤️‍🩹 UmmeKultum's mom!🤍",0,0,0,https://www.threads.com/@its_me_wiwy03?xmt=AQF054GtCrPDvkpNYseJFPzazOcAOHpS2SYn5Ut9DfyS828,False,Pública,0,,,False,0,0,0
stefanielungim,,False,https://instagram.fpmw2-1.fna.fbcdn.net/v/t51.2885-19/458998036_1458381218113867_4893886544310623544_n.jpg?stp=dst-jpg_s150x150_tt6&efg=eyJ2ZW5jb2RlX3RhZyI6InByb2ZpbGVfcGljLmRqYW5nby43MjAuYzIifQ&_nc_ht=instagram.fpmw2-1.fna.fbcdn.net&_nc_cat=107&_nc_oc=Q6cZ2QGvqLyMTfyhyW_-C2Psbu0ZiwxUprLCuBvHD8sIBKLNvLN8NEgFoireDQ2EbyxQYB0sS4tF3fT6i6ezUVbn_M4M&_nc_ohc=vHqXKKmd4f4Q7kNvwE8tfeq&_nc_gid=RPQdk0bJhgGlHh9bSDqBew&edm=APQMUHMBAAAA&ccb=7-5&oh=00_AfTdkAbA-VWRlJ8L5Kqqoq5rx_bwGt8PxpUxfSaqY_L_Cw&oe=68926337&_nc_sid=6ff7c8,Seguir,stefanielungim Stefanie Lungim 41 posts 41 178 178 322 322 Deus🙏 Família👧👧🧒🧒👧 ❤️💍 🦋 bem me quero ❤️,0,0,0,https://www.facebook.com/profile.php?id=100027283506326&ref=_ig_profile_ac,False,Pública,0,,,False,0,0,0
elizeteferreira569,,False,https://instagram.fpmw2-1.fna.fbcdn.net/v/t51.2885-19/520891457_17859772182449130_4513972748214448203_n.jpg?stp=dst-jpg_s150x150_tt6&efg=eyJ2ZW5jb2RlX3RhZyI6InByb2ZpbGVfcGljLmRqYW5nby4xMDgwLmMyIn0&_nc_ht=instagram.fpmw2-1.fna.fbcdn.net&_nc_cat=106&_nc_oc=Q6cZ2QGvqLyMTfyhyW_-C2Psbu0ZiwxUprLCuBvHD8sIBKLNvLN8NEgFoireDQ2EbyxQYB0sS4tF3fT6i6ezUVbn_M4M&_nc_ohc=jr9x3Y9_ybgQ7kNvwGmBEjp&_nc_gid=RPQdk0bJhgGlHh9bSDqBew&edm=APQMUHMBAAAA&ccb=7-5&oh=00_AfT25YhCS7Tzbj6qifp_j0izo7coKsqOzS3SYTnJsbodfQ&oe=689264C5&_nc_sid=6ff7c8,Seguir,,0,0,0,,False,Erro de carregamento,0,,,False,0,0,0
brueduardda_,,False,https://instagram.fpmw2-1.fna.fbcdn.net/v/t51.2885-19/487462585_947898530751632_9092404460720090002_n.jpg?stp=dst-jpg_s150x150_tt6&efg=eyJ2ZW5jb2RlX3RhZyI6InByb2ZpbGVfcGljLmRqYW5nby4xMDgwLmMyIn0&_nc_ht=instagram.fpmw2-1.fna.fbcdn.net&_nc_cat=108&_nc_oc=Q6cZ2QGvqLyMTfyhyW_-C2Psbu0ZiwxUprLCuBvHD8sIBKLNvLN8NEgFoireDQ2EbyxQYB0sS4tF3fT6i6ezUVbn_M4M&_nc_ohc=2dHt8ysCcS8Q7kNvwHcWfKi&_nc_gid=RPQdk0bJhgGlHh9bSDqBew&edm=APQMUHMBAAAA&ccb=7-5&oh=00_AfS2iUM-KYFHALkhJutzzo7ASWXOxqlSv8bzNAJ3BdJFPg&oe=689281DB&_nc_sid=6ff7c8,Seguir,brueduardda_ Bruna Eduarda | Maquiadora em SJE MG 46 posts 46 988 988 2.336 2.336 Empreendedor(a) wa.link/9uy5ot cursos perfurações ❤️💍 Maquiagem,,,,,False,Pública,0,,,False,0,0,0
laura_silva096,,False,https://instagram.fpmw2-1.fna.fbcdn.net/v/t51.2885-19/489723704_1229744431900164_3384731758281964871_n.jpg?stp=dst-jpg_s150x150_tt6&efg=eyJ2ZW5jb2RlX3RhZyI6InByb2ZpbGVfcGljLmRqYW5nby43MDQuYzIifQ&_nc_ht=instagram.fpmw2-1.fna.fbcdn.net&_nc_cat=100&_nc_oc=Q6cZ2QGvqLyMTfyhyW_-C2Psbu0ZiwxUprLCuBvHD8sIBKLNvLN8NEgFoireDQ2EbyxQYB0sS4tF3fT6i6ezUVbn_M4M&_nc_ohc=KjR9oHqgel8Q7kNvwFhd7ZL&_nc_gid=RPQdk0bJhgGlHh9bSDqBew&edm=APQMUHMBAAAA&ccb=7-5&oh=00_AfRWfZ2vVXTt7yzigxfwOfq72XwRFIF4wlxT9S1gaZCkqA&oe=6892818E&_nc_sid=6ff7c8,Seguir,laura_silva096 Laura Silva 10 posts 10 972 972 503 503,0,0,0,https://www.facebook.com/profile.php?id=100012364118431&ref=_ig_profile_ac,False,Pública,0,,,False,0,0,0
thallia_45,,False,https://scontent-atl3-2.cdninstagram.com/v/t51.2885-19/464760996_1254146839119862_3605321457742435801_n.png?stp=dst-jpg_e0_s150x150_tt6&cb=8577c754-c2464923&efg=eyJ2ZW5jb2RlX3RhZyI6InByb2ZpbGVfcGljLmRqYW5nby4xNTAuYzIifQ&_nc_ht=scontent-atl3-2.cdninstagram.com&_nc_cat=1&_nc_oc=Q6cZ2QHwxO8IRyQ9V_I_Zhbs4d_om-nxmN-jTIEynFqpzEd0ollm7hsR1EGw_S_7tEy8sNwTO48SaKr9Cf9p0Z0Q5hal&_nc_ohc=cmGW-gSOmkoQ7kNvwGro24d&_nc_gid=wftLRPPdM31b9LSbbSqj8A&edm=AJ9x6zYBAAAA&ccb=7-5&ig_cache_key=YW5vbnltb3VzX3Byb2ZpbGVfcGlj.3-ccb7-5-cb8577c754-c2464923&oh=00_AfQHgnBa5OkNblfqP9Nxq6AVJcxqjsuCFA5d5XD1b7cdqA&oe=68928E28&_nc_sid=65462d,Seguir,thallia_45 4 posts 4 86 86 179 179,0,0,0,,False,Pública,0,,,False,0,0,0
sirqueiradias,,False,https://instagram.fpmw2-1.fna.fbcdn.net/v/t51.2885-19/473055807_1311824693167364_1092509467360741763_n.jpg?stp=dst-jpg_s150x150_tt6&efg=eyJ2ZW5jb2RlX3RhZyI6InByb2ZpbGVfcGljLmRqYW5nby44NTMuYzIifQ&_nc_ht=instagram.fpmw2-1.fna.fbcdn.net&_nc_cat=108&_nc_oc=Q6cZ2QGvqLyMTfyhyW_-C2Psbu0ZiwxUprLCuBvHD8sIBKLNvLN8NEgFoireDQ2EbyxQYB0sS4tF3fT6i6ezUVbn_M4M&_nc_ohc=icMMhg5bj98Q7kNvwFRhQjw&_nc_gid=RPQdk0bJhgGlHh9bSDqBew&edm=APQMUHMBAAAA&ccb=7-5&oh=00_AfSfY37izhhGMV8OHSiTLbkStKJQ4odw3fArcqdlalw9Nw&oe=6892861D&_nc_sid=6ff7c8,Seguir,sirqueiradias Reny Cristina Sirqueira Dias 72 posts 72 717 717 1.009 1.009 😍😍 Fortaleza Nova xavantina Competição Caldas Novas Conquista Jalapão karatecas Goiânia Palmas Blumenau Barrio de Vinho Musseu Pomerode Beto Carreiro,,,,https://www.threads.com/@sirqueiradias?xmt=AQF0dm5nbt2ADwy8AXf3dwrwlw2K9nkPlIEcYOBIs1IkEwA,False,Pública,0,,,False,0,0,0
w.say_manu,,False,https://instagram.fpmw2-1.fna.fbcdn.net/v/t51.2885-19/522429810_18005668823790277_1207790516255684570_n.jpg?stp=dst-jpg_s150x150_tt6&efg=eyJ2ZW5jb2RlX3RhZyI6InByb2ZpbGVfcGljLmRqYW5nby4xMDgwLmMyIn0&_nc_ht=instagram.fpmw2-1.fna.fbcdn.net&_nc_cat=101&_nc_oc=Q6cZ2QGvqLyMTfyhyW_-C2Psbu0ZiwxUprLCuBvHD8sIBKLNvLN8NEgFoireDQ2EbyxQYB0sS4tF3fT6i6ezUVbn_M4M&_nc_ohc=IP30is5AgNUQ7kNvwHi5cHy&_nc_gid=RPQdk0bJhgGlHh9bSDqBew&edm=APQMUHMBAAAA&ccb=7-5&oh=00_AfSI1-3BmmKmDuvDBxcjzTMU-Sho6tqq3jn4psinAFVVHA&oe=68926590&_nc_sid=6ff7c8,Seguir,,0,0,0,,False,Erro de carregamento,0,,,False,0,0,0
lyandra_cristina_fernandes,,False,https://instagram.fpmw2-1.fna.fbcdn.net/v/t51.2885-19/451396925_372062922266827_8028306476733479486_n.jpg?stp=dst-jpg_s150x150_tt6&efg=eyJ2ZW5jb2RlX3RhZyI6InByb2ZpbGVfcGljLmRqYW5nby4xMDgwLmMyIn0&_nc_ht=instagram.fpmw2-1.fna.fbcdn.net&_nc_cat=107&_nc_oc=Q6cZ2QGHtoNmbAonuzCk4ef9ACxI0BGsPbQ3UgECotdJv-imifyMMPUUMMF-K98e1nU-Hv9xvl6npOj4EuvA-CuF1hRw&_nc_ohc=uH6YZQRD0e4Q7kNvwE6EXBO&_nc_gid=gvu-HAk3zvgm-4EKIYvuZA&edm=APQMUHMBAAAA&ccb=7-5&oh=00_AfS3uFpmVrQgyb3egC6njDh_Dw6SBxYmxySb-XcJb3q_Wg&oe=689264E0&_nc_sid=6ff7c8,Seguir,,0,0,0,,False,Erro inesperado,0,,,False,0,0,0
suellenmagalhaesferreira,,False,https://instagram.fpmw2-1.fna.fbcdn.net/v/t51.2885-19/471958878_1144133173786035_4584296666097569771_n.jpg?stp=dst-jpg_s150x150_tt6&efg=eyJ2ZW5jb2RlX3RhZyI6InByb2ZpbGVfcGljLmRqYW5nby4xMDgwLmMyIn0&_nc_ht=instagram.fpmw2-1.fna.fbcdn.net&_nc_cat=103&_nc_oc=Q6cZ2QGHtoNmbAonuzCk4ef9ACxI0BGsPbQ3UgECotdJv-imifyMMPUUMMF-K98e1nU-Hv9xvl6npOj4EuvA-CuF1hRw&_nc_ohc=wC3YKZVSKvkQ7kNvwF8vwL_&_nc_gid=gvu-HAk3zvgm-4EKIYvuZA&edm=APQMUHMBAAAA&ccb=7-5&oh=00_AfTU4UJJjuZF_5swU-0yAwRtp0wIsZQc_nM4rXCHz6Pzog&oe=68926D65&_nc_sid=6ff7c8,Seguir,suellenmagalhaesferreira Suellen Magalhães ferreira 16 posts 16 177 177 1.587 1.587,0,0,0,,False,Pública,0,,,False,0,0,0
liliaa_rodrigues,,False,https://instagram.fpmw2-1.fna.fbcdn.net/v/t51.2885-19/291972750_162846602971726_73922532242723581_n.jpg?stp=dst-jpg_s150x150_tt6&efg=eyJ2ZW5jb2RlX3RhZyI6InByb2ZpbGVfcGljLmRqYW5nby43OTguYzIifQ&_nc_ht=instagram.fpmw2-1.fna.fbcdn.net&_nc_cat=110&_nc_oc=Q6cZ2QGHtoNmbAonuzCk4ef9ACxI0BGsPbQ3UgECotdJv-imifyMMPUUMMF-K98e1nU-Hv9xvl6npOj4EuvA-CuF1hRw&_nc_ohc=rw2gWEW4dJsQ7kNvwGv5okx&_nc_gid=gvu-HAk3zvgm-4EKIYvuZA&edm=APQMUHMBAAAA&ccb=7-5&oh=00_AfQEsLAWf-2BhENYmOuqC2jM1r1VnOBuAkSSl63j8nejew&oe=68927F7D&_nc_sid=6ff7c8,Seguir,liliaa_rodrigues Lilia Rodrigues ✨ 16 posts 16 411 411 1.708 1.708 filhas❤️ ❤️,,,0,https://www.threads.com/@liliaa_rodrigues?xmt=AQF0xcYpa2RfrE1HySDOGKufiXPxmRZHg3D7o7DUFcmH7PI,False,Pública,0,,,False,0,0,0
annaj_ulia519,,False,https://instagram.fpmw2-1.fna.fbcdn.net/v/t51.2885-19/518887209_17879581794358258_8335832528013838250_n.jpg?stp=dst-jpg_s150x150_tt6&efg=eyJ2ZW5jb2RlX3RhZyI6InByb2ZpbGVfcGljLmRqYW5nby4xMDgwLmMyIn0&_nc_ht=instagram.fpmw2-1.fna.fbcdn.net&_nc_cat=110&_nc_oc=Q6cZ2QGHtoNmbAonuzCk4ef9ACxI0BGsPbQ3UgECotdJv-imifyMMPUUMMF-K98e1nU-Hv9xvl6npOj4EuvA-CuF1hRw&_nc_ohc=Lz-b31oRyG4Q7kNvwGNWlr_&_nc_gid=gvu-HAk3zvgm-4EKIYvuZA&edm=APQMUHMBAAAA&ccb=7-5&oh=00_AfQ1yW5OjEZ3yOeiUG-0d_1VHQrAVV_leRkBnYnCXawf4w&oe=6892754D&_nc_sid=6ff7c8,Seguir,,0,0,0,,False,Erro de carregamento,0,,,False,0,0,0
isabelgouveia45,,False,https://instagram.fpmw2-1.fna.fbcdn.net/v/t51.2885-19/502128110_17842628895505502_5396186630695945194_n.jpg?stp=dst-jpg_s150x150_tt6&efg=eyJ2ZW5jb2RlX3RhZyI6InByb2ZpbGVfcGljLmRqYW5nby4xMDgwLmMyIn0&_nc_ht=instagram.fpmw2-1.fna.fbcdn.net&_nc_cat=102&_nc_oc=Q6cZ2QGU9sG9TyBxU-rV6-74-jDlp3nbIqxFMyfZs3IgTB5Ir81TlBXnKrrsF_D4D4rFkiCsjmfKJP6gMSAYN82qzz9n&_nc_ohc=l3x1YRJF-rYQ7kNvwHmMluS&_nc_gid=UJ1zb6PtEU2kJbQq99EWzQ&edm=APQMUHMBAAAA&ccb=7-5&oh=00_AfQW_zxjD6k6ly0ZW4O6EY8-HJm8FFLSs2DV4lTciAwOxw&oe=68928E26&_nc_sid=6ff7c8,Seguir,isabelgouveia45 Gouveia 0 posts 0 91 91 88 88 G K A K 💞,0,0,0,,False,Pública,0,,,False,0,0,0
_samileserrulha,,False,https://instagram.fpmw2-1.fna.fbcdn.net/v/t51.2885-19/476786036_963594628718878_6532019272517694013_n.jpg?stp=dst-jpg_s150x150_tt6&efg=eyJ2ZW5jb2RlX3RhZyI6InByb2ZpbGVfcGljLmRqYW5nby4xMDgwLmMyIn0&_nc_ht=instagram.fpmw2-1.fna.fbcdn.net&_nc_cat=110&_nc_oc=Q6cZ2QGHtoNmbAonuzCk4ef9ACxI0BGsPbQ3UgECotdJv-imifyMMPUUMMF-K98e1nU-Hv9xvl6npOj4EuvA-CuF1hRw&_nc_ohc=8hmNbkBrg6QQ7kNvwF-2GIq&_nc_gid=gvu-HAk3zvgm-4EKIYvuZA&edm=APQMUHMBAAAA&ccb=7-5&oh=00_AfR4KRmbCTT74eiztNHHyc47meSaOO3VSqcKOxUHDLyJCQ&oe=68928EF7&_nc_sid=6ff7c8,Seguir,,0,0,0,,False,Erro de carregamento,0,,,False,0,0,0
valquiria22sousa,,False,https://instagram.fpmw2-1.fna.fbcdn.net/v/t51.2885-19/468606017_858786296335460_502378719971953747_n.jpg?stp=dst-jpg_s150x150_tt6&efg=eyJ2ZW5jb2RlX3RhZyI6InByb2ZpbGVfcGljLmRqYW5nby43MjAuYzIifQ&_nc_ht=instagram.fpmw2-1.fna.fbcdn.net&_nc_cat=108&_nc_oc=Q6cZ2QGHtoNmbAonuzCk4ef9ACxI0BGsPbQ3UgECotdJv-imifyMMPUUMMF-K98e1nU-Hv9xvl6npOj4EuvA-CuF1hRw&_nc_ohc=VddpST6s5I0Q7kNvwF_S_gX&_nc_gid=gvu-HAk3zvgm-4EKIYvuZA&edm=APQMUHMBAAAA&ccb=7-5&oh=00_AfQEe7WoQKUQ1SS5K6BBk8SsIT1ByrqrhiGQN6kgiEkahw&oe=68927F25&_nc_sid=6ff7c8,Seguir,,0,0,0,,False,Erro de carregamento,0,,,False,0,0,0
claudiadinizs1,,False,https://instagram.fpmw2-1.fna.fbcdn.net/v/t51.2885-19/481345803_1800738967386890_7559571557760571966_n.jpg?stp=dst-jpg_s150x150_tt6&efg=eyJ2ZW5jb2RlX3RhZyI6InByb2ZpbGVfcGljLmRqYW5nby4xMDEzLmMyIn0&_nc_ht=instagram.fpmw2-1.fna.fbcdn.net&_nc_cat=102&_nc_oc=Q6cZ2QGHtoNmbAonuzCk4ef9ACxI0BGsPbQ3UgECotdJv-imifyMMPUUMMF-K98e1nU-Hv9xvl6npOj4EuvA-CuF1hRw&_nc_ohc=8XzR53tlZJUQ7kNvwGvQDJ6&_nc_gid=gvu-HAk3zvgm-4EKIYvuZA&edm=APQMUHMBAAAA&ccb=7-5&oh=00_AfSwbifjoMMtkaY1_5byfn4n3phV0hGhR8wxLcgLGxPLNw&oe=68927DB7&_nc_sid=6ff7c8,Seguir,claudiadinizs1 Claudia Diniz 1 post 1 1.529 1.529 7.258 7.258 Saúde/beleza,0,0,0,https://www.threads.com/@claudiadinizs1?xmt=AQF0ggbEvIPX7Rz5NbWxazEYFWicxc-jP7C-9B1gzfvs544,False,Pública,0,,,False,0,0,0
lucasarrudapva,,False,https://instagram.fpmw2-1.fna.fbcdn.net/v/t51.2885-19/449760838_1032790318272022_8649081412755207364_n.jpg?stp=dst-jpg_s150x150_tt6&efg=eyJ2ZW5jb2RlX3RhZyI6InByb2ZpbGVfcGljLmRqYW5nby4xMDgwLmMyIn0&_nc_ht=instagram.fpmw2-1.fna.fbcdn.net&_nc_cat=110&_nc_oc=Q6cZ2QGU9sG9TyBxU-rV6-74-jDlp3nbIqxFMyfZs3IgTB5Ir81TlBXnKrrsF_D4D4rFkiCsjmfKJP6gMSAYN82qzz9n&_nc_ohc=Gw0SzhPCPo4Q7kNvwGWYPEE&_nc_gid=UJ1zb6PtEU2kJbQq99EWzQ&edm=APQMUHMBAAAA&ccb=7-5&oh=00_AfT8LuXGHjFK6Um3IfR8kwxv7HcooQHc163vlUkAnpJy6Q&oe=689283D1&_nc_sid=6ff7c8,Seguir,lucasarrudapva Lucas Arruda 41 posts 41 1.040 1.040 2.453 2.453 📍Primavera do Leste-MT 🇧🇷 Administração 6/8 📚 Geminiano ♊ Católico 📿🙏⛪ Campi... mais 📍Primavera do Leste-MT 🇧🇷 Administração 6/8 📚 Geminiano ♊ Católico 📿🙏⛪ Campi ... mais mais,0,0,0,https://www.facebook.com/profile.php?id=100003002577606&ref=_ig_profile_ac,False,Pública,0,,,False,0,0,0
tanyellequeirozda,,False,https://instagram.fpmw2-1.fna.fbcdn.net/v/t51.2885-19/451963287_486261577425844_2452750335685562622_n.jpg?stp=dst-jpg_s150x150_tt6&efg=eyJ2ZW5jb2RlX3RhZyI6InByb2ZpbGVfcGljLmRqYW5nby4xMDgwLmMyIn0&_nc_ht=instagram.fpmw2-1.fna.fbcdn.net&_nc_cat=104&_nc_oc=Q6cZ2QGU9sG9TyBxU-rV6-74-jDlp3nbIqxFMyfZs3IgTB5Ir81TlBXnKrrsF_D4D4rFkiCsjmfKJP6gMSAYN82qzz9n&_nc_ohc=vdu35ao9QiMQ7kNvwGE6104&_nc_gid=UJ1zb6PtEU2kJbQq99EWzQ&edm=APQMUHMBAAAA&ccb=7-5&oh=00_AfTPsqopNnhcaHyYlwSuEvSzOumXt2UGJfRSJDEhYx2sDw&oe=68925D7C&_nc_sid=6ff7c8,Seguir,,0,0,0,,False,Erro inesperado,0,,,False,0,0,0
mi_rodriguess,,False,https://instagram.fpmw2-1.fna.fbcdn.net/v/t51.2885-19/490044347_9744429522288624_3929712216991177634_n.jpg?stp=dst-jpg_s150x150_tt6&efg=eyJ2ZW5jb2RlX3RhZyI6InByb2ZpbGVfcGljLmRqYW5nby4xMDgwLmMyIn0&_nc_ht=instagram.fpmw2-1.fna.fbcdn.net&_nc_cat=100&_nc_oc=Q6cZ2QGU9sG9TyBxU-rV6-74-jDlp3nbIqxFMyfZs3IgTB5Ir81TlBXnKrrsF_D4D4rFkiCsjmfKJP6gMSAYN82qzz9n&_nc_ohc=jUddyBJsfzwQ7kNvwHFg2i7&_nc_gid=UJ1zb6PtEU2kJbQq99EWzQ&edm=APQMUHMBAAAA&ccb=7-5&oh=00_AfSPF6N4WFviU76sZWOnfo6stVr8vAJ3gC1t4HzYrJQBQw&oe=68928D5F&_nc_sid=6ff7c8,Seguir,mi_rodriguess Milena Rodrigues 145 posts 145 1.087 1.087 1.210 1.210 ... mais mais 🤰✨ Wiñk 🤍 Minha vida .,,0,0,,False,Pública,0,,,False,0,0,0
pri.coutinho,,False,https://instagram.fpmw2-1.fna.fbcdn.net/v/t51.2885-19/470044303_1300285774331020_5535476208578784127_n.jpg?stp=dst-jpg_s150x150_tt6&efg=eyJ2ZW5jb2RlX3RhZyI6InByb2ZpbGVfcGljLmRqYW5nby4xMDgwLmMyIn0&_nc_ht=instagram.fpmw2-1.fna.fbcdn.net&_nc_cat=104&_nc_oc=Q6cZ2QGU9sG9TyBxU-rV6-74-jDlp3nbIqxFMyfZs3IgTB5Ir81TlBXnKrrsF_D4D4rFkiCsjmfKJP6gMSAYN82qzz9n&_nc_ohc=wXCcXOvVYhYQ7kNvwGjwIZt&_nc_gid=UJ1zb6PtEU2kJbQq99EWzQ&edm=APQMUHMBAAAA&ccb=7-5&oh=00_AfRw79Ru3-6BSAQefHP1j0e4VpzeuymjzvBN9lNPDHL5Hw&oe=68927EF2&_nc_sid=6ff7c8,Seguir,,0,0,0,,False,Erro inesperado,0,,,False,0,0,0
a._.dudinha_,,False,https://instagram.fpmw2-1.fna.fbcdn.net/v/t51.2885-19/472478198_1527088291336657_3152296858958511609_n.jpg?stp=dst-jpg_s150x150_tt6&efg=eyJ2ZW5jb2RlX3RhZyI6InByb2ZpbGVfcGljLmRqYW5nby4xMDgwLmMyIn0&_nc_ht=instagram.fpmw2-1.fna.fbcdn.net&_nc_cat=101&_nc_oc=Q6cZ2QGU9sG9TyBxU-rV6-74-jDlp3nbIqxFMyfZs3IgTB5Ir81TlBXnKrrsF_D4D4rFkiCsjmfKJP6gMSAYN82qzz9n&_nc_ohc=zMf1qVB3CDIQ7kNvwFIn0hw&_nc_gid=UJ1zb6PtEU2kJbQq99EWzQ&edm=APQMUHMBAAAA&ccb=7-5&oh=00_AfRbKqdaFK8AhWBnKHukJCCXTf0MRiPfIxmzKka_TMGKKQ&oe=68925EFB&_nc_sid=6ff7c8,Seguir,,0,0,0,,False,Erro inesperado,0,,,False,0,0,0
tascianemartins,,False,https://instagram.fpmw2-1.fna.fbcdn.net/v/t51.2885-19/462200167_1226771571988639_6170331873311979516_n.jpg?stp=dst-jpg_s150x150_tt6&efg=eyJ2ZW5jb2RlX3RhZyI6InByb2ZpbGVfcGljLmRqYW5nby42NDAuYzIifQ&_nc_ht=instagram.fpmw2-1.fna.fbcdn.net&_nc_cat=107&_nc_oc=Q6cZ2QGU9sG9TyBxU-rV6-74-jDlp3nbIqxFMyfZs3IgTB5Ir81TlBXnKrrsF_D4D4rFkiCsjmfKJP6gMSAYN82qzz9n&_nc_ohc=PSwD5CXr8-8Q7kNvwH6NJQh&_nc_gid=UJ1zb6PtEU2kJbQq99EWzQ&edm=APQMUHMBAAAA&ccb=7-5&oh=00_AfRWyRdk-nIOtJmwQ9OFKfK-gy23w4S0mqzQDGC0kHezSg&oe=68927AA1&_nc_sid=6ff7c8,Seguir,tascianemartins Tasciane Martins✨ 129 posts 129 4.047 4.047 2.489 2.489 Estética Eventos 💜 Família 💜,,,0,,False,Pública,0,,,False,0,0,0
_gabi.ix,,False,https://instagram.fpmw2-1.fna.fbcdn.net/v/t51.2885-19/526531685_17882290080356967_2766967380251252111_n.jpg?stp=dst-jpg_s150x150_tt6&efg=eyJ2ZW5jb2RlX3RhZyI6InByb2ZpbGVfcGljLmRqYW5nby4xMDgwLmMyIn0&_nc_ht=instagram.fpmw2-1.fna.fbcdn.net&_nc_cat=103&_nc_oc=Q6cZ2QGU9sG9TyBxU-rV6-74-jDlp3nbIqxFMyfZs3IgTB5Ir81TlBXnKrrsF_D4D4rFkiCsjmfKJP6gMSAYN82qzz9n&_nc_ohc=tkNyeAVW1RUQ7kNvwG8BmcX&_nc_gid=UJ1zb6PtEU2kJbQq99EWzQ&edm=APQMUHMBAAAA&ccb=7-5&oh=00_AfS27SRyqQhadVG_XLAjTmTAMEESJN0SBZ-MgAeArjpPYw&oe=689285FF&_nc_sid=6ff7c8,Seguir,_gabi.ix 𝒈𝒂𝒃𝒊❥ 39 posts 39 225 225 995 995 ... mais mais,0,0,0,,False,Pública,0,,,False,0,0,0
anaa_grs,,False,https://instagram.fpmw2-1.fna.fbcdn.net/v/t51.2885-19/514298171_18287346529301759_4012600138392594899_n.jpg?stp=dst-jpg_s150x150_tt6&efg=eyJ2ZW5jb2RlX3RhZyI6InByb2ZpbGVfcGljLmRqYW5nby44MjguYzIifQ&_nc_ht=instagram.fpmw2-1.fna.fbcdn.net&_nc_cat=111&_nc_oc=Q6cZ2QGU9sG9TyBxU-rV6-74-jDlp3nbIqxFMyfZs3IgTB5Ir81TlBXnKrrsF_D4D4rFkiCsjmfKJP6gMSAYN82qzz9n&_nc_ohc=XDlnUXNVkCUQ7kNvwHmaqi6&_nc_gid=UJ1zb6PtEU2kJbQq99EWzQ&edm=APQMUHMBAAAA&ccb=7-5&oh=00_AfQ0oPW3WsK4cf8rlgGZbXXRVMQAcpURyjp7irNzZAd9yg&oe=68925E7E&_nc_sid=6ff7c8,Seguir,anaa_grs Ana🦋 0 posts 0 992 992 774 774 💎✨,0,0,0,,False,Pública,0,,,False,0,0,0
aelton.santos.140,,False,https://instagram.fpmw2-1.fna.fbcdn.net/v/t51.2885-19/473886102_1123501805576742_8290437714039611019_n.jpg?stp=dst-jpg_s150x150_tt6&efg=eyJ2ZW5jb2RlX3RhZyI6InByb2ZpbGVfcGljLmRqYW5nby4xMDgwLmMyIn0&_nc_ht=instagram.fpmw2-1.fna.fbcdn.net&_nc_cat=106&_nc_oc=Q6cZ2QGU9sG9TyBxU-rV6-74-jDlp3nbIqxFMyfZs3IgTB5Ir81TlBXnKrrsF_D4D4rFkiCsjmfKJP6gMSAYN82qzz9n&_nc_ohc=ouGy4s5rtg4Q7kNvwFzzx8N&_nc_gid=UJ1zb6PtEU2kJbQq99EWzQ&edm=APQMUHMBAAAA&ccb=7-5&oh=00_AfRmkRD1gq5dagYGGHq4vAq41rj978SXIwXCZ_oiMHAs0w&oe=68928AFD&_nc_sid=6ff7c8,Seguir,aelton.santos.140 Aelton Santos 39 posts 39 550 550 1.301 1.301 Aviação Civil✈️,0,0,0,,False,Pública,0,,,False,0,0,0
hannasantosbeauty,,False,https://instagram.fpmw2-1.fna.fbcdn.net/v/t51.2885-19/410873406_744405954172206_2502422164839636877_n.jpg?stp=dst-jpg_s150x150_tt6&efg=eyJ2ZW5jb2RlX3RhZyI6InByb2ZpbGVfcGljLmRqYW5nby4xMDgwLmMyIn0&_nc_ht=instagram.fpmw2-1.fna.fbcdn.net&_nc_cat=106&_nc_oc=Q6cZ2QGU9sG9TyBxU-rV6-74-jDlp3nbIqxFMyfZs3IgTB5Ir81TlBXnKrrsF_D4D4rFkiCsjmfKJP6gMSAYN82qzz9n&_nc_ohc=pjzjXl713gMQ7kNvwG_MMQV&_nc_gid=UJ1zb6PtEU2kJbQq99EWzQ&edm=APQMUHMBAAAA&ccb=7-5&oh=00_AfTQIjD_Q6MOnTT32rl0Jawg3mOhBGsQLbG1nOYH_DBQcg&oe=68927CF6&_nc_sid=6ff7c8,Seguir,hannasantosbeauty Bárbara Hanna Santos 18 posts 18 211 211 241 241 📝📈 BROWS FIO A FIO FB,,,,https://www.threads.com/@hannasantosbeauty?xmt=AQF0wv9Pob8FvgVDVlYk1wUthHAt2CA23L_iARfeZI4MJsI,False,Pública,0,,,False,0,0,0
makii2952,,False,https://instagram.fpmw2-1.fna.fbcdn.net/v/t51.2885-19/521875093_17842994595540414_2348762947063211832_n.jpg?stp=dst-jpg_s150x150_tt6&efg=eyJ2ZW5jb2RlX3RhZyI6InByb2ZpbGVfcGljLmRqYW5nby4xMDgwLmMyIn0&_nc_ht=instagram.fpmw2-1.fna.fbcdn.net&_nc_cat=106&_nc_oc=Q6cZ2QF57CeodGPwhOoOoQDk6kyny99MzZVFK0C5Leym0gPn7sAJqHrG_aU9rCuX08gnZRLPO4eklP7KN99omCsaekbl&_nc_ohc=-qFIXwbZj9MQ7kNvwFXk66c&_nc_gid=HekEnBWu10HbhObEfPEOpQ&edm=APQMUHMBAAAA&ccb=7-5&oh=00_AfQQaxiQ8WDQFs_JUzFJsjzBfab5jGiXuwSUrSMsx5phIQ&oe=68926C76&_nc_sid=6ff7c8,Seguir,"makii2952 𝕸𝖔𝖗𝖛𝖊𝖑𝖑𝖆 0 posts 0 56 56 68 68 SP☁️ ""The purest love comes from someone who changes their own mistakes for the other person.""",0,0,0,https://www.threads.com/@makii2952?xmt=AQF06kWUNC47Sk5qJ0cAkOHlppOzWdfx8rJjMLYjMMJ69yU,False,Pública,0,,,False,0,0,0
gabysantosrod,,False,https://instagram.fpmw2-1.fna.fbcdn.net/v/t51.2885-19/434097448_966367884913258_1572404839594893902_n.jpg?stp=dst-jpg_s150x150_tt6&efg=eyJ2ZW5jb2RlX3RhZyI6InByb2ZpbGVfcGljLmRqYW5nby4xMDgwLmMyIn0&_nc_ht=instagram.fpmw2-1.fna.fbcdn.net&_nc_cat=110&_nc_oc=Q6cZ2QF57CeodGPwhOoOoQDk6kyny99MzZVFK0C5Leym0gPn7sAJqHrG_aU9rCuX08gnZRLPO4eklP7KN99omCsaekbl&_nc_ohc=gdSnt4ALpsEQ7kNvwHMsN_W&_nc_gid=HekEnBWu10HbhObEfPEOpQ&edm=APQMUHMBAAAA&ccb=7-5&oh=00_AfS6CkCt8Gv0nkD_o1wyvR8o9NrAh-k7NC61jFKBGl-1cg&oe=68926AC3&_nc_sid=6ff7c8,Seguir,,0,0,0,,False,Erro inesperado,0,,,False,0,0,0
caseirinhosjoaoemariacfs,,False,https://instagram.fpmw2-1.fna.fbcdn.net/v/t51.2885-19/461309766_2737027303125700_1735952678557895103_n.jpg?stp=dst-jpg_s150x150_tt6&efg=eyJ2ZW5jb2RlX3RhZyI6InByb2ZpbGVfcGljLmRqYW5nby4xMDgwLmMyIn0&_nc_ht=instagram.fpmw2-1.fna.fbcdn.net&_nc_cat=104&_nc_oc=Q6cZ2QF57CeodGPwhOoOoQDk6kyny99MzZVFK0C5Leym0gPn7sAJqHrG_aU9rCuX08gnZRLPO4eklP7KN99omCsaekbl&_nc_ohc=7WHVnq02E8cQ7kNvwEH3lht&_nc_gid=HekEnBWu10HbhObEfPEOpQ&edm=APQMUHMBAAAA&ccb=7-5&oh=00_AfSy0ukMwOQq9vbwzI2ESYRgYLsK1sWwbM6g2WmIMN2lug&oe=6892632C&_nc_sid=6ff7c8,Seguir,caseirinhosjoaoemariacfs Caseirinhos João e Maria 34 posts 34 1.481 1.481 592 592 ... mais mais Destaques,0,0,0,,False,Pública,0,,,False,0,0,0
gabriel_juliaa,,False,https://instagram.fpmw2-1.fna.fbcdn.net/v/t51.2885-19/508587309_18036616658655545_5257808745308329910_n.jpg?stp=dst-jpg_s150x150_tt6&efg=eyJ2ZW5jb2RlX3RhZyI6InByb2ZpbGVfcGljLmRqYW5nby4xMDgwLmMyIn0&_nc_ht=instagram.fpmw2-1.fna.fbcdn.net&_nc_cat=105&_nc_oc=Q6cZ2QF57CeodGPwhOoOoQDk6kyny99MzZVFK0C5Leym0gPn7sAJqHrG_aU9rCuX08gnZRLPO4eklP7KN99omCsaekbl&_nc_ohc=4i7mC6fmMQkQ7kNvwGwD3x2&_nc_gid=HekEnBWu10HbhObEfPEOpQ&edm=APQMUHMBAAAA&ccb=7-5&oh=00_AfTIbMrEZ6naduP79uJ6TzLWrFb9WXBTK5ELh69kvi_ACA&oe=68927272&_nc_sid=6ff7c8,Seguir,,0,0,0,,False,Erro de carregamento,0,,,False,0,0,0
pablocr_dias,,False,https://instagram.fpmw2-1.fna.fbcdn.net/v/t51.2885-19/409211341_573980644894036_2539083149012209369_n.jpg?stp=dst-jpg_s150x150_tt6&efg=eyJ2ZW5jb2RlX3RhZyI6InByb2ZpbGVfcGljLmRqYW5nby4xMDgwLmMyIn0&_nc_ht=instagram.fpmw2-1.fna.fbcdn.net&_nc_cat=104&_nc_oc=Q6cZ2QFwmOxmwjORhQoop89BG4vwtupMqz8Q7J7M02ODbhR3kMiZ5U9fMseLB0gmFAHLK6HDa4SvW1OdbSft9Qh2J3-L&_nc_ohc=8UbM9Vei0cIQ7kNvwHjxBld&_nc_gid=agN2tRFTtuHNZuLeO_tRSw&edm=APQMUHMBAAAA&ccb=7-5&oh=00_AfR3-pGxi7cZCvZMQzqkisGalX68HCyf-HpdI0KKToTEJA&oe=68927FAD&_nc_sid=6ff7c8,Seguir,pablocr_dias Pablo Cristiano 133 posts 133 5.986 5.986 3.688 3.688 Blog pessoal Bacharel em Direito Pela UNIRV 🙏🏾🎓📚 Pôs graduação em P. Penal 📚💪🏾😍🙏🏾 Ciclistas amador de MTB 🚴🏼‍♂️🚵🏽‍♂️😎💪🏾 🤨Mas... mais Bacharel em Direito Pela UNIRV 🙏🏾🎓📚 Pôs graduação em P. Penal 📚💪🏾😍🙏🏾 Ciclistas amador de MTB 🚴🏼‍♂️🚵🏽‍♂️😎💪🏾 🤨Mas ... mais mais A braba Meus bebês A mio do 🇧🇷 #pedal #MTB #tbt ✌🏿,,0,0,https://www.threads.com/@pablocr_dias?xmt=AQF0lL1aJW1o_5TyzmPUbBSkfK0QVO2ULrlPqvzndnKAZH4,False,Pública,0,,,False,0,0,0
_vitoriasousa2001,,False,https://instagram.fpmw2-1.fna.fbcdn.net/v/t51.2885-19/516603816_18379694467135428_488378860208828866_n.jpg?stp=dst-jpg_s150x150_tt6&efg=eyJ2ZW5jb2RlX3RhZyI6InByb2ZpbGVfcGljLmRqYW5nby4xMDgwLmMyIn0&_nc_ht=instagram.fpmw2-1.fna.fbcdn.net&_nc_cat=100&_nc_oc=Q6cZ2QF57CeodGPwhOoOoQDk6kyny99MzZVFK0C5Leym0gPn7sAJqHrG_aU9rCuX08gnZRLPO4eklP7KN99omCsaekbl&_nc_ohc=tuLq-E0A5R8Q7kNvwGwReeZ&_nc_gid=HekEnBWu10HbhObEfPEOpQ&edm=APQMUHMBAAAA&ccb=7-5&oh=00_AfSxQumaxepxBKPJB9KSnp0_HCDLbw0n5pW7T1O47xlZVQ&oe=689280A6&_nc_sid=6ff7c8,Seguir,_vitoriasousa2001 Vitória Sousa 11 posts 11 853 853 756 756 Feita para ser o que quiser.😌 Mãe de Caíque🤴🏻 Ferreira 💍❤️,0,0,0,,False,Pública,0,,,False,0,0,0
naty_santos687,,False,https://instagram.fpmw2-1.fna.fbcdn.net/v/t51.2885-19/526006485_18053916644525240_1106043206388777957_n.jpg?stp=dst-jpg_s150x150_tt6&efg=eyJ2ZW5jb2RlX3RhZyI6InByb2ZpbGVfcGljLmRqYW5nby44MTAuYzIifQ&_nc_ht=instagram.fpmw2-1.fna.fbcdn.net&_nc_cat=108&_nc_oc=Q6cZ2QF57CeodGPwhOoOoQDk6kyny99MzZVFK0C5Leym0gPn7sAJqHrG_aU9rCuX08gnZRLPO4eklP7KN99omCsaekbl&_nc_ohc=W5iXPCNbsvwQ7kNvwFN2bSe&_nc_gid=HekEnBWu10HbhObEfPEOpQ&edm=APQMUHMBAAAA&ccb=7-5&oh=00_AfS9U-QDwLsYZsTSMsyeqtRIS6Ki_FJrShqHrX7BQ91dBw&oe=689270EB&_nc_sid=6ff7c8,Seguir,naty_santos687 𝙽𝚊𝚝𝚢 16 posts 16 3.023 3.023 697 697 𝚂𝚎𝚕𝚏-𝚕𝚘𝚟𝚎 ✨ 𝙲𝚏𝚜| 𝙼𝚃,0,0,0,,False,Pública,0,,,False,0,0,0
pantojasantos_,,False,https://instagram.fpmw2-1.fna.fbcdn.net/v/t51.2885-19/463215784_2206519666399221_2658561639584813164_n.jpg?stp=dst-jpg_s150x150_tt6&efg=eyJ2ZW5jb2RlX3RhZyI6InByb2ZpbGVfcGljLmRqYW5nby43NTAuYzIifQ&_nc_ht=instagram.fpmw2-1.fna.fbcdn.net&_nc_cat=109&_nc_oc=Q6cZ2QF57CeodGPwhOoOoQDk6kyny99MzZVFK0C5Leym0gPn7sAJqHrG_aU9rCuX08gnZRLPO4eklP7KN99omCsaekbl&_nc_ohc=rJLHTYoAkpgQ7kNvwEPIZVc&_nc_gid=HekEnBWu10HbhObEfPEOpQ&edm=APQMUHMBAAAA&ccb=7-5&oh=00_AfTo1cr0_C8_MkdYTC2JwKhYfccoPvcDfPF9pZgrToKFcw&oe=68926FAD&_nc_sid=6ff7c8,Seguir,"pantojasantos_ cristilene pantoja 451 posts 451 431 431 286 286 A vida é um sopro,Viva hoje💨🍃 👩‍🎓 ADM",0,0,0,,False,Pública,0,,,False,0,0,0
samc_verso,,False,https://instagram.fpmw2-1.fna.fbcdn.net/v/t51.2885-19/495062473_18262303885263929_2372615780013909651_n.jpg?stp=dst-jpg_s150x150_tt6&efg=eyJ2ZW5jb2RlX3RhZyI6InByb2ZpbGVfcGljLmRqYW5nby4xMDc5LmMyIn0&_nc_ht=instagram.fpmw2-1.fna.fbcdn.net&_nc_cat=105&_nc_oc=Q6cZ2QF57CeodGPwhOoOoQDk6kyny99MzZVFK0C5Leym0gPn7sAJqHrG_aU9rCuX08gnZRLPO4eklP7KN99omCsaekbl&_nc_ohc=-sqaffWc_-IQ7kNvwFI_Lgz&_nc_gid=HekEnBWu10HbhObEfPEOpQ&edm=APQMUHMBAAAA&ccb=7-5&oh=00_AfTXe9bGgvNtPL3x6rMxazYR8MfNt5kuhqVndEeYlL8Mnw&oe=68928123&_nc_sid=6ff7c8,Seguir,,0,0,0,,False,Erro de carregamento,0,,,False,0,0,0
draivanalins,,False,https://instagram.fpmw2-1.fna.fbcdn.net/v/t51.2885-19/471286354_1011931074284597_8522837118766075323_n.jpg?stp=dst-jpg_s150x150_tt6&efg=eyJ2ZW5jb2RlX3RhZyI6InByb2ZpbGVfcGljLmRqYW5nby4xMDgwLmMyIn0&_nc_ht=instagram.fpmw2-1.fna.fbcdn.net&_nc_cat=105&_nc_oc=Q6cZ2QFwmOxmwjORhQoop89BG4vwtupMqz8Q7J7M02ODbhR3kMiZ5U9fMseLB0gmFAHLK6HDa4SvW1OdbSft9Qh2J3-L&_nc_ohc=kOMzcQj5Wu0Q7kNvwHQvNWL&_nc_gid=agN2tRFTtuHNZuLeO_tRSw&edm=APQMUHMBAAAA&ccb=7-5&oh=00_AfQu3olcX-g_dfVGSWZfR1YJfVCKhfBKa7GH7TJ33lflkA&oe=689267AA&_nc_sid=6ff7c8,Seguir,,0,0,0,,False,Erro inesperado,0,,,False,0,0,0
neidemilhomem,,False,https://instagram.fpmw2-1.fna.fbcdn.net/v/t51.2885-19/489905711_4073823146227900_1510513447319657278_n.jpg?stp=dst-jpg_s150x150_tt6&efg=eyJ2ZW5jb2RlX3RhZyI6InByb2ZpbGVfcGljLmRqYW5nby4xMDgwLmMyIn0&_nc_ht=instagram.fpmw2-1.fna.fbcdn.net&_nc_cat=104&_nc_oc=Q6cZ2QFwmOxmwjORhQoop89BG4vwtupMqz8Q7J7M02ODbhR3kMiZ5U9fMseLB0gmFAHLK6HDa4SvW1OdbSft9Qh2J3-L&_nc_ohc=2y9P8GWQNrYQ7kNvwHgHBC3&_nc_gid=agN2tRFTtuHNZuLeO_tRSw&edm=APQMUHMBAAAA&ccb=7-5&oh=00_AfR1h__lNwzenLr9PccGWH5_DLOX1xa8kQgVqQsEsoof6A&oe=68927309&_nc_sid=6ff7c8,Seguir,"www.lojazoeitb.com.br neidemilhomem neidemilhomem Neide Milhomem 129 posts 129 1.264 1.264 5.281 5.281 Empreendedor(a) Cristã, mãe, esposa, empreendedora CEO @zoe_itaituba www.lojazoeitb.com.br Sofia Amigas UPMC Gabriel Samuel Eu❤️ Destaques Zoe Itaituba",,0,0,https://www.threads.com/@neidemilhomem?xmt=AQF0RP5oNO6p2u6HGKp043wjrvwBgB8tVEAzZS7sSdE-dSM,False,Pública,0,,,False,0,0,0
raysilvah57,,False,https://instagram.fpmw2-1.fna.fbcdn.net/v/t51.2885-19/519525480_18006533735784199_2353800365477500648_n.jpg?stp=dst-jpg_s150x150_tt6&efg=eyJ2ZW5jb2RlX3RhZyI6InByb2ZpbGVfcGljLmRqYW5nby4xMDgwLmMyIn0&_nc_ht=instagram.fpmw2-1.fna.fbcdn.net&_nc_cat=107&_nc_oc=Q6cZ2QFwmOxmwjORhQoop89BG4vwtupMqz8Q7J7M02ODbhR3kMiZ5U9fMseLB0gmFAHLK6HDa4SvW1OdbSft9Qh2J3-L&_nc_ohc=8kXzQyW-5-UQ7kNvwFysnif&_nc_gid=agN2tRFTtuHNZuLeO_tRSw&edm=APQMUHMBAAAA&ccb=7-5&oh=00_AfRFpZYeW6-kl76vSaFStL3CNitZPHc5y7DmS15EFnybIQ&oe=68928491&_nc_sid=6ff7c8,Seguir,raysilvah57 Rayane Ramos 7 posts 7 143 143 950 950,0,0,0,,False,Pública,0,,,False,0,0,0
mayzaa.sousaa,,False,https://instagram.fpmw2-1.fna.fbcdn.net/v/t51.2885-19/504689340_17882895888336215_6839035582333554289_n.jpg?stp=dst-jpg_s150x150_tt6&efg=eyJ2ZW5jb2RlX3RhZyI6InByb2ZpbGVfcGljLmRqYW5nby4xMDgwLmMyIn0&_nc_ht=instagram.fpmw2-1.fna.fbcdn.net&_nc_cat=111&_nc_oc=Q6cZ2QFwmOxmwjORhQoop89BG4vwtupMqz8Q7J7M02ODbhR3kMiZ5U9fMseLB0gmFAHLK6HDa4SvW1OdbSft9Qh2J3-L&_nc_ohc=igDjkiF9opcQ7kNvwF43d9-&_nc_gid=agN2tRFTtuHNZuLeO_tRSw&edm=APQMUHMBAAAA&ccb=7-5&oh=00_AfS2v0rivzUp4CQcaWmqDnTPB5MaXz2uOSXbiuZPexeWVA&oe=689279F8&_nc_sid=6ff7c8,Seguir,mayzaa.sousaa Mayza Sousa 10 posts 10 418 418 700 700 🕊 Cristã Reformada | Casada 📖 Soli Deo Gloria,0,0,0,https://www.threads.com/@mayzaa.sousaa?xmt=AQF0RTdWesR0H9HVm1kyVGQpBqQXyeArENhGVstyFJa_o78,False,Pública,0,,,False,0,0,0
leonardo.vieira.9615,,False,https://instagram.fpmw2-1.fna.fbcdn.net/v/t51.2885-19/280218346_661871861578165_4767309052153218400_n.jpg?stp=dst-jpg_s150x150_tt6&efg=eyJ2ZW5jb2RlX3RhZyI6InByb2ZpbGVfcGljLmRqYW5nby43MTkuYzIifQ&_nc_ht=instagram.fpmw2-1.fna.fbcdn.net&_nc_cat=101&_nc_oc=Q6cZ2QFwmOxmwjORhQoop89BG4vwtupMqz8Q7J7M02ODbhR3kMiZ5U9fMseLB0gmFAHLK6HDa4SvW1OdbSft9Qh2J3-L&_nc_ohc=_R6_2GVlIL0Q7kNvwE5cBvb&_nc_gid=agN2tRFTtuHNZuLeO_tRSw&edm=APQMUHMBAAAA&ccb=7-5&oh=00_AfR38exjrk-YlA71g6J-qhrwWoR6Bo1dLheELrU-1rU8XA&oe=689292C0&_nc_sid=6ff7c8,Seguir,leonardo.vieira.9615 Leonardo Daiane 9 posts 9 108 108 188 188,0,0,0,https://www.threads.com/@leonardo.vieira.9615?xmt=AQF0mg_9lICXmLPt2v5HF6dmIwk45R8leds1KFY7O0jIo1o,False,Pública,0,,,False,0,0,0
belacalmon,,False,https://instagram.fpmw2-1.fna.fbcdn.net/v/t51.2885-19/502125366_18510357133053716_4408719765141978405_n.jpg?stp=dst-jpg_s150x150_tt6&efg=eyJ2ZW5jb2RlX3RhZyI6InByb2ZpbGVfcGljLmRqYW5nby4xMDgwLmMyIn0&_nc_ht=instagram.fpmw2-1.fna.fbcdn.net&_nc_cat=108&_nc_oc=Q6cZ2QFwmOxmwjORhQoop89BG4vwtupMqz8Q7J7M02ODbhR3kMiZ5U9fMseLB0gmFAHLK6HDa4SvW1OdbSft9Qh2J3-L&_nc_ohc=eLFzJRfZstEQ7kNvwEUfL0q&_nc_gid=agN2tRFTtuHNZuLeO_tRSw&edm=APQMUHMBAAAA&ccb=7-5&oh=00_AfRYFEGU8OHKQGHuJ4qU6t7PNlR46B1zgcbq7pxjqwGfrg&oe=6892672B&_nc_sid=6ff7c8,Seguir,belacalmon Isabela Calmon ela/she/elle Isabela Calmon ela/she/elle 560 posts 560 2.021 2.021 6.011 6.011 Criador(a) de conteúdo digital 💅 Libriana incurável ✨ Beleza com Intenção & Estratégia 💄 Especialista em Marcas & Produtos Cosméticos 💎 Direito USP... mais Criador(a) de conteúdo digital 💅 Libriana incurável ✨ Beleza com Intenção & Estratégia 💄 Especialista em Marcas & Produtos Cosméticos 💎 Direito USP... mais 💅 Libriana incurável ✨ Beleza com Intenção & Estratégia 💄 Especialista em Marcas & Produtos Cosméticos 💎 Direito USP ... mais mais Desfrute 🥂 MF&FD 2023 Cultura ✨ Gente Grande C’est moi Bela Who? Fins 🗝️ Beyond Words 🌹 Perfumes ✨ Divertir ✨ Mentoradas ✨ Empreender Prólogo 🖋️,,0,0,,False,Pública,0,,,False,0,0,0
danielelima492,,False,https://instagram.fpmw2-1.fna.fbcdn.net/v/t51.2885-19/364305679_1315428946010188_1969418651078096480_n.jpg?stp=dst-jpg_s150x150_tt6&efg=eyJ2ZW5jb2RlX3RhZyI6InByb2ZpbGVfcGljLmRqYW5nby4xMDgwLmMyIn0&_nc_ht=instagram.fpmw2-1.fna.fbcdn.net&_nc_cat=104&_nc_oc=Q6cZ2QFwmOxmwjORhQoop89BG4vwtupMqz8Q7J7M02ODbhR3kMiZ5U9fMseLB0gmFAHLK6HDa4SvW1OdbSft9Qh2J3-L&_nc_ohc=ApYY_NqU6kgQ7kNvwHDqGwP&_nc_gid=agN2tRFTtuHNZuLeO_tRSw&edm=APQMUHMBAAAA&ccb=7-5&oh=00_AfQnQ-aerg107MPLZyOK0sJwRFtbvqkdjXE3ncHwF5qQSw&oe=68927A7B&_nc_sid=6ff7c8,Seguir,danielelima492 Daniele Lima 16 posts 16 799 799 4.513 4.513,0,0,0,,False,Pública,0,,,False,0,0,0
silvaniamariasouto,,False,https://instagram.fpmw2-1.fna.fbcdn.net/v/t51.2885-19/499244131_17892079695230758_4547866444694942399_n.jpg?stp=dst-jpg_s150x150_tt6&efg=eyJ2ZW5jb2RlX3RhZyI6InByb2ZpbGVfcGljLmRqYW5nby4xMDgwLmMyIn0&_nc_ht=instagram.fpmw2-1.fna.fbcdn.net&_nc_cat=110&_nc_oc=Q6cZ2QFwmOxmwjORhQoop89BG4vwtupMqz8Q7J7M02ODbhR3kMiZ5U9fMseLB0gmFAHLK6HDa4SvW1OdbSft9Qh2J3-L&_nc_ohc=vIl1fGbf8fAQ7kNvwFXTJlV&_nc_gid=agN2tRFTtuHNZuLeO_tRSw&edm=APQMUHMBAAAA&ccb=7-5&oh=00_AfSTgXvp56mx5BKjCd-pfE5INuc0GFh6WDy1KxwGww7J5A&oe=68926824&_nc_sid=6ff7c8,Seguir,silvaniamariasouto silvania maria souto 2 posts 2 73 73 264 264 Destaques,0,0,0,https://www.threads.com/@silvaniamariasouto?xmt=AQF0-Kq7XkZUicOYvaDogVccTTX7uPoSU7_rEmSuvk4DrQA,False,Pública,0,,,False,0,0,0
black__man_33,,False,https://instagram.fpmw2-1.fna.fbcdn.net/v/t51.2885-19/448141029_1197236478388656_4001176296738970159_n.jpg?stp=dst-jpg_s150x150_tt6&efg=eyJ2ZW5jb2RlX3RhZyI6InByb2ZpbGVfcGljLmRqYW5nby41NjIuYzIifQ&_nc_ht=instagram.fpmw2-1.fna.fbcdn.net&_nc_cat=100&_nc_oc=Q6cZ2QFwmOxmwjORhQoop89BG4vwtupMqz8Q7J7M02ODbhR3kMiZ5U9fMseLB0gmFAHLK6HDa4SvW1OdbSft9Qh2J3-L&_nc_ohc=OoHYR9f27dgQ7kNvwHuLLP9&_nc_gid=agN2tRFTtuHNZuLeO_tRSw&edm=APQMUHMBAAAA&ccb=7-5&oh=00_AfRhX4TcWA8cdh1V_8klDB25dzUXX987oQBYc2yKBFfWQQ&oe=689290D4&_nc_sid=6ff7c8,Seguir,,0,0,0,,False,Erro inesperado,0,,,False,0,0,0
fabiana_amaral_01,,False,https://instagram.fpmw2-1.fna.fbcdn.net/v/t51.2885-19/523109631_17906606265193035_4502684026195130803_n.jpg?stp=dst-jpg_s150x150_tt6&efg=eyJ2ZW5jb2RlX3RhZyI6InByb2ZpbGVfcGljLmRqYW5nby4xMDgwLmMyIn0&_nc_ht=instagram.fpmw2-1.fna.fbcdn.net&_nc_cat=103&_nc_oc=Q6cZ2QFwmOxmwjORhQoop89BG4vwtupMqz8Q7J7M02ODbhR3kMiZ5U9fMseLB0gmFAHLK6HDa4SvW1OdbSft9Qh2J3-L&_nc_ohc=xkF89bL5awwQ7kNvwHj7X-P&_nc_gid=agN2tRFTtuHNZuLeO_tRSw&edm=APQMUHMBAAAA&ccb=7-5&oh=00_AfRnXPWVbX70DCjlYSGZua30t1zqP9Q_iC-BkvybYI0zug&oe=689277FC&_nc_sid=6ff7c8,Seguir,fabiana_amaral_01 Fabianaamaral 9 posts 9 170 170 1.412 1.412 música musica,0,0,0,,False,Pública,0,,,False,0,0,0
oticavejaata,,False,https://instagram.fpmw2-1.fna.fbcdn.net/v/t51.2885-19/473649700_1789093741954929_2737513769133407678_n.jpg?stp=dst-jpg_s150x150_tt6&efg=eyJ2ZW5jb2RlX3RhZyI6InByb2ZpbGVfcGljLmRqYW5nby4xMDgwLmMyIn0&_nc_ht=instagram.fpmw2-1.fna.fbcdn.net&_nc_cat=109&_nc_oc=Q6cZ2QFwmOxmwjORhQoop89BG4vwtupMqz8Q7J7M02ODbhR3kMiZ5U9fMseLB0gmFAHLK6HDa4SvW1OdbSft9Qh2J3-L&_nc_ohc=jQ5IISGbCC4Q7kNvwHbKBNf&_nc_gid=agN2tRFTtuHNZuLeO_tRSw&edm=APQMUHMBAAAA&ccb=7-5&oh=00_AfSqzSOPNO4gx5Dd8GukvPdw0EnTwuCH6Sfig0a-nCTIaQ&oe=689281E2&_nc_sid=6ff7c8,Seguir,bit.ly/4htDhZg oticavejaata Ótica Veja | 📌 Araçatuba 😎 455 posts 455 2.399 2.399 3.159 3.159 Loja de óculos de sol e óculos 📍Calçadão | 1899817-2506 📍Rondon | 1899194-4401 📍Praça Nova | 1899186-2728 📍R. José Bonifácio | 1899161-9610 📍R. XV de N... mais 📍Calçadão | 1899817-2506 📍Rondon | 1899194-4401 📍Praça Nova | 1899186-2728 📍R. José Bonifácio | 1899161-9610 📍R. XV de N ... mais mais Ray-Ban® Horários Persol Ana Hickmann Clientes❤️ Clip-on Vogue Oakley ❤️ Guess ❤️ Dolce & Gabbana Promoções💲 Lacoste,,,,,False,Pública,0,,,False,0,0,0
eunira_aa,,False,https://instagram.fpmw2-1.fna.fbcdn.net/v/t51.2885-19/464764876_1090414219456556_9203102253364881811_n.jpg?stp=dst-jpg_s150x150_tt6&efg=eyJ2ZW5jb2RlX3RhZyI6InByb2ZpbGVfcGljLmRqYW5nby4xMDgwLmMyIn0&_nc_ht=instagram.fpmw2-1.fna.fbcdn.net&_nc_cat=108&_nc_oc=Q6cZ2QEclIddGnmYOcL-BkU57m-RnXn7-vKVtTimANsV3VrkKm86rQPRfZs-IsflS6f_MCw4nKo_NJk_RDO8udgAVY21&_nc_ohc=jrFoEGkSt08Q7kNvwELSI7C&_nc_gid=xZ3LJrbln1ebRwZXKktvuQ&edm=APQMUHMBAAAA&ccb=7-5&oh=00_AfRwbicEP47b0cX32MQYiwH0_fIEDw6glHIvzipPjmYatQ&oe=6892641D&_nc_sid=6ff7c8,Seguir,eunira_aa Gita Eunira 0 posts 0 481 481 1.144 1.144 Estou meio perdida e meio achada Mas eu encontrei o CAMINHO✝️ Sou poesia e muitos rascunhos😊 Salmos 63:2-4 Poesia🌹,0,0,0,,False,Pública,0,,,False,0,0,0
dayane_santos_04,,False,https://instagram.fpmw2-1.fna.fbcdn.net/v/t51.2885-19/476432469_978375140920887_1485500041384042956_n.jpg?stp=dst-jpg_s150x150_tt6&efg=eyJ2ZW5jb2RlX3RhZyI6InByb2ZpbGVfcGljLmRqYW5nby44MjguYzIifQ&_nc_ht=instagram.fpmw2-1.fna.fbcdn.net&_nc_cat=103&_nc_oc=Q6cZ2QEclIddGnmYOcL-BkU57m-RnXn7-vKVtTimANsV3VrkKm86rQPRfZs-IsflS6f_MCw4nKo_NJk_RDO8udgAVY21&_nc_ohc=0oigF62D_7oQ7kNvwGZtMrK&_nc_gid=xZ3LJrbln1ebRwZXKktvuQ&edm=APQMUHMBAAAA&ccb=7-5&oh=00_AfQkpDkWLY2SVqrIRdnKFX0sAwuNq7L5MFSDmwFv7gw_wg&oe=68928CD8&_nc_sid=6ff7c8,Seguir,dayane_santos_04 °❀⋆Dayane santos°❀. 78 posts 78 4.415 4.415 2.581 2.581 ࣪⊹serva de um Deus vivo †.,0,0,0,https://www.threads.com/@dayane_santos_04?xmt=AQF0XfVAp7BnsLy_TYLlvQMnw_kGfsDo7DcL6HAGNC4JGGY,False,Pública,0,,,False,0,0,0
costaa.thays,,False,https://instagram.fpmw2-1.fna.fbcdn.net/v/t51.2885-19/461614488_1426733268023776_8732840725140527628_n.jpg?stp=dst-jpg_s150x150_tt6&efg=eyJ2ZW5jb2RlX3RhZyI6InByb2ZpbGVfcGljLmRqYW5nby4xMDgwLmMyIn0&_nc_ht=instagram.fpmw2-1.fna.fbcdn.net&_nc_cat=104&_nc_oc=Q6cZ2QEclIddGnmYOcL-BkU57m-RnXn7-vKVtTimANsV3VrkKm86rQPRfZs-IsflS6f_MCw4nKo_NJk_RDO8udgAVY21&_nc_ohc=tnhqbjCdCzIQ7kNvwFSsiKb&_nc_gid=xZ3LJrbln1ebRwZXKktvuQ&edm=APQMUHMBAAAA&ccb=7-5&oh=00_AfSTCoKySIvpfiFNTK3kAZBijHxQ41V-QWSmAKs8HysVmg&oe=68927F42&_nc_sid=6ff7c8,Seguir,costaa.thays Thays Costa 14 posts 14 974 974 998 998 ... mais mais temu.to/k/uj0dgz5jycp e mais 1 Luiz☀️Henrique💛 Ybera Paris🧖🏽‍♀️ ✨️Dicas🍼baby 🌸Skincare💕 Livros 📚,,,,,False,Pública,0,,,False,0,0,0
natachagracia_,,False,https://instagram.fpmw2-1.fna.fbcdn.net/v/t51.2885-19/454342931_1590352758532148_4066385843664169084_n.jpg?stp=dst-jpg_s150x150_tt6&efg=eyJ2ZW5jb2RlX3RhZyI6InByb2ZpbGVfcGljLmRqYW5nby4xMDgwLmMyIn0&_nc_ht=instagram.fpmw2-1.fna.fbcdn.net&_nc_cat=108&_nc_oc=Q6cZ2QEclIddGnmYOcL-BkU57m-RnXn7-vKVtTimANsV3VrkKm86rQPRfZs-IsflS6f_MCw4nKo_NJk_RDO8udgAVY21&_nc_ohc=p82b37oZZGQQ7kNvwHBWY7a&_nc_gid=xZ3LJrbln1ebRwZXKktvuQ&edm=APQMUHMBAAAA&ccb=7-5&oh=00_AfSMqOuRRR_0MzEFPAeJxzqc3OZnNRtSt3iX7nzKQVjipA&oe=6892836A&_nc_sid=6ff7c8,Seguir,natachagracia_ Natacha Gracia 77 posts 77 5.281 5.281 2.897 2.897 🎓🩵 projects.,,,0,,False,Pública,0,,,False,0,0,0
tainarabar321,,False,https://instagram.fpmw2-1.fna.fbcdn.net/v/t51.2885-19/479713294_3321255831345393_1228826263279336304_n.jpg?stp=dst-jpg_s150x150_tt6&efg=eyJ2ZW5jb2RlX3RhZyI6InByb2ZpbGVfcGljLmRqYW5nby4xMDgwLmMyIn0&_nc_ht=instagram.fpmw2-1.fna.fbcdn.net&_nc_cat=109&_nc_oc=Q6cZ2QEclIddGnmYOcL-BkU57m-RnXn7-vKVtTimANsV3VrkKm86rQPRfZs-IsflS6f_MCw4nKo_NJk_RDO8udgAVY21&_nc_ohc=ySkxpRfuNZsQ7kNvwEzvNt5&_nc_gid=xZ3LJrbln1ebRwZXKktvuQ&edm=APQMUHMBAAAA&ccb=7-5&oh=00_AfQXWhN1eCe-WCOitOWi-U78gsvLDIYA_TUXpcHHysnUUw&oe=6892727F&_nc_sid=6ff7c8,Seguir,tainarabar321 Tainara Barbosa Ramos 21 posts 21 810 810 746 746 ... mais mais,0,0,0,https://www.threads.com/@tainarabar321?xmt=AQF0BJZGfynFQsCSSE6vz9eCviW77PNjHk5y1FIxaIzo8Ss,False,Pública,0,,,False,0,0,0
clara_dourado__,,False,https://instagram.fpmw2-1.fna.fbcdn.net/v/t51.2885-19/524370929_18490162828066054_6826744340424934992_n.jpg?stp=dst-jpg_s150x150_tt6&efg=eyJ2ZW5jb2RlX3RhZyI6InByb2ZpbGVfcGljLmRqYW5nby43MzguYzIifQ&_nc_ht=instagram.fpmw2-1.fna.fbcdn.net&_nc_cat=110&_nc_oc=Q6cZ2QEclIddGnmYOcL-BkU57m-RnXn7-vKVtTimANsV3VrkKm86rQPRfZs-IsflS6f_MCw4nKo_NJk_RDO8udgAVY21&_nc_ohc=TId1xCkOAfkQ7kNvwHctFqR&_nc_gid=xZ3LJrbln1ebRwZXKktvuQ&edm=APQMUHMBAAAA&ccb=7-5&oh=00_AfSRzIacb3Dr-pcMHKR9Xy6CbTQ1mWrV7wDF-8ABDoWh-w&oe=6892648B&_nc_sid=6ff7c8,Seguir,clara_dourado__ Clara Dourado 43 posts 43 4.240 4.240 4.290 4.290 Blog pessoal 💭☕️,0,0,0,,False,Pública,0,,,False,0,0,0
juhh.unter,,False,https://instagram.fpmw2-1.fna.fbcdn.net/v/t51.2885-19/483417664_9653600314661944_3528954420967402404_n.jpg?stp=dst-jpg_s150x150_tt6&efg=eyJ2ZW5jb2RlX3RhZyI6InByb2ZpbGVfcGljLmRqYW5nby4xMDgwLmMyIn0&_nc_ht=instagram.fpmw2-1.fna.fbcdn.net&_nc_cat=104&_nc_oc=Q6cZ2QEclIddGnmYOcL-BkU57m-RnXn7-vKVtTimANsV3VrkKm86rQPRfZs-IsflS6f_MCw4nKo_NJk_RDO8udgAVY21&_nc_ohc=20TmW-zdMRUQ7kNvwFz-Krc&_nc_gid=xZ3LJrbln1ebRwZXKktvuQ&edm=APQMUHMBAAAA&ccb=7-5&oh=00_AfRN53U5p8qjHx2gR99xpShdSEiUxPZmaD2UMFeykkgoXQ&oe=68925D34&_nc_sid=6ff7c8,Seguir,,0,0,0,,False,Erro de carregamento,0,,,False,0,0,0
vanessalcorrea,,False,https://instagram.fpmw2-1.fna.fbcdn.net/v/t51.2885-19/488938292_4220084218213699_399777369719549961_n.jpg?stp=dst-jpg_s150x150_tt6&efg=eyJ2ZW5jb2RlX3RhZyI6InByb2ZpbGVfcGljLmRqYW5nby4xMDgwLmMyIn0&_nc_ht=instagram.fpmw2-1.fna.fbcdn.net&_nc_cat=107&_nc_oc=Q6cZ2QEclIddGnmYOcL-BkU57m-RnXn7-vKVtTimANsV3VrkKm86rQPRfZs-IsflS6f_MCw4nKo_NJk_RDO8udgAVY21&_nc_ohc=KZEM-sJawsIQ7kNvwFYvZw1&_nc_gid=xZ3LJrbln1ebRwZXKktvuQ&edm=APQMUHMBAAAA&ccb=7-5&oh=00_AfSD4OD1pP2R49vBVtqvNKaGkwLKkpBWNtRaspYdgBsItg&oe=68927AB1&_nc_sid=6ff7c8,Seguir,"vanessalcorrea Vanessa Lacerda Corrêa 31 posts 31 2.717 2.717 1.907 1.907 “Guarda-me Senhor, como a menina dos teus olhos.” Salmos 17:8 🎓 | Engenheira Civil 💍 • Mãe 👦🏽• Cristã ✞ 📍| MT • ✈︎ •... mais “Guarda-me Senhor, como a menina dos teus olhos.” Salmos 17:8 🎓 | Engenheira Civil 💍 • Mãe 👦🏽• Cristã ✞ 📍| MT • ✈︎ • ... mais mais 🐮🌱 Ben10💚✈️/🧡✈️ J P 👷🏼‍♀️🏗️🚧 🦋 S A L I N A S 🌊 RJ A R G 🇦🇷 ✈️🖤",0,0,0,,False,Pública,0,,,False,0,0,0
dra_camilarosa,,False,https://instagram.fpmw2-1.fna.fbcdn.net/v/t51.2885-19/356635199_5790568994377432_4786385114964497266_n.jpg?stp=dst-jpg_s150x150_tt6&efg=eyJ2ZW5jb2RlX3RhZyI6InByb2ZpbGVfcGljLmRqYW5nby4xMDgwLmMyIn0&_nc_ht=instagram.fpmw2-1.fna.fbcdn.net&_nc_cat=104&_nc_oc=Q6cZ2QEclIddGnmYOcL-BkU57m-RnXn7-vKVtTimANsV3VrkKm86rQPRfZs-IsflS6f_MCw4nKo_NJk_RDO8udgAVY21&_nc_ohc=ITy-EhOQgEgQ7kNvwHPG-MY&_nc_gid=xZ3LJrbln1ebRwZXKktvuQ&edm=APQMUHMBAAAA&ccb=7-5&oh=00_AfQN_VjOzZFgjsE6AVbQwXjoZlZdCbHNKPfQpoPFOE_CKw&oe=68928252&_nc_sid=6ff7c8,Seguir,dra_camilarosa Dra. Camila Rosa 704 posts 704 9.089 9.089 1.382 1.382 Empreendedor(a) linktr.ee/dra.camilarosa Atletas Serena 👧🏼 Akin 🧑🏼,,,0,https://www.threads.com/@dra_camilarosa?xmt=AQF026lQ7vZS0EvD32VoSBBme1mLXpId9w-2TvjwGnVV3qg,False,Pública,0,,,False,0,0,0
triz_bronze,,False,https://instagram.fpmw2-1.fna.fbcdn.net/v/t51.2885-19/519495250_17851496694498394_1510547350648745099_n.jpg?stp=dst-jpg_s150x150_tt6&efg=eyJ2ZW5jb2RlX3RhZyI6InByb2ZpbGVfcGljLmRqYW5nby4xMDgwLmMyIn0&_nc_ht=instagram.fpmw2-1.fna.fbcdn.net&_nc_cat=110&_nc_oc=Q6cZ2QEclIddGnmYOcL-BkU57m-RnXn7-vKVtTimANsV3VrkKm86rQPRfZs-IsflS6f_MCw4nKo_NJk_RDO8udgAVY21&_nc_ohc=sb5B7MQSeTEQ7kNvwGmK14V&_nc_gid=xZ3LJrbln1ebRwZXKktvuQ&edm=APQMUHMBAAAA&ccb=7-5&oh=00_AfShNM-cktzXtQlj0LQwyXv3uY9xEwC_zuFCgiR4kY1-Ew&oe=689280E2&_nc_sid=6ff7c8,Seguir,wa.me/5566984201915 triz_bronze Triz Bronze☀️ 24 posts 24 838 838 1.240 1.240 ESPAÇO DE BRONZEAMENTO NATURAL🌞 📍Confresa-MT Agendamento⬇️ Bronze Mais resultados🔥 Avisos📢 resultados ☀️ informações ☀️,,0,0,,False,Pública,0,,,False,0,0,0
camilasabadia,,False,https://instagram.fpmw2-1.fna.fbcdn.net/v/t51.2885-19/440909525_1142759493419808_4226663212647983559_n.jpg?stp=dst-jpg_s150x150_tt6&efg=eyJ2ZW5jb2RlX3RhZyI6InByb2ZpbGVfcGljLmRqYW5nby44MjQuYzIifQ&_nc_ht=instagram.fpmw2-1.fna.fbcdn.net&_nc_cat=100&_nc_oc=Q6cZ2QEclIddGnmYOcL-BkU57m-RnXn7-vKVtTimANsV3VrkKm86rQPRfZs-IsflS6f_MCw4nKo_NJk_RDO8udgAVY21&_nc_ohc=nXJJjB2LOLwQ7kNvwEY9w-I&_nc_gid=xZ3LJrbln1ebRwZXKktvuQ&edm=APQMUHMBAAAA&ccb=7-5&oh=00_AfS2eMFJ9HQ9-ldy0ArOtKq3B4H7IZB5WMAjMy_TFAsjjA&oe=68926A87&_nc_sid=6ff7c8,Seguir,camilasabadia Camila Silva Abadia 244 posts 244 1.412 1.412 4.539 4.539 ... mais mais,0,0,0,https://www.threads.com/@camilasabadia?xmt=AQF01gJHqn4koCc0x-jEEfmU1I96rGoe2GWSjUyod5rHF_8,False,Pública,0,,,False,0,0,0
s_queyllaselliis,,False,https://instagram.fpmw2-1.fna.fbcdn.net/v/t51.2885-19/525677982_18053911106578902_6266280788811940956_n.jpg?stp=dst-jpg_s150x150_tt6&efg=eyJ2ZW5jb2RlX3RhZyI6InByb2ZpbGVfcGljLmRqYW5nby4xMDgwLmMyIn0&_nc_ht=instagram.fpmw2-1.fna.fbcdn.net&_nc_cat=106&_nc_oc=Q6cZ2QEclIddGnmYOcL-BkU57m-RnXn7-vKVtTimANsV3VrkKm86rQPRfZs-IsflS6f_MCw4nKo_NJk_RDO8udgAVY21&_nc_ohc=chSEebHR9dMQ7kNvwFD-3Ai&_nc_gid=xZ3LJrbln1ebRwZXKktvuQ&edm=APQMUHMBAAAA&ccb=7-5&oh=00_AfTGdGtqNRqxq1rorbXZRdc4fP1qtJkLGM_80UU6TkGf9g&oe=689278DB&_nc_sid=6ff7c8,Seguir,s_queyllaselliis 𝑸𝒖𝒆𝒚𝒍𝒍𝒂 𝑺𝒆𝒍𝒊𝒔 18 posts 18 6.830 6.830 2.814 2.814 Preparativos + Vida real 🌺 Fé • Amor • Inspirações ⬇️Acompanhe essa fase linda. www.tiktok.com/@sssqueyllaselliis?_t=ZM-8yeebyoLG36&_r=1 𝐹𝑎𝑚𝑖𝑙𝑦♡︎ Casamento Despedida 🤍 Preparativos 💍 Chá de cozinha 𝐴𝑚𝑜𝑟♡ 𝐿𝑜𝑜𝑘𝑠 𝑀𝑒✨,0,0,0,https://www.threads.com/@s_queyllaselliis?xmt=AQF0QaBbfD9SBUmsLIZo2TCQ-038h6QG4kL_FXBNcGyG4v4,False,Pública,0,,,False,0,0,0
lorenamoutinho_,,False,https://instagram.fpmw2-1.fna.fbcdn.net/v/t51.2885-19/523466442_18516786655043999_7642599360031322720_n.jpg?stp=dst-jpg_s150x150_tt6&efg=eyJ2ZW5jb2RlX3RhZyI6InByb2ZpbGVfcGljLmRqYW5nby4xMDY4LmMyIn0&_nc_ht=instagram.fpmw2-1.fna.fbcdn.net&_nc_cat=111&_nc_oc=Q6cZ2QE3iwd448LMsY8OGFRqAB8w92iGRWksLquuUZhOIMdjr3TH9CGOQTXbv5wBdvmgXW61HwgHM0VXwyTxylcPth4U&_nc_ohc=qhaCiu-zF98Q7kNvwF_s-6k&_nc_gid=SYhcWCSjC8V-FQdzM0NTmQ&edm=APQMUHMBAAAA&ccb=7-5&oh=00_AfQd8q43B9fWMmHFDLW108hMsMT1QX6-ioWVnMfytXFEnw&oe=68926641&_nc_sid=6ff7c8,Seguir,lorenamoutinho_ Lorena Moutinho Ornellas Rios Cordeiro 227 posts 227 1.776 1.776 1.494 1.494 ❣️ amigos me diamantina 🍔 👰🏻‍♀️🤵🏼‍♂️📷 👰🏻‍♀️🤵🏻 📷 pet Chá de panela 🥘 rbd gramado morro sp,,0,0,,False,Pública,0,,,False,0,0,0
meu_closetperfeito,,False,https://instagram.fpmw2-1.fna.fbcdn.net/v/t51.2885-19/473057477_1839643913443354_5777795078546091331_n.jpg?stp=dst-jpg_s150x150_tt6&efg=eyJ2ZW5jb2RlX3RhZyI6InByb2ZpbGVfcGljLmRqYW5nby4xMDgwLmMyIn0&_nc_ht=instagram.fpmw2-1.fna.fbcdn.net&_nc_cat=110&_nc_oc=Q6cZ2QF9TiQPugHTQmWuhsTmCRk4CNnXjSn3_3a_TBAuCsu4a8qMfs2CvN3IvFsJA4zDM32W0dsiM9wj7cbh7oAjB6bC&_nc_ohc=aQ3VEhcRkIkQ7kNvwFmOt4I&_nc_gid=KeDJAvhwz5BdB581oNranQ&edm=APQMUHMBAAAA&ccb=7-5&oh=00_AfQmEzBZtMTjrzfQykbHmDCRr3PthSvI9IL5Qr3ea3uYeQ&oe=68928B5D&_nc_sid=6ff7c8,Seguir,"meu_closetperfeito Sophie🪡 34 posts 34 1.250 1.250 1.193 1.193 Empreendedor(a) Tendências do ano e novidades! Ideias de looks, e combinações. Dicas de produtos de beleza. 🛍✨ onelink.shein.com/23/5aps2xbqbztw Tendências 2025 Cores tendência Shein Barbie outfits 💖 Ideias de looks Combinações",2025,,,,False,Pública,0,,,False,0,0,0
leonardodaianes2,,False,https://instagram.fpmw2-1.fna.fbcdn.net/v/t51.2885-19/465700976_1693436181444774_2526928711151122407_n.jpg?stp=dst-jpg_s150x150_tt6&efg=eyJ2ZW5jb2RlX3RhZyI6InByb2ZpbGVfcGljLmRqYW5nby4xMDgwLmMyIn0&_nc_ht=instagram.fpmw2-1.fna.fbcdn.net&_nc_cat=106&_nc_oc=Q6cZ2QF9TiQPugHTQmWuhsTmCRk4CNnXjSn3_3a_TBAuCsu4a8qMfs2CvN3IvFsJA4zDM32W0dsiM9wj7cbh7oAjB6bC&_nc_ohc=Ptrsajo40KoQ7kNvwHEdW6R&_nc_gid=KeDJAvhwz5BdB581oNranQ&edm=APQMUHMBAAAA&ccb=7-5&oh=00_AfTmxAjCXUqtRXxI1Bl45GttDL8LJVNOw-TlD5rjZQsNjw&oe=68926000&_nc_sid=6ff7c8,Seguir,,0,0,0,,False,Erro inesperado,0,,,False,0,0,0
kacsantoss,,False,https://instagram.fpmw2-1.fna.fbcdn.net/v/t51.2885-19/375411223_678561860540679_320731485447774491_n.jpg?stp=dst-jpg_s150x150_tt6&efg=eyJ2ZW5jb2RlX3RhZyI6InByb2ZpbGVfcGljLmRqYW5nby44NTguYzIifQ&_nc_ht=instagram.fpmw2-1.fna.fbcdn.net&_nc_cat=103&_nc_oc=Q6cZ2QF9TiQPugHTQmWuhsTmCRk4CNnXjSn3_3a_TBAuCsu4a8qMfs2CvN3IvFsJA4zDM32W0dsiM9wj7cbh7oAjB6bC&_nc_ohc=5vdaACj_9QoQ7kNvwGazPYT&_nc_gid=KeDJAvhwz5BdB581oNranQ&edm=APQMUHMBAAAA&ccb=7-5&oh=00_AfRn5J7UI_zxLVtSornIExNGSBAUE2uxYQaSOVHsQOKyPg&oe=68927664&_nc_sid=6ff7c8,Seguir,kacsantoss Karoline Conceição 17 posts 17 585 585 606 606 Católica Apostólica Romana 🕊️ ADM 📚 Pernanbuco 🏖️ 💏❤️💍 🌹❤️ 💒🙏🏻❤️,,,,,False,Pública,0,,,False,0,0,0
__lima.rosana,,False,https://instagram.fpmw2-1.fna.fbcdn.net/v/t51.2885-19/519498591_17879555658360701_1707960381523256490_n.jpg?stp=dst-jpg_s150x150_tt6&efg=eyJ2ZW5jb2RlX3RhZyI6InByb2ZpbGVfcGljLmRqYW5nby4xMDgwLmMyIn0&_nc_ht=instagram.fpmw2-1.fna.fbcdn.net&_nc_cat=105&_nc_oc=Q6cZ2QE3iwd448LMsY8OGFRqAB8w92iGRWksLquuUZhOIMdjr3TH9CGOQTXbv5wBdvmgXW61HwgHM0VXwyTxylcPth4U&_nc_ohc=AVISX4dk2LwQ7kNvwFehn_F&_nc_gid=SYhcWCSjC8V-FQdzM0NTmQ&edm=APQMUHMBAAAA&ccb=7-5&oh=00_AfT0EG0fKcrtSSPquKmy4uuuSB9X2KtSRD9zIed5GWw9yA&oe=68926D52&_nc_sid=6ff7c8,Seguir,__lima.rosana Rosana Lima Pereira 0 posts 0 232 232 2.451 2.451 Destaques,0,0,0,https://www.threads.com/@__lima.rosana?xmt=AQF06P9i6bpk3Nm3sBOlW3dj-GXKde25FG7_eqbnDEwIxw4,False,Pública,0,,,False,0,0,0
laura_rodriguessoares,,False,https://instagram.fpmw2-1.fna.fbcdn.net/v/t51.2885-19/463942360_944081301106557_4396709130060056448_n.jpg?stp=dst-jpg_s150x150_tt6&efg=eyJ2ZW5jb2RlX3RhZyI6InByb2ZpbGVfcGljLmRqYW5nby4xMDgwLmMyIn0&_nc_ht=instagram.fpmw2-1.fna.fbcdn.net&_nc_cat=109&_nc_oc=Q6cZ2QE3iwd448LMsY8OGFRqAB8w92iGRWksLquuUZhOIMdjr3TH9CGOQTXbv5wBdvmgXW61HwgHM0VXwyTxylcPth4U&_nc_ohc=GxYGy0cUyHcQ7kNvwEd7cXw&_nc_gid=SYhcWCSjC8V-FQdzM0NTmQ&edm=APQMUHMBAAAA&ccb=7-5&oh=00_AfR-IPQBawM75PFNHFM4ytKY4gqYOI3H75r_Q-UYReeeKA&oe=6892731B&_nc_sid=6ff7c8,Seguir,laura_rodriguessoares Laura Rodrigues Soares 1 post 1 6.996 6.996 994 994,0,0,0,,False,Pública,0,,,False,0,0,0
euliperb,,False,https://instagram.fpmw2-1.fna.fbcdn.net/v/t51.2885-19/523915646_18416836330098298_5202844080817940053_n.jpg?stp=dst-jpg_s150x150_tt6&efg=eyJ2ZW5jb2RlX3RhZyI6InByb2ZpbGVfcGljLmRqYW5nby4xMDgwLmMyIn0&_nc_ht=instagram.fpmw2-1.fna.fbcdn.net&_nc_cat=110&_nc_oc=Q6cZ2QF9TiQPugHTQmWuhsTmCRk4CNnXjSn3_3a_TBAuCsu4a8qMfs2CvN3IvFsJA4zDM32W0dsiM9wj7cbh7oAjB6bC&_nc_ohc=ELidYGLjh_8Q7kNvwE8LUG5&_nc_gid=KeDJAvhwz5BdB581oNranQ&edm=APQMUHMBAAAA&ccb=7-5&oh=00_AfT99hfRUK2fC4K61L-2C6Lh8Br-oV7H6C1CmNepoHndDw&oe=689282B1&_nc_sid=6ff7c8,Seguir,euliperb Felipe Ramos 1 post 1 7.772 7.772 6.401 6.401,0,0,0,,False,Pública,0,,,False,0,0,0
babi_souza03,,False,https://instagram.fpmw2-1.fna.fbcdn.net/v/t51.2885-19/463950522_1077044427147475_8941752775704607057_n.jpg?stp=dst-jpg_s150x150_tt6&efg=eyJ2ZW5jb2RlX3RhZyI6InByb2ZpbGVfcGljLmRqYW5nby4xMDgwLmMyIn0&_nc_ht=instagram.fpmw2-1.fna.fbcdn.net&_nc_cat=107&_nc_oc=Q6cZ2QF9TiQPugHTQmWuhsTmCRk4CNnXjSn3_3a_TBAuCsu4a8qMfs2CvN3IvFsJA4zDM32W0dsiM9wj7cbh7oAjB6bC&_nc_ohc=TPSyhjHUNmAQ7kNvwEvR6hh&_nc_gid=KeDJAvhwz5BdB581oNranQ&edm=APQMUHMBAAAA&ccb=7-5&oh=00_AfRWBedv59ubCmpT3RXgMj5bZwo2MilZ4sceXujz4C1bqQ&oe=68925CBF&_nc_sid=6ff7c8,Seguir,"babi_souza03 𝑩á𝒓𝒃𝒂𝒓𝒂 𝑵𝒐𝒆𝒎𝒆 11 posts 11 452 452 2.003 2.003 👩🏻‍🌾👩‍🏫🐝 Engenheira Agrônoma |"" É justo que muito custe o que muito vale"" ✞ ❤|Messias Abreu",0,0,0,,False,Pública,0,,,False,0,0,0
lojinhada_celia_,,False,https://instagram.fpmw2-1.fna.fbcdn.net/v/t51.2885-19/310016613_156106500387729_3398613718493757732_n.jpg?stp=dst-jpg_s150x150_tt6&efg=eyJ2ZW5jb2RlX3RhZyI6InByb2ZpbGVfcGljLmRqYW5nby41MDAuYzIifQ&_nc_ht=instagram.fpmw2-1.fna.fbcdn.net&_nc_cat=109&_nc_oc=Q6cZ2QF9TiQPugHTQmWuhsTmCRk4CNnXjSn3_3a_TBAuCsu4a8qMfs2CvN3IvFsJA4zDM32W0dsiM9wj7cbh7oAjB6bC&_nc_ohc=e3bdWPqjl_cQ7kNvwGQL6Rl&_nc_gid=KeDJAvhwz5BdB581oNranQ&edm=APQMUHMBAAAA&ccb=7-5&oh=00_AfTnrm-JtTuCTQrMWYYlzgDBQCb1tNJTEwSWmMHZeQjY1g&oe=689261C4&_nc_sid=6ff7c8,Seguir,lojinhada_celia_ tia Célia 22 posts 22 64 64 412 412 Compras e varejo A lojinha da Célia vem trazendo várias novidades Temos : -Roupas 👗 -Açaí 🥣 -... mais Compras e varejo A lojinha da Célia vem trazendo várias novidades Temos : -Roupas 👗 -Açaí 🥣 -... mais A lojinha da Célia vem trazendo várias novidades Temos : -Roupas 👗 -Açaí 🥣 - ... mais mais Destaques,0,0,0,,False,Pública,0,,,False,0,0,0
soaares_____,,False,https://instagram.fpmw2-1.fna.fbcdn.net/v/t51.2885-19/523910313_18156760693372582_867472232926475102_n.jpg?stp=dst-jpg_s150x150_tt6&efg=eyJ2ZW5jb2RlX3RhZyI6InByb2ZpbGVfcGljLmRqYW5nby4xMDgwLmMyIn0&_nc_ht=instagram.fpmw2-1.fna.fbcdn.net&_nc_cat=110&_nc_oc=Q6cZ2QGwLwCrlOUtIVa5aAl3BpYv_ufkfDutrmssc6Cd5Pjx-Xlxgg60uzvqQuFcRXXr3CLBhC0kYmQLrDdb9KxwZorY&_nc_ohc=oomH1Xfrbj8Q7kNvwHcOcs8&_nc_gid=2uZPZwB1XItE2P-NG7kXZw&edm=APQMUHMBAAAA&ccb=7-5&oh=00_AfTJ7NZpkKFR2uBVtMOom44kPU2J1fIdOT_8lRJrBeLgnQ&oe=689275F9&_nc_sid=6ff7c8,Seguir,soaares_____ iasmim🌻 1 post 1 509 509 560 560 vsco.co/myxnyx,0,0,0,https://www.threads.com/@soaares_____?xmt=AQF0njeQVh2ccV4GIRttirSA4pehg7M6IjikVwelETSpouw,False,Pública,0,,,False,0,0,0
paula.agner,,False,https://instagram.fpmw2-1.fna.fbcdn.net/v/t51.2885-19/461602883_525306443768930_267967760243416734_n.jpg?stp=dst-jpg_s150x150_tt6&efg=eyJ2ZW5jb2RlX3RhZyI6InByb2ZpbGVfcGljLmRqYW5nby4xMDgwLmMyIn0&_nc_ht=instagram.fpmw2-1.fna.fbcdn.net&_nc_cat=102&_nc_oc=Q6cZ2QGwLwCrlOUtIVa5aAl3BpYv_ufkfDutrmssc6Cd5Pjx-Xlxgg60uzvqQuFcRXXr3CLBhC0kYmQLrDdb9KxwZorY&_nc_ohc=RwfesYt8ft4Q7kNvwH4Ztx7&_nc_gid=2uZPZwB1XItE2P-NG7kXZw&edm=APQMUHMBAAAA&ccb=7-5&oh=00_AfRSwQIw9Dgoyv__9CSCIRa02jVk3IpLReJislNkFyQBxA&oe=68928083&_nc_sid=6ff7c8,Seguir,paula.agner Paula Agner Del Anhol 92 posts 92 1.166 1.166 1.565 1.565 “O Senhor é a minha força e o meu escudo; nele o meu coração confia” 🙏🏼,0,0,0,https://www.threads.com/@paula.agner?xmt=AQF05ZDRA_hhRMNxZmpMmKl92TrI7L1GGkHMqdtPRn8nNOk,False,Pública,0,,,False,0,0,0
keliane.tolentino,,False,https://instagram.fpmw2-1.fna.fbcdn.net/v/t51.2885-19/459414147_1293183105390181_6297204518624414448_n.jpg?stp=dst-jpg_s150x150_tt6&efg=eyJ2ZW5jb2RlX3RhZyI6InByb2ZpbGVfcGljLmRqYW5nby4xMDY1LmMyIn0&_nc_ht=instagram.fpmw2-1.fna.fbcdn.net&_nc_cat=101&_nc_oc=Q6cZ2QF9TiQPugHTQmWuhsTmCRk4CNnXjSn3_3a_TBAuCsu4a8qMfs2CvN3IvFsJA4zDM32W0dsiM9wj7cbh7oAjB6bC&_nc_ohc=BOXEcu_5vTUQ7kNvwFGJmD3&_nc_gid=KeDJAvhwz5BdB581oNranQ&edm=APQMUHMBAAAA&ccb=7-5&oh=00_AfRlS3j_hY1hc_Tqj1zX90MaZFLhBAoGhCoSASzHDgnX-Q&oe=68928A2B&_nc_sid=6ff7c8,Seguir,keliane.tolentino Keliane Tolentino 18 posts 18 968 968 2.795 2.795 Os impossíveis dos homens são possíveis para Deus. Lucas 18:2 casada 🔒❤️,0,0,0,https://www.threads.com/@keliane.tolentino?xmt=AQF0F4xCeAbvkytqW_MpTBrRkwCmoflxRywT4I6M8-7v2h8,False,Pública,0,,,False,0,0,0
ana_clara3h,,False,https://instagram.fpmw2-1.fna.fbcdn.net/v/t51.2885-19/518175965_17858828067448813_8232562334892185630_n.jpg?stp=dst-jpg_s150x150_tt6&efg=eyJ2ZW5jb2RlX3RhZyI6InByb2ZpbGVfcGljLmRqYW5nby4xMDgwLmMyIn0&_nc_ht=instagram.fpmw2-1.fna.fbcdn.net&_nc_cat=101&_nc_oc=Q6cZ2QF9TiQPugHTQmWuhsTmCRk4CNnXjSn3_3a_TBAuCsu4a8qMfs2CvN3IvFsJA4zDM32W0dsiM9wj7cbh7oAjB6bC&_nc_ohc=ToiRrY0pbWcQ7kNvwFa6HPp&_nc_gid=KeDJAvhwz5BdB581oNranQ&edm=APQMUHMBAAAA&ccb=7-5&oh=00_AfRkGjkq1YxoHKYH6GAAxAe0e2fv1egHwhKWcG_IrIUh9Q&oe=68927247&_nc_sid=6ff7c8,Seguir,ana_clara3h 2 posts 2 888 888 7.440 7.440 quem vive de ilusão morre de decepçao🗣,0,0,0,https://www.threads.com/@ana_clara3h?xmt=AQF0NgFBA_UDt1vhyYmvCSBanUD0u5l5Tov0G1ksKmNteLE,False,Pública,0,,,False,0,0,0
jeon_mimy_,,False,https://instagram.fpmw2-1.fna.fbcdn.net/v/t51.2885-19/506077189_17908265586177006_159856097867755962_n.jpg?stp=dst-jpg_s150x150_tt6&efg=eyJ2ZW5jb2RlX3RhZyI6InByb2ZpbGVfcGljLmRqYW5nby45NzcuYzIifQ&_nc_ht=instagram.fpmw2-1.fna.fbcdn.net&_nc_cat=106&_nc_oc=Q6cZ2QF9TiQPugHTQmWuhsTmCRk4CNnXjSn3_3a_TBAuCsu4a8qMfs2CvN3IvFsJA4zDM32W0dsiM9wj7cbh7oAjB6bC&_nc_ohc=1SCUbM58764Q7kNvwGQlyh9&_nc_gid=KeDJAvhwz5BdB581oNranQ&edm=APQMUHMBAAAA&ccb=7-5&oh=00_AfSecRByjkPU3nXOm2X2My7fQjbXuL-gftDoI6pFdIVZKw&oe=68928B18&_nc_sid=6ff7c8,Seguir,,0,0,0,,False,Erro de carregamento,0,,,False,0,0,0
grazielleliza,,False,https://instagram.fpmw2-1.fna.fbcdn.net/v/t51.2885-19/349040429_3335935080001619_6729613635636630447_n.jpg?stp=dst-jpg_s150x150_tt6&efg=eyJ2ZW5jb2RlX3RhZyI6InByb2ZpbGVfcGljLmRqYW5nby45NjAuYzIifQ&_nc_ht=instagram.fpmw2-1.fna.fbcdn.net&_nc_cat=111&_nc_oc=Q6cZ2QGwLwCrlOUtIVa5aAl3BpYv_ufkfDutrmssc6Cd5Pjx-Xlxgg60uzvqQuFcRXXr3CLBhC0kYmQLrDdb9KxwZorY&_nc_ohc=afeMu_JZMtgQ7kNvwFZZgB8&_nc_gid=2uZPZwB1XItE2P-NG7kXZw&edm=APQMUHMBAAAA&ccb=7-5&oh=00_AfQ8hN7HCoUDacOY9qDxdQzsybsC7SS_vj_Q_DMLdxeR5g&oe=68927E79&_nc_sid=6ff7c8,Seguir,grazielleliza Grazielle Liza 158 posts 158 519 519 1.556 1.556,0,0,0,,False,Pública,0,,,False,0,0,0
millymoraes29,,False,https://instagram.fpmw2-1.fna.fbcdn.net/v/t51.2885-19/288873638_1395488557526768_2750611193198926743_n.jpg?stp=dst-jpg_s150x150_tt6&efg=eyJ2ZW5jb2RlX3RhZyI6InByb2ZpbGVfcGljLmRqYW5nby45NTcuYzIifQ&_nc_ht=instagram.fpmw2-1.fna.fbcdn.net&_nc_cat=108&_nc_oc=Q6cZ2QGwLwCrlOUtIVa5aAl3BpYv_ufkfDutrmssc6Cd5Pjx-Xlxgg60uzvqQuFcRXXr3CLBhC0kYmQLrDdb9KxwZorY&_nc_ohc=jCNbpN3YoEwQ7kNvwG4IBqt&_nc_gid=2uZPZwB1XItE2P-NG7kXZw&edm=APQMUHMBAAAA&ccb=7-5&oh=00_AfQXYPXKRC5lCMX0MZUDlz4XnRy-qQJklj28EvRPfGeEKw&oe=68928387&_nc_sid=6ff7c8,Seguir,"millymoraes29 Milly Moraes 12 posts 12 312 312 321 321 Engenharia Civil 👷🏻‍♀️❤️ Tec. Em Edificações 👷🏻‍♀️🧱 Te quero livre, já que tudo oq vai volta 🎶❤️ Isabela Status Destaques Momentos",,,,,False,Pública,0,,,False,0,0,0
nayara_leal,,False,https://instagram.fpmw2-1.fna.fbcdn.net/v/t51.2885-19/332374608_121602460678439_1370812391239372523_n.jpg?stp=dst-jpg_s150x150_tt6&efg=eyJ2ZW5jb2RlX3RhZyI6InByb2ZpbGVfcGljLmRqYW5nby4xMDgwLmMyIn0&_nc_ht=instagram.fpmw2-1.fna.fbcdn.net&_nc_cat=111&_nc_oc=Q6cZ2QGwLwCrlOUtIVa5aAl3BpYv_ufkfDutrmssc6Cd5Pjx-Xlxgg60uzvqQuFcRXXr3CLBhC0kYmQLrDdb9KxwZorY&_nc_ohc=tSIpQE35Z0gQ7kNvwGfCabH&_nc_gid=2uZPZwB1XItE2P-NG7kXZw&edm=APQMUHMBAAAA&ccb=7-5&oh=00_AfQ2fiXbf3FyroQibXf7oAMEDTArSteZ6DjNrHST-V8HPg&oe=68926EA2&_nc_sid=6ff7c8,Seguir,nayara_leal Nayara Leal 54 posts 54 642 642 1.043 1.043 “Tenho medos bobos e coragens absurdas.” (Clarice Linspector) Família💞 Bacharel em Administração🎓 MBA Gestão... mais “Tenho medos bobos e coragens absurdas.” (Clarice Linspector) Família💞 Bacharel em Administração🎓 MBA Gestão ... mais mais,0,0,0,,False,Pública,0,,,False,0,0,0
mirelyveloso,,False,https://instagram.fpmw2-1.fna.fbcdn.net/v/t51.2885-19/519444393_17885619504313461_341137725061823899_n.jpg?stp=dst-jpg_s150x150_tt6&efg=eyJ2ZW5jb2RlX3RhZyI6InByb2ZpbGVfcGljLmRqYW5nby4xMDgwLmMyIn0&_nc_ht=instagram.fpmw2-1.fna.fbcdn.net&_nc_cat=109&_nc_oc=Q6cZ2QGwLwCrlOUtIVa5aAl3BpYv_ufkfDutrmssc6Cd5Pjx-Xlxgg60uzvqQuFcRXXr3CLBhC0kYmQLrDdb9KxwZorY&_nc_ohc=5Y-GmsYkaRIQ7kNvwEjwoFR&_nc_gid=2uZPZwB1XItE2P-NG7kXZw&edm=APQMUHMBAAAA&ccb=7-5&oh=00_AfTWv3ap3uSAn1r26W8RSvKAjZLTvQWk50GkVZX0SgXtLA&oe=689270A6&_nc_sid=6ff7c8,Seguir,mirelyveloso Mirely Veloso 11 posts 11 606 606 3.665 3.665 ✨ M✨ Ísis e Isaac💜💚 Meu amor🤎💍 Jesus..🙏🔥,0,0,0,https://www.threads.com/@mirelyveloso?xmt=AQF0KzAKAt-LM0bJrdlxvWOG8DDNjoJzNyF9cx5HT2m2UwQ,False,Pública,0,,,False,0,0,0
guyju_,,False,https://instagram.fpmw2-1.fna.fbcdn.net/v/t51.2885-19/322666415_1576117482835635_1951618127486131877_n.jpg?stp=dst-jpg_s150x150_tt6&efg=eyJ2ZW5jb2RlX3RhZyI6InByb2ZpbGVfcGljLmRqYW5nby45NTAuYzIifQ&_nc_ht=instagram.fpmw2-1.fna.fbcdn.net&_nc_cat=103&_nc_oc=Q6cZ2QGwLwCrlOUtIVa5aAl3BpYv_ufkfDutrmssc6Cd5Pjx-Xlxgg60uzvqQuFcRXXr3CLBhC0kYmQLrDdb9KxwZorY&_nc_ohc=p4cYY5LsyvcQ7kNvwH6Rsjw&_nc_gid=2uZPZwB1XItE2P-NG7kXZw&edm=APQMUHMBAAAA&ccb=7-5&oh=00_AfQcCcsjmJP1MJppPLy3dq9mLfG1aljQYMP06i6VoSP6xw&oe=68925E3D&_nc_sid=6ff7c8,Seguir,guyju_ Stella Evelize Fortunato 0 posts 0 108 108 1.194 1.194 Produto/serviço,0,0,0,,False,Pública,0,,,False,0,0,0
bibiasilva_,,False,https://instagram.fpmw2-1.fna.fbcdn.net/v/t51.2885-19/523021688_17903596038209620_2770056566634589253_n.jpg?stp=dst-jpg_s150x150_tt6&efg=eyJ2ZW5jb2RlX3RhZyI6InByb2ZpbGVfcGljLmRqYW5nby4xMDgwLmMyIn0&_nc_ht=instagram.fpmw2-1.fna.fbcdn.net&_nc_cat=104&_nc_oc=Q6cZ2QGwLwCrlOUtIVa5aAl3BpYv_ufkfDutrmssc6Cd5Pjx-Xlxgg60uzvqQuFcRXXr3CLBhC0kYmQLrDdb9KxwZorY&_nc_ohc=QPOicyRKvq0Q7kNvwFFZfja&_nc_gid=2uZPZwB1XItE2P-NG7kXZw&edm=APQMUHMBAAAA&ccb=7-5&oh=00_AfRIWyEqBsQs14PUnR6CqJfa7tGi4iM65MkVNZhacWl07w&oe=68928957&_nc_sid=6ff7c8,Seguir,,0,0,0,,False,Erro de carregamento,0,,,False,0,0,0
jc.ferreira96_,,False,https://instagram.fpmw2-1.fna.fbcdn.net/v/t51.2885-19/469737696_1306430920712885_7690731812509880081_n.jpg?stp=dst-jpg_s150x150_tt6&efg=eyJ2ZW5jb2RlX3RhZyI6InByb2ZpbGVfcGljLmRqYW5nby4xMDgwLmMyIn0&_nc_ht=instagram.fpmw2-1.fna.fbcdn.net&_nc_cat=105&_nc_oc=Q6cZ2QGwLwCrlOUtIVa5aAl3BpYv_ufkfDutrmssc6Cd5Pjx-Xlxgg60uzvqQuFcRXXr3CLBhC0kYmQLrDdb9KxwZorY&_nc_ohc=2a6URtM5eXEQ7kNvwGDpUa7&_nc_gid=2uZPZwB1XItE2P-NG7kXZw&edm=APQMUHMBAAAA&ccb=7-5&oh=00_AfRAayhzuIALBRMxwRsjFah8XJcGY-ido9sXZIhJY8ze3w&oe=68926A84&_nc_sid=6ff7c8,Seguir,jc.ferreira96_ José C. 0 posts 0 1.139 1.139 1.026 1.026 ... mais mais BA ☀️ 🎒🇦🇷🇵🇾 Foz 🏞️ The Town 2023 Rolezin 🕺🏽 Cagibrejas 🍻 ❤️ Farraial 2022 🦁 SP 📸 SC 🏖️ RJ ⛱️,0,0,0,,False,Pública,0,,,False,0,0,0
jucelmamoraiss,,False,https://instagram.fpmw2-1.fna.fbcdn.net/v/t51.2885-19/421751741_926822202125922_6882180011221103000_n.jpg?stp=dst-jpg_s150x150_tt6&efg=eyJ2ZW5jb2RlX3RhZyI6InByb2ZpbGVfcGljLmRqYW5nby4xMDgwLmMyIn0&_nc_ht=instagram.fpmw2-1.fna.fbcdn.net&_nc_cat=106&_nc_oc=Q6cZ2QGwLwCrlOUtIVa5aAl3BpYv_ufkfDutrmssc6Cd5Pjx-Xlxgg60uzvqQuFcRXXr3CLBhC0kYmQLrDdb9KxwZorY&_nc_ohc=KnUdGTNm-yYQ7kNvwGxuFSI&_nc_gid=2uZPZwB1XItE2P-NG7kXZw&edm=APQMUHMBAAAA&ccb=7-5&oh=00_AfSRFRx1VSXbv_e2uQltRLNJqRodOYPXuZZdRanAYj7brA&oe=68929152&_nc_sid=6ff7c8,Seguir,jucelmamoraiss Jucelma Morais 96 posts 96 417 417 1.096 1.096 De bons fluídos ‘ a vida flui ❤️🥰🤗. My moments❣️ 🌸 Makeup Juju❤️,0,0,0,https://www.threads.com/@jucelmamoraiss?xmt=AQF0I1a45aRuhwLYVjDbgjO3pVFqXNvPGDy6KPx_4FmT4ZE,False,Pública,0,,,False,0,0,0
pamelamignoni,,False,https://instagram.fpmw2-1.fna.fbcdn.net/v/t51.2885-19/354145855_943127570275519_1365999418918554899_n.jpg?stp=dst-jpg_s150x150_tt6&efg=eyJ2ZW5jb2RlX3RhZyI6InByb2ZpbGVfcGljLmRqYW5nby40MDkuYzIifQ&_nc_ht=instagram.fpmw2-1.fna.fbcdn.net&_nc_cat=107&_nc_oc=Q6cZ2QGwLwCrlOUtIVa5aAl3BpYv_ufkfDutrmssc6Cd5Pjx-Xlxgg60uzvqQuFcRXXr3CLBhC0kYmQLrDdb9KxwZorY&_nc_ohc=irAl7DiuPGoQ7kNvwGESVHE&_nc_gid=2uZPZwB1XItE2P-NG7kXZw&edm=APQMUHMBAAAA&ccb=7-5&oh=00_AfQv3OVASkEjuNag1GlPWkFPOVeaTERFpfg3DvEZCIfsag&oe=68928131&_nc_sid=6ff7c8,Seguir,pamelamignoni Pâmela Mignoni 23 posts 23 217 217 388 388,0,0,0,,False,Pública,0,,,False,0,0,0
joseanafilipe3,,False,https://instagram.fpmw2-1.fna.fbcdn.net/v/t51.2885-19/520281854_17914541343140790_8521782527834033086_n.jpg?stp=dst-jpg_s150x150_tt6&efg=eyJ2ZW5jb2RlX3RhZyI6InByb2ZpbGVfcGljLmRqYW5nby45NjAuYzIifQ&_nc_ht=instagram.fpmw2-1.fna.fbcdn.net&_nc_cat=106&_nc_oc=Q6cZ2QEia9PBtkyO6CC3cepuPm3B1__BbOVQE7wGO-nXJitTQjk8BaC-6JbpblTMtjDXSHh0Jey5g-iX4YEkQLGEvVLb&_nc_ohc=51t5AaVxlfUQ7kNvwH2SQ40&_nc_gid=2uBAVGFFl7MmQ7OGuoseMw&edm=APQMUHMBAAAA&ccb=7-5&oh=00_AfS_2UKFhnSol-R0pjH3zTc9T3wlTzZm9f8FJ2nyy976hg&oe=689277CF&_nc_sid=6ff7c8,Seguir,joseanafilipe3 Joseanafilipe 1 post 1 293 293 4.157 4.157 Just me💕✨,0,0,0,https://www.threads.com/@joseanafilipe3?xmt=AQF0yTXcNNd8pfOoOKFTXu7JqBWigXZaj435k1KAtTkpAug,False,Pública,0,,,False,0,0,0
valedotapajos_,,False,https://instagram.fpmw2-1.fna.fbcdn.net/v/t51.2885-19/490074216_1416108729410931_3911094680820864798_n.jpg?stp=dst-jpg_s150x150_tt6&efg=eyJ2ZW5jb2RlX3RhZyI6InByb2ZpbGVfcGljLmRqYW5nby44ODMuYzIifQ&_nc_ht=instagram.fpmw2-1.fna.fbcdn.net&_nc_cat=103&_nc_oc=Q6cZ2QEia9PBtkyO6CC3cepuPm3B1__BbOVQE7wGO-nXJitTQjk8BaC-6JbpblTMtjDXSHh0Jey5g-iX4YEkQLGEvVLb&_nc_ohc=gDX1Pt_ytqoQ7kNvwGCxcbX&_nc_gid=2uBAVGFFl7MmQ7OGuoseMw&edm=APQMUHMBAAAA&ccb=7-5&oh=00_AfSj57IKMKNrUCVMlgMGQH_msfZbzsgLvKw_vTc0-0WRFQ&oe=68928A03&_nc_sid=6ff7c8,Seguir,valedotapajos_ Distribuidora Vale Tapajos 314 posts 314 2.530 2.530 7.489 7.489 Saúde/beleza Distribuidora de Produtos Médico Hospitalares de Higiene e Saúde. 📍Alta Floresta-MT 📍Novo Progresso-PA Solicite seu... mais Distribuidora de Produtos Médico Hospitalares de Higiene e Saúde. 📍Alta Floresta-MT 📍Novo Progresso-PA Solicite seu ... mais mais maps.app.goo.gl/t2dG6PTjRtvBNkG99 e mais 1 Ultima unidade,0,0,0,https://www.threads.com/@valedotapajos_?xmt=AQF0F8K6g35m5bDsPoJEJNNHpaR6MxmILAu1iRNtGBQCELU,False,Pública,0,,,False,0,0,0
uhligfrancieli,,False,https://instagram.fpmw2-1.fna.fbcdn.net/v/t51.2885-19/11352847_492185654280985_2101243159_a.jpg?stp=dst-jpg_s150x150_tt6&efg=eyJ2ZW5jb2RlX3RhZyI6InByb2ZpbGVfcGljLmRqYW5nby40NTQuYzIifQ&_nc_ht=instagram.fpmw2-1.fna.fbcdn.net&_nc_cat=101&_nc_oc=Q6cZ2QEia9PBtkyO6CC3cepuPm3B1__BbOVQE7wGO-nXJitTQjk8BaC-6JbpblTMtjDXSHh0Jey5g-iX4YEkQLGEvVLb&_nc_ohc=LyCKouzQt08Q7kNvwHBE_ZH&_nc_gid=2uBAVGFFl7MmQ7OGuoseMw&edm=APQMUHMBAAAA&ccb=7-5&oh=00_AfTNz1DCz9n_W2ksszyIL-FNCv3w1kGzvThFURuhmX6cGg&oe=689260BA&_nc_sid=6ff7c8,Seguir,uhligfrancieli Francieli Uhlig 0 posts 0 1.104 1.104 2.027 2.027,0,0,0,https://www.threads.com/@uhligfrancieli?xmt=AQF09MIZNbdvPpBDA0oCaPsBCLZ2Ttr3FzVqAmhGe9xTvpA,False,Pública,0,,,False,0,0,0
bys_ouzaa,,False,https://instagram.fpmw2-1.fna.fbcdn.net/v/t51.2885-19/521741940_17848782066518491_5372787643933714174_n.jpg?stp=dst-jpg_s150x150_tt6&efg=eyJ2ZW5jb2RlX3RhZyI6InByb2ZpbGVfcGljLmRqYW5nby4xMDgwLmMyIn0&_nc_ht=instagram.fpmw2-1.fna.fbcdn.net&_nc_cat=107&_nc_oc=Q6cZ2QEia9PBtkyO6CC3cepuPm3B1__BbOVQE7wGO-nXJitTQjk8BaC-6JbpblTMtjDXSHh0Jey5g-iX4YEkQLGEvVLb&_nc_ohc=6qKCHjpm95AQ7kNvwHbYY8j&_nc_gid=2uBAVGFFl7MmQ7OGuoseMw&edm=APQMUHMBAAAA&ccb=7-5&oh=00_AfT4cfsVVHCGVgF223ekPa9nUYVPj1ZkhCjZuljyE_HFxw&oe=68927B89&_nc_sid=6ff7c8,Seguir,,0,0,0,,False,Erro de carregamento,0,,,False,0,0,0
lannahfurtado,,False,https://instagram.fpmw2-1.fna.fbcdn.net/v/t51.2885-19/503644778_18365746903176825_5781910320002610669_n.jpg?stp=dst-jpg_s150x150_tt6&efg=eyJ2ZW5jb2RlX3RhZyI6InByb2ZpbGVfcGljLmRqYW5nby4xMDgwLmMyIn0&_nc_ht=instagram.fpmw2-1.fna.fbcdn.net&_nc_cat=109&_nc_oc=Q6cZ2QEia9PBtkyO6CC3cepuPm3B1__BbOVQE7wGO-nXJitTQjk8BaC-6JbpblTMtjDXSHh0Jey5g-iX4YEkQLGEvVLb&_nc_ohc=uRa5bmVaP0QQ7kNvwGFfFU3&_nc_gid=2uBAVGFFl7MmQ7OGuoseMw&edm=APQMUHMBAAAA&ccb=7-5&oh=00_AfTOgmJbX0hiIIjyyl97qJk1CoaaL5kFIlzlwhm6-1UksA&oe=68926735&_nc_sid=6ff7c8,Seguir,lannahfurtado Lanna Furtado 324 posts 324 1.195 1.195 3.234 3.234,0,0,0,https://www.threads.com/@lannahfurtado?xmt=AQF0RcCL6R1PX54-3JsX9ULmlxMn0ESRA6glBzp7J96dXSQ,False,Pública,0,,,False,0,0,0
cleane_botelho,,False,https://instagram.fpmw2-1.fna.fbcdn.net/v/t51.2885-19/430680972_409718391709145_7266442782623879785_n.jpg?stp=dst-jpg_s150x150_tt6&efg=eyJ2ZW5jb2RlX3RhZyI6InByb2ZpbGVfcGljLmRqYW5nby4xMDgwLmMyIn0&_nc_ht=instagram.fpmw2-1.fna.fbcdn.net&_nc_cat=105&_nc_oc=Q6cZ2QEia9PBtkyO6CC3cepuPm3B1__BbOVQE7wGO-nXJitTQjk8BaC-6JbpblTMtjDXSHh0Jey5g-iX4YEkQLGEvVLb&_nc_ohc=VKox1NVeAEsQ7kNvwElgwsU&_nc_gid=2uBAVGFFl7MmQ7OGuoseMw&edm=APQMUHMBAAAA&ccb=7-5&oh=00_AfRPSkKW-BEwFAxMrMPmkzVb5Y4y26A4GFp71pTs9w8o0w&oe=6892825E&_nc_sid=6ff7c8,Seguir,cleane_botelho Cleane Botelho 10 posts 10 1.236 1.236 4.012 4.012,0,0,0,,False,Pública,0,,,False,0,0,0
kelly.maria.s,,False,https://instagram.fpmw2-1.fna.fbcdn.net/v/t51.2885-19/473830804_1375716167135964_8646970775478651618_n.jpg?stp=dst-jpg_s150x150_tt6&efg=eyJ2ZW5jb2RlX3RhZyI6InByb2ZpbGVfcGljLmRqYW5nby4xMDc1LmMyIn0&_nc_ht=instagram.fpmw2-1.fna.fbcdn.net&_nc_cat=100&_nc_oc=Q6cZ2QEia9PBtkyO6CC3cepuPm3B1__BbOVQE7wGO-nXJitTQjk8BaC-6JbpblTMtjDXSHh0Jey5g-iX4YEkQLGEvVLb&_nc_ohc=cc96rqPy0k4Q7kNvwG11RzS&_nc_gid=2uBAVGFFl7MmQ7OGuoseMw&edm=APQMUHMBAAAA&ccb=7-5&oh=00_AfSpbPCflRrNC6Tgwk9Owapsp2RjgNQ5n29Z_bqGhsfgIA&oe=68926175&_nc_sid=6ff7c8,Seguir,kelly.maria.s Kelly Maria 17 posts 17 1.448 1.448 952 952,0,0,0,,False,Pública,0,,,False,0,0,0
iaasley,,False,https://instagram.fpmw2-1.fna.fbcdn.net/v/t51.2885-19/509624041_18066648341112483_749563954721164281_n.jpg?stp=dst-jpg_s150x150_tt6&efg=eyJ2ZW5jb2RlX3RhZyI6InByb2ZpbGVfcGljLmRqYW5nby4xMDgwLmMyIn0&_nc_ht=instagram.fpmw2-1.fna.fbcdn.net&_nc_cat=103&_nc_oc=Q6cZ2QEia9PBtkyO6CC3cepuPm3B1__BbOVQE7wGO-nXJitTQjk8BaC-6JbpblTMtjDXSHh0Jey5g-iX4YEkQLGEvVLb&_nc_ohc=Ucw46oPQ2O0Q7kNvwE7VnaU&_nc_gid=2uBAVGFFl7MmQ7OGuoseMw&edm=APQMUHMBAAAA&ccb=7-5&oh=00_AfS3mh-6hGIpULw7khWDi-8jBVHGZ6Y5gM4fG_6l1Y-mgw&oe=689280AD&_nc_sid=6ff7c8,Seguir,iaasley Hechi 1 post 1 471 471 831 831,0,0,0,,False,Pública,0,,,False,0,0,0
carlamoura_g,,False,https://instagram.fpmw2-1.fna.fbcdn.net/v/t51.2885-19/514973241_18012833999751519_9020614866952105401_n.jpg?stp=dst-jpg_s150x150_tt6&efg=eyJ2ZW5jb2RlX3RhZyI6InByb2ZpbGVfcGljLmRqYW5nby43NDUuYzIifQ&_nc_ht=instagram.fpmw2-1.fna.fbcdn.net&_nc_cat=103&_nc_oc=Q6cZ2QEia9PBtkyO6CC3cepuPm3B1__BbOVQE7wGO-nXJitTQjk8BaC-6JbpblTMtjDXSHh0Jey5g-iX4YEkQLGEvVLb&_nc_ohc=VpFBuVEFq3QQ7kNvwFM9mo7&_nc_gid=2uBAVGFFl7MmQ7OGuoseMw&edm=APQMUHMBAAAA&ccb=7-5&oh=00_AfTefY1A9jvGj_xeoend3NOztRlco_GozLpS7pL60QD07A&oe=68925FEB&_nc_sid=6ff7c8,Seguir,carlamoura_g Carla Patrícia Moura 38 posts 38 4.534 4.534 3.836 3.836 Salmos 91:7 MA📍|🌱👩🏻‍🌾⚕️🩺📚,0,0,0,,False,Pública,0,,,False,0,0,0
dian.draaparecida,,False,https://instagram.fpmw2-1.fna.fbcdn.net/v/t51.2885-19/525615760_17889152301313237_5317945451451931475_n.jpg?stp=dst-jpg_s150x150_tt6&efg=eyJ2ZW5jb2RlX3RhZyI6InByb2ZpbGVfcGljLmRqYW5nby45MTEuYzIifQ&_nc_ht=instagram.fpmw2-1.fna.fbcdn.net&_nc_cat=101&_nc_oc=Q6cZ2QEia9PBtkyO6CC3cepuPm3B1__BbOVQE7wGO-nXJitTQjk8BaC-6JbpblTMtjDXSHh0Jey5g-iX4YEkQLGEvVLb&_nc_ohc=MXKk_nOFe4sQ7kNvwFP4142&_nc_gid=2uBAVGFFl7MmQ7OGuoseMw&edm=APQMUHMBAAAA&ccb=7-5&oh=00_AfTeFOvhQO_R8nfDe4SqHcVOwSIYfqGjg4KM374ZgvAMTA&oe=689274EE&_nc_sid=6ff7c8,Seguir,dian.draaparecida diandra Aparecida 19 posts 19 158 158 3.505 3.505,0,0,0,https://www.threads.com/@dian.draaparecida?xmt=AQF0svWhpYnWso8RBpMpgoj9sSirLiIYLi3l-G917DnfBJk,False,Pública,0,,,False,0,0,0
bonekah_safadah,,False,https://instagram.fpmw2-1.fna.fbcdn.net/v/t51.2885-19/330990938_754088209641857_8599172002454639434_n.jpg?stp=dst-jpg_s150x150_tt6&efg=eyJ2ZW5jb2RlX3RhZyI6InByb2ZpbGVfcGljLmRqYW5nby40NzUuYzIifQ&_nc_ht=instagram.fpmw2-1.fna.fbcdn.net&_nc_cat=105&_nc_oc=Q6cZ2QEia9PBtkyO6CC3cepuPm3B1__BbOVQE7wGO-nXJitTQjk8BaC-6JbpblTMtjDXSHh0Jey5g-iX4YEkQLGEvVLb&_nc_ohc=Vi78ejK7DPEQ7kNvwEs98_W&_nc_gid=2uBAVGFFl7MmQ7OGuoseMw&edm=APQMUHMBAAAA&ccb=7-5&oh=00_AfRa8tJxXwYtss_1s48cqjKbafGSH3QZp2aGm17W__8mkQ&oe=68928DC6&_nc_sid=6ff7c8,Seguir,bonekah_safadah Ï'tss Boneka Meme'r 0 posts 0 67 67 439 439,0,0,0,,False,Pública,0,,,False,0,0,0
missilenemariaalves,,False,https://instagram.fpmw2-1.fna.fbcdn.net/v/t51.2885-19/509948613_17964028730930689_5916266113218266611_n.jpg?stp=dst-jpg_s150x150_tt6&efg=eyJ2ZW5jb2RlX3RhZyI6InByb2ZpbGVfcGljLmRqYW5nby4xMDgwLmMyIn0&_nc_ht=instagram.fpmw2-1.fna.fbcdn.net&_nc_cat=101&_nc_oc=Q6cZ2QEia9PBtkyO6CC3cepuPm3B1__BbOVQE7wGO-nXJitTQjk8BaC-6JbpblTMtjDXSHh0Jey5g-iX4YEkQLGEvVLb&_nc_ohc=mN-Pk3Eh6a4Q7kNvwHx4uPV&_nc_gid=2uBAVGFFl7MmQ7OGuoseMw&edm=APQMUHMBAAAA&ccb=7-5&oh=00_AfQEjHQsIH0AhOaAjgMAcE8Dgo9eh5nEVSg3RRXm9k90dw&oe=68927259&_nc_sid=6ff7c8,Seguir,missilenemariaalves Missilene Maria Alves 37 posts 37 528 528 7.486 7.486 viva o hoje como se não houvesse amanhã 💍,0,0,0,https://www.threads.com/@missilenemariaalves?xmt=AQF0iIWz8oJvUuyK7I2TCLwea3haVDZ2FuxynHa-b3aL-9o,False,Pública,0,,,False,0,0,0
neyd_an2,,False,https://instagram.fpmw2-1.fna.fbcdn.net/v/t51.2885-19/235334744_398951484906534_5640241013263162092_n.jpg?stp=dst-jpg_s150x150_tt6&efg=eyJ2ZW5jb2RlX3RhZyI6InByb2ZpbGVfcGljLmRqYW5nby40ODguYzIifQ&_nc_ht=instagram.fpmw2-1.fna.fbcdn.net&_nc_cat=106&_nc_oc=Q6cZ2QEfa1fpT5TCkpVzquuBiryhbbCGOz_iNxnil-Z1nOH6po2D9QNYYcaeBUcOKeH-j7vtcb6atmva8nGPy16abHjm&_nc_ohc=Y6AUZ_z_ejoQ7kNvwGSmYTg&_nc_gid=0fTJAsCILCzGbfdFbFY0jg&edm=APQMUHMBAAAA&ccb=7-5&oh=00_AfSF5etaRLcxoV7TateyckFPMFUBQekhrwWSyF16mr4vVg&oe=689264DE&_nc_sid=6ff7c8,Seguir,neyd_an2 Neidy Da Cartilia Matimbe 2 posts 2 346 346 309 309,0,0,0,,False,Pública,0,,,False,0,0,0
laryssakaroliny,,False,https://instagram.fpmw2-1.fna.fbcdn.net/v/t51.2885-19/524888739_18052052099428331_6537829130325513338_n.jpg?stp=dst-jpg_s150x150_tt6&efg=eyJ2ZW5jb2RlX3RhZyI6InByb2ZpbGVfcGljLmRqYW5nby4xMDgwLmMyIn0&_nc_ht=instagram.fpmw2-1.fna.fbcdn.net&_nc_cat=111&_nc_oc=Q6cZ2QEfa1fpT5TCkpVzquuBiryhbbCGOz_iNxnil-Z1nOH6po2D9QNYYcaeBUcOKeH-j7vtcb6atmva8nGPy16abHjm&_nc_ohc=9fNN5XSqIkYQ7kNvwELmI2d&_nc_gid=0fTJAsCILCzGbfdFbFY0jg&edm=APQMUHMBAAAA&ccb=7-5&oh=00_AfRHIPyPMWM5SNKDPpKc_dTN69hMDzOabhr7xIw99ehBxA&oe=68926A87&_nc_sid=6ff7c8,Seguir,,0,0,0,,False,Erro de carregamento,0,,,False,0,0,0
taynaperolaa,,False,https://instagram.fpmw2-1.fna.fbcdn.net/v/t51.2885-19/463296150_3837730186498026_6310857769554035087_n.jpg?stp=dst-jpg_s150x150_tt6&efg=eyJ2ZW5jb2RlX3RhZyI6InByb2ZpbGVfcGljLmRqYW5nby4xMDgwLmMyIn0&_nc_ht=instagram.fpmw2-1.fna.fbcdn.net&_nc_cat=106&_nc_oc=Q6cZ2QFIn9LAhLubck-lcFtyS4CCOKPXKY-Gz16Ke5aciXCYpn1Uzxo0e0BZRupzbFYmXFGs8c5Tl1KZKzLeixhuf_Cm&_nc_ohc=JYZaT_5ZcV0Q7kNvwFAGd9L&_nc_gid=jiJ5FIxW9PIln9-F27ArzQ&edm=APQMUHMBAAAA&ccb=7-5&oh=00_AfQazCkPESiioJL7anCM2hhOrm6WSoeG0KEP8mPbNeFnOg&oe=689260CE&_nc_sid=6ff7c8,Seguir,taynaperolaa Tayná Conceição 9 posts 9 499 499 4.538 4.538,0,0,0,https://www.threads.com/@taynaperolaa?xmt=AQF0AhwnMH2N-4jdjBqnrSVu_C743xUr_3C9iA4S7fGr-8M,False,Pública,0,,,False,0,0,0
pamelacgsz,,False,https://instagram.fpmw2-1.fna.fbcdn.net/v/t51.2885-19/468990169_593760813339921_8689664136529389588_n.jpg?stp=dst-jpg_s150x150_tt6&efg=eyJ2ZW5jb2RlX3RhZyI6InByb2ZpbGVfcGljLmRqYW5nby4xMDgwLmMyIn0&_nc_ht=instagram.fpmw2-1.fna.fbcdn.net&_nc_cat=109&_nc_oc=Q6cZ2QFIn9LAhLubck-lcFtyS4CCOKPXKY-Gz16Ke5aciXCYpn1Uzxo0e0BZRupzbFYmXFGs8c5Tl1KZKzLeixhuf_Cm&_nc_ohc=c3pWG29JX_oQ7kNvwHTFOiv&_nc_gid=jiJ5FIxW9PIln9-F27ArzQ&edm=APQMUHMBAAAA&ccb=7-5&oh=00_AfSG8i1XPS4iWDQuH07eN_8SjDhO5dbF0sQF7CmvNo-tuw&oe=68926B8C&_nc_sid=6ff7c8,Seguir,pamelacgsz Pamela Gusmão 46 posts 46 441 441 661 661 ... mais mais,0,0,0,,False,Pública,0,,,False,0,0,0
claudiamassingue,,False,https://instagram.fpmw2-1.fna.fbcdn.net/v/t51.2885-19/504498509_18528049774001018_3506025535900596035_n.jpg?stp=dst-jpg_s150x150_tt6&efg=eyJ2ZW5jb2RlX3RhZyI6InByb2ZpbGVfcGljLmRqYW5nby45OTIuYzIifQ&_nc_ht=instagram.fpmw2-1.fna.fbcdn.net&_nc_cat=102&_nc_oc=Q6cZ2QEfa1fpT5TCkpVzquuBiryhbbCGOz_iNxnil-Z1nOH6po2D9QNYYcaeBUcOKeH-j7vtcb6atmva8nGPy16abHjm&_nc_ohc=CKdO9fZZscgQ7kNvwFHG52w&_nc_gid=0fTJAsCILCzGbfdFbFY0jg&edm=APQMUHMBAAAA&ccb=7-5&oh=00_AfRF6tSsXf3JuljpgvZcldJSpaCxKpUP212q-67ZHX7J4A&oe=68926EFF&_nc_sid=6ff7c8,Seguir,claudiamassingue Matucurane Massingue 786 posts 786 1.335 1.335 2.078 2.078,0,0,0,,False,Pública,0,,,False,0,0,0
nazarethfagundes,,False,https://instagram.fpmw2-1.fna.fbcdn.net/v/t51.2885-19/491424302_9261458573982643_6761428082333324986_n.jpg?stp=dst-jpg_s150x150_tt6&efg=eyJ2ZW5jb2RlX3RhZyI6InByb2ZpbGVfcGljLmRqYW5nby4xMDgwLmMyIn0&_nc_ht=instagram.fpmw2-1.fna.fbcdn.net&_nc_cat=107&_nc_oc=Q6cZ2QEfa1fpT5TCkpVzquuBiryhbbCGOz_iNxnil-Z1nOH6po2D9QNYYcaeBUcOKeH-j7vtcb6atmva8nGPy16abHjm&_nc_ohc=ATxO8LgWSAsQ7kNvwH7eqFL&_nc_gid=0fTJAsCILCzGbfdFbFY0jg&edm=APQMUHMBAAAA&ccb=7-5&oh=00_AfSqAinrRXvj1A1GC1rMDKhq1ObIB6RMM2t7tnr1gCdDuw&oe=6892824B&_nc_sid=6ff7c8,Seguir,nazarethfagundes Lilia Nazareth Fagundes 144 posts 144 225 225 1.076 1.076,0,0,0,https://www.threads.com/@nazarethfagundes?xmt=AQF0lIQOBMAPUFBFUA4fkbUYpjRrwG-ytkvtvTjc_WQGS2w,False,Pública,0,,,False,0,0,0
ladybarros08,,False,https://instagram.fpmw2-1.fna.fbcdn.net/v/t51.2885-19/502435385_17845372791509626_1430725945044945227_n.jpg?stp=dst-jpg_s150x150_tt6&efg=eyJ2ZW5jb2RlX3RhZyI6InByb2ZpbGVfcGljLmRqYW5nby4xMDgwLmMyIn0&_nc_ht=instagram.fpmw2-1.fna.fbcdn.net&_nc_cat=110&_nc_oc=Q6cZ2QFIn9LAhLubck-lcFtyS4CCOKPXKY-Gz16Ke5aciXCYpn1Uzxo0e0BZRupzbFYmXFGs8c5Tl1KZKzLeixhuf_Cm&_nc_ohc=xOHypLGKc_EQ7kNvwFkFEqM&_nc_gid=jiJ5FIxW9PIln9-F27ArzQ&edm=APQMUHMBAAAA&ccb=7-5&oh=00_AfSDCls5AWMMgllBRyMDhh-BPVqLiUhWje3C-JJhRZ7Nmg&oe=68926C67&_nc_sid=6ff7c8,Seguir,ladybarros08 Jacquy Joye Barros 6 posts 6 88 88 1.809 1.809,0,0,0,,False,Pública,0,,,False,0,0,0
graca_sousa17,,False,https://instagram.fpmw2-1.fna.fbcdn.net/v/t51.2885-19/509904922_18513323317062717_2269591727304144862_n.jpg?stp=dst-jpg_s150x150_tt6&efg=eyJ2ZW5jb2RlX3RhZyI6InByb2ZpbGVfcGljLmRqYW5nby4xMDgwLmMyIn0&_nc_ht=instagram.fpmw2-1.fna.fbcdn.net&_nc_cat=109&_nc_oc=Q6cZ2QEfa1fpT5TCkpVzquuBiryhbbCGOz_iNxnil-Z1nOH6po2D9QNYYcaeBUcOKeH-j7vtcb6atmva8nGPy16abHjm&_nc_ohc=BZ8YbNBiUrMQ7kNvwFqmJIh&_nc_gid=0fTJAsCILCzGbfdFbFY0jg&edm=APQMUHMBAAAA&ccb=7-5&oh=00_AfRL4y6So3U8FA6WYRk5mb2podSK5c4MCJy9QAUBQh_EVA&oe=68927190&_nc_sid=6ff7c8,Seguir,,0,0,0,,False,Erro de carregamento,0,,,False,0,0,0
ssandra_soussa,,False,https://instagram.fpmw2-1.fna.fbcdn.net/v/t51.2885-19/516848331_18490764961069700_3319983734834827473_n.jpg?stp=dst-jpg_s150x150_tt6&efg=eyJ2ZW5jb2RlX3RhZyI6InByb2ZpbGVfcGljLmRqYW5nby4xMDgwLmMyIn0&_nc_ht=instagram.fpmw2-1.fna.fbcdn.net&_nc_cat=108&_nc_oc=Q6cZ2QEfa1fpT5TCkpVzquuBiryhbbCGOz_iNxnil-Z1nOH6po2D9QNYYcaeBUcOKeH-j7vtcb6atmva8nGPy16abHjm&_nc_ohc=FYxDfWyDWToQ7kNvwG4oZI5&_nc_gid=0fTJAsCILCzGbfdFbFY0jg&edm=APQMUHMBAAAA&ccb=7-5&oh=00_AfQhUOE3uSgmYW9F46WzO4Ze3tjU1ZZzubGFLVeI7FMi8g&oe=689270AD&_nc_sid=6ff7c8,Seguir,ssandra_soussa Alessandra Sousa 85 posts 85 570 570 769 769 💍 Sophia 👑👧🏽 Professora|Neuropsicopedagoga|Libras,0,0,0,,False,Pública,0,,,False,0,0,0
mandy_av.rodrigues,,False,https://instagram.fpmw2-1.fna.fbcdn.net/v/t51.2885-19/495309486_18349591687151613_5675661284294209357_n.jpg?stp=dst-jpg_s150x150_tt6&efg=eyJ2ZW5jb2RlX3RhZyI6InByb2ZpbGVfcGljLmRqYW5nby4xMDgwLmMyIn0&_nc_ht=instagram.fpmw2-1.fna.fbcdn.net&_nc_cat=109&_nc_oc=Q6cZ2QEfa1fpT5TCkpVzquuBiryhbbCGOz_iNxnil-Z1nOH6po2D9QNYYcaeBUcOKeH-j7vtcb6atmva8nGPy16abHjm&_nc_ohc=WcXCSu6LLdoQ7kNvwFTwu_8&_nc_gid=0fTJAsCILCzGbfdFbFY0jg&edm=APQMUHMBAAAA&ccb=7-5&oh=00_AfS1e7JBSKrDO4GLuobB12Unp2jPEL008HDxYiZZ1fy0KQ&oe=68928324&_nc_sid=6ff7c8,Seguir,mandy_av.rodrigues @mandy_avrodrigues 49 posts 49 818 818 5.720 5.720 | Curitiba/Pr🏠 | Vamos espalhar a palavra de Deus por onde formos! 🔥 | CRISTO vive!! 🫀🕊 | Vamos viver a TOTALIDADE... mais | Curitiba/Pr🏠 | Vamos espalhar a palavra de Deus por onde formos! 🔥 | CRISTO vive!! 🫀🕊 | Vamos viver a TOTALIDADE ... mais mais lov❤️ Yeshua 🫀 Moments🤎 books 📖 Ohana 💙 ✨️Me💜👑 Nails🌈 Daily Com Elas 🦋 nosso milagre 💜💚 friends 💕 🍞☕ 🥵🏋🏼‍♀️⛹🏼‍♀️💃🏼 ☁️,,,0,,False,Pública,0,,,False,0,0,0
andreazanguemiguel4,,False,https://instagram.fpmw2-1.fna.fbcdn.net/v/t51.2885-19/515065563_17842059417534811_6826496388688843774_n.jpg?stp=dst-jpg_s150x150_tt6&efg=eyJ2ZW5jb2RlX3RhZyI6InByb2ZpbGVfcGljLmRqYW5nby4zMjAuYzIifQ&_nc_ht=instagram.fpmw2-1.fna.fbcdn.net&_nc_cat=107&_nc_oc=Q6cZ2QEfa1fpT5TCkpVzquuBiryhbbCGOz_iNxnil-Z1nOH6po2D9QNYYcaeBUcOKeH-j7vtcb6atmva8nGPy16abHjm&_nc_ohc=9Ydfytc6gJ0Q7kNvwE8bbaM&_nc_gid=0fTJAsCILCzGbfdFbFY0jg&edm=APQMUHMBAAAA&ccb=7-5&oh=00_AfRIrxTjFeannQXArhc7qid07ZA0UwjpC-RPcqLWlLyVzw&oe=68927D09&_nc_sid=6ff7c8,Seguir,andreazanguemiguel4 Andreia Miguel 0 posts 0 21 21 998 998,0,0,0,https://www.threads.com/@andreazanguemiguel4?xmt=AQF07wXKOZI_HCSPgWEgPZufDPznHVRZ4ooMWICcjOAazMg,False,Pública,0,,,False,0,0,0
ingri_d1238886,,False,https://instagram.fpmw2-1.fna.fbcdn.net/v/t51.2885-19/519058988_17865396411424405_1452128304225464885_n.jpg?stp=dst-jpg_s150x150_tt6&efg=eyJ2ZW5jb2RlX3RhZyI6InByb2ZpbGVfcGljLmRqYW5nby4xMDgwLmMyIn0&_nc_ht=instagram.fpmw2-1.fna.fbcdn.net&_nc_cat=101&_nc_oc=Q6cZ2QEfa1fpT5TCkpVzquuBiryhbbCGOz_iNxnil-Z1nOH6po2D9QNYYcaeBUcOKeH-j7vtcb6atmva8nGPy16abHjm&_nc_ohc=GTcrCrrF3DkQ7kNvwEIMmtN&_nc_gid=0fTJAsCILCzGbfdFbFY0jg&edm=APQMUHMBAAAA&ccb=7-5&oh=00_AfQpb6fYG9siQ_SlZ4T4-8PyrEfIxMLBTMIvzYHtaHR2-w&oe=68927A59&_nc_sid=6ff7c8,Seguir,ingri_d1238886 Ingrid 𝖥𝖾𝗋𝗇𝖺𝗇𝖽𝖺❤️ 17 posts 17 536 536 6.725 6.725 Criador de reels jw.org ❤️ 𝗆𝖾,,,0,https://www.threads.com/@ingri_d1238886?xmt=AQF0sepRdWYRJIcAxMIT7IRVT6rskEjos-1r9FCdY-d-Dc8,False,Pública,0,,,False,0,0,0
danutss_santos,,False,https://instagram.fpmw2-1.fna.fbcdn.net/v/t51.2885-19/504460808_18125372215449974_1917328555743319404_n.jpg?stp=dst-jpg_s150x150_tt6&efg=eyJ2ZW5jb2RlX3RhZyI6InByb2ZpbGVfcGljLmRqYW5nby4xMDYwLmMyIn0&_nc_ht=instagram.fpmw2-1.fna.fbcdn.net&_nc_cat=102&_nc_oc=Q6cZ2QEfa1fpT5TCkpVzquuBiryhbbCGOz_iNxnil-Z1nOH6po2D9QNYYcaeBUcOKeH-j7vtcb6atmva8nGPy16abHjm&_nc_ohc=zPWOzv-UGVgQ7kNvwFI8jqg&_nc_gid=0fTJAsCILCzGbfdFbFY0jg&edm=APQMUHMBAAAA&ccb=7-5&oh=00_AfSrxoSIbyyEo-cyh2js0nW2Ax3wc8JenUSDlGnorUaXfw&oe=68925D11&_nc_sid=6ff7c8,Seguir,danutss_santos 𝓨𝓪𝓼𝓶𝓲𝓷 𝓓𝓪𝓷𝓾𝓽𝓪 0 posts 0 1.481 1.481 5.462 5.462 ˢᵉʲᵃ ᵇᵉᵐ⁻ᵛⁱⁿᵈᵒ ᵖᵃʳᵃ ᵐⁱⁿʰᵃ ᵛⁱᵈᵃ ᶠⁱˡᵗʳᵃᵈᵃ ⚖️ | 𝚕𝚎𝚡 𝚖𝚘𝚍𝚎 🕊️ | 𝚍𝚒𝚜𝚌í𝚙𝚞𝚕𝚊 𝚍𝚘 𝚕𝚊𝚟𝚊𝚍𝚘𝚛 𝚍𝚎 𝚙é𝚜 📢 | 𝙿𝚞𝚋𝚕𝚒𝚌𝚒𝚝á𝚛𝚒𝚊 💍 | @thiiago... mais ˢᵉʲᵃ ᵇᵉᵐ⁻ᵛⁱⁿᵈᵒ ᵖᵃʳᵃ ᵐⁱⁿʰᵃ ᵛⁱᵈᵃ ᶠⁱˡᵗʳᵃᵈᵃ ⚖️ | 𝚕𝚎𝚡 𝚖𝚘𝚍𝚎 🕊️ | 𝚍𝚒𝚜𝚌í𝚙𝚞𝚕𝚊 𝚍𝚘 𝚕𝚊𝚟𝚊𝚍𝚘𝚛 𝚍𝚎 𝚙é𝚜 📢 | 𝙿𝚞𝚋𝚕𝚒𝚌𝚒𝚝á𝚛𝚒𝚊 💍 | @thiiago ... mais mais vsco.co/danutssme,0,0,0,,False,Pública,0,,,False,0,0,0
leonildasampaiosousa,,False,https://instagram.fpmw2-1.fna.fbcdn.net/v/t51.2885-19/452096227_871699571438581_7249619985788902248_n.jpg?stp=dst-jpg_s150x150_tt6&efg=eyJ2ZW5jb2RlX3RhZyI6InByb2ZpbGVfcGljLmRqYW5nby4xMDgwLmMyIn0&_nc_ht=instagram.fpmw2-1.fna.fbcdn.net&_nc_cat=101&_nc_oc=Q6cZ2QFAqXIn6XjNb5g_AcMugqT3QP9QyHCsbXCT2y1b1s5iykk9gbG8I3T-qMaU6tqnuEs&_nc_ohc=HMuDHp86IO4Q7kNvwEUR73f&_nc_gid=T4tvtDeY9ag0T9fHF7O70Q&edm=APQMUHMBAAAA&ccb=7-5&oh=00_AfTOsT8Z4ZXl86vZpcfzgyup7lE6iFglzSENzw48h4NAKg&oe=68926FA4&_nc_sid=6ff7c8,Seguir,"leonildasampaiosousa Leonilda Sampaio 306 posts 306 1.027 1.027 2.228 2.228 Enganosa é a graça, e vã, a formosura, mas a mulher que teme ao SENHOR, essa será louvada. Provérbios 31:30 ♥️",0,0,0,,False,Pública,0,,,False,0,0,0
dra.nathalia.augusto,,False,https://instagram.fpmw2-1.fna.fbcdn.net/v/t51.2885-19/469125359_1114015923775956_679056223167993042_n.jpg?stp=dst-jpg_s150x150_tt6&efg=eyJ2ZW5jb2RlX3RhZyI6InByb2ZpbGVfcGljLmRqYW5nby4xMDgwLmMyIn0&_nc_ht=instagram.fpmw2-1.fna.fbcdn.net&_nc_cat=100&_nc_oc=Q6cZ2QHMfU4dArWCdCZHs_1txuXVxB0CZ4DnnHvJHkhmXT9PRQh-PPO84A--zElrKAqgn5g&_nc_ohc=5VnbVI0oAb8Q7kNvwGcHcnJ&_nc_gid=mwQ1icIC6UKrTo2mJ0pmFw&edm=APQMUHMBAAAA&ccb=7-5&oh=00_AfRjGiGFHxepqA37ePzf4yiTyKbXcRRvj1xiOT8zHoPngQ&oe=689274BE&_nc_sid=6ff7c8,Seguir,dra.nathalia.augusto Dra. Nathalia Sabatin Augusto 236 posts 236 1.412 1.412 2.686 2.686 • Médica | CRM-SP: 216.562 • Dermatologia e Cosmiatria | Pós Graduação • APS - BWS • São Paulo |... mais • Médica | CRM-SP: 216.562 • Dermatologia e Cosmiatria | Pós Graduação • APS - BWS • São Paulo | ... mais mais wa.me/5517991856231 Paris ✨ MAAC Cosmiatria Dermatologia Medicina Rio🇧🇷 Chile 🇨🇱 Arg 🇦🇷,,0,0,,False,Pública,0,,,False,0,0,0
taliitass,,False,https://instagram.fpmw2-1.fna.fbcdn.net/v/t51.2885-19/520427062_18373889203130017_8916423872488887989_n.jpg?stp=dst-jpg_s150x150_tt6&efg=eyJ2ZW5jb2RlX3RhZyI6InByb2ZpbGVfcGljLmRqYW5nby4xMDgwLmMyIn0&_nc_ht=instagram.fpmw2-1.fna.fbcdn.net&_nc_cat=101&_nc_oc=Q6cZ2QFAqXIn6XjNb5g_AcMugqT3QP9QyHCsbXCT2y1b1s5iykk9gbG8I3T-qMaU6tqnuEs&_nc_ohc=DnU_MsXHtbEQ7kNvwHtTTui&_nc_gid=T4tvtDeY9ag0T9fHF7O70Q&edm=APQMUHMBAAAA&ccb=7-5&oh=00_AfT9lIKWTaDTqr8_lH0BU6deEsKv5g4MwVFHjzUnMx4G0g&oe=6892775D&_nc_sid=6ff7c8,Seguir,taliitass Talita Silva 43 posts 43 2.664 2.664 1.637 1.637 🌱 Esp. em Produção Vegetal no Cerrado 🌎 Eng. Agrônoma | Católica |📍 BA/MT,0,0,0,https://www.threads.com/@taliitass?xmt=AQF0q8ITejj7R73tmJATc3Pcqmqj79Qy9MNsUnzvtSuLg9w,False,Pública,0,,,False,0,0,0
dudaaaak,,False,https://instagram.fpmw2-1.fna.fbcdn.net/v/t51.2885-19/490135156_598609169860731_2944935259698822057_n.jpg?stp=dst-jpg_s150x150_tt6&efg=eyJ2ZW5jb2RlX3RhZyI6InByb2ZpbGVfcGljLmRqYW5nby4xMDgwLmMyIn0&_nc_ht=instagram.fpmw2-1.fna.fbcdn.net&_nc_cat=103&_nc_oc=Q6cZ2QFAqXIn6XjNb5g_AcMugqT3QP9QyHCsbXCT2y1b1s5iykk9gbG8I3T-qMaU6tqnuEs&_nc_ohc=xtb8qCBdeuIQ7kNvwEfG1NP&_nc_gid=T4tvtDeY9ag0T9fHF7O70Q&edm=APQMUHMBAAAA&ccb=7-5&oh=00_AfSljg9JG7RGiIYZnO84bhlEaMolIIRUFqCElPlBo3XR7w&oe=68926B71&_nc_sid=6ff7c8,Seguir,dudaaaak Maria Eduarda Klein de Barros 12 posts 12 634 634 1.378 1.378,0,0,0,,False,Pública,0,,,False,0,0,0
sterxy_,,False,https://instagram.fpmw2-1.fna.fbcdn.net/v/t51.2885-19/476653188_648842354475782_9113248391884945926_n.jpg?stp=dst-jpg_s150x150_tt6&efg=eyJ2ZW5jb2RlX3RhZyI6InByb2ZpbGVfcGljLmRqYW5nby4xMDM5LmMyIn0&_nc_ht=instagram.fpmw2-1.fna.fbcdn.net&_nc_cat=102&_nc_oc=Q6cZ2QFAqXIn6XjNb5g_AcMugqT3QP9QyHCsbXCT2y1b1s5iykk9gbG8I3T-qMaU6tqnuEs&_nc_ohc=ry3fdkaPwWgQ7kNvwEHNxr4&_nc_gid=T4tvtDeY9ag0T9fHF7O70Q&edm=APQMUHMBAAAA&ccb=7-5&oh=00_AfRED9bFLnL1bpdvg1dixv9HAwwgVXQyMaKavfkDSSMvxw&oe=6892813E&_nc_sid=6ff7c8,Seguir,,0,0,0,,False,Erro de carregamento,0,,,False,0,0,0
mariacandidalimag,,False,https://instagram.fpmw2-1.fna.fbcdn.net/v/t51.2885-19/514540567_18404990755107847_4527397355116018410_n.jpg?stp=dst-jpg_s150x150_tt6&efg=eyJ2ZW5jb2RlX3RhZyI6InByb2ZpbGVfcGljLmRqYW5nby4xMDgwLmMyIn0&_nc_ht=instagram.fpmw2-1.fna.fbcdn.net&_nc_cat=107&_nc_oc=Q6cZ2QHMfU4dArWCdCZHs_1txuXVxB0CZ4DnnHvJHkhmXT9PRQh-PPO84A--zElrKAqgn5g&_nc_ohc=OKfUdCZEYIIQ7kNvwHp4984&_nc_gid=mwQ1icIC6UKrTo2mJ0pmFw&edm=APQMUHMBAAAA&ccb=7-5&oh=00_AfSNH9pDpDvaBuYfjmKTaPqGKT4-A266dJ4FhXdaTMICiQ&oe=689275EF&_nc_sid=6ff7c8,Seguir,mariacandidalimag Maria Lima 8 posts 8 260 260 4.998 4.998,0,0,0,,False,Pública,0,,,False,0,0,0
andrea_chande,,False,https://instagram.fpmw2-1.fna.fbcdn.net/v/t51.2885-19/324285876_156069660513618_8837412328656349585_n.jpg?stp=dst-jpg_s150x150_tt6&efg=eyJ2ZW5jb2RlX3RhZyI6InByb2ZpbGVfcGljLmRqYW5nby4xMDgwLmMyIn0&_nc_ht=instagram.fpmw2-1.fna.fbcdn.net&_nc_cat=106&_nc_oc=Q6cZ2QFAqXIn6XjNb5g_AcMugqT3QP9QyHCsbXCT2y1b1s5iykk9gbG8I3T-qMaU6tqnuEs&_nc_ohc=RpdVaQR_qngQ7kNvwGo4BTi&_nc_gid=T4tvtDeY9ag0T9fHF7O70Q&edm=APQMUHMBAAAA&ccb=7-5&oh=00_AfRhSuT4HoCPY0QXPbQaTomep-yc9DK-3F3e2qzDCx62Ew&oe=689266A1&_nc_sid=6ff7c8,Seguir,andrea_chande Andrea 0 posts 0 1.348 1.348 6.069 6.069 K💙k,0,0,0,https://www.threads.com/@andrea_chande?xmt=AQF0BhavsLppkYSQQFhEVx-vR1sChBe2h7UGMINRlojBRg4,False,Pública,0,,,False,0,0,0
tiagofelix.adv,,False,https://instagram.fpmw2-1.fna.fbcdn.net/v/t51.2885-19/488595219_9524644334282254_5593469512661652187_n.jpg?stp=dst-jpg_s150x150_tt6&efg=eyJ2ZW5jb2RlX3RhZyI6InByb2ZpbGVfcGljLmRqYW5nby4xMDgwLmMyIn0&_nc_ht=instagram.fpmw2-1.fna.fbcdn.net&_nc_cat=110&_nc_oc=Q6cZ2QHMfU4dArWCdCZHs_1txuXVxB0CZ4DnnHvJHkhmXT9PRQh-PPO84A--zElrKAqgn5g&_nc_ohc=DUusLbNuKk4Q7kNvwHupn2I&_nc_gid=mwQ1icIC6UKrTo2mJ0pmFw&edm=APQMUHMBAAAA&ccb=7-5&oh=00_AfTnI8fyMPZCFgBFuLVVlfPskJkD27jAKVXhlRvxMysIfQ&oe=68927A01&_nc_sid=6ff7c8,Seguir,tiagofelix.adv Tiago Felix 45 posts 45 703 703 3.229 3.229,0,0,0,,False,Pública,0,,,False,0,0,0
alexkelly472,,False,https://instagram.fpmw2-1.fna.fbcdn.net/v/t51.2885-19/311284976_3217776095155743_2407508880995002731_n.jpg?stp=dst-jpg_s150x150_tt6&efg=eyJ2ZW5jb2RlX3RhZyI6InByb2ZpbGVfcGljLmRqYW5nby43MjAuYzIifQ&_nc_ht=instagram.fpmw2-1.fna.fbcdn.net&_nc_cat=103&_nc_oc=Q6cZ2QHMfU4dArWCdCZHs_1txuXVxB0CZ4DnnHvJHkhmXT9PRQh-PPO84A--zElrKAqgn5g&_nc_ohc=9J5_fmadzNAQ7kNvwFQlDIY&_nc_gid=mwQ1icIC6UKrTo2mJ0pmFw&edm=APQMUHMBAAAA&ccb=7-5&oh=00_AfQaGjbgTNbumRtdqqv-jsNxskLT2NKbIlLRlDZZkUQG6w&oe=6892883F&_nc_sid=6ff7c8,Seguir,alexkelly472 Alexssamdra Kelly 2 posts 2 175 175 2.534 2.534,0,0,0,,False,Pública,0,,,False,0,0,0
lombardy_01,,False,https://instagram.fpmw2-1.fna.fbcdn.net/v/t51.2885-19/519401352_17876268822375679_5406009400055946538_n.jpg?stp=dst-jpg_s150x150_tt6&efg=eyJ2ZW5jb2RlX3RhZyI6InByb2ZpbGVfcGljLmRqYW5nby4xMDgwLmMyIn0&_nc_ht=instagram.fpmw2-1.fna.fbcdn.net&_nc_cat=107&_nc_oc=Q6cZ2QHMfU4dArWCdCZHs_1txuXVxB0CZ4DnnHvJHkhmXT9PRQh-PPO84A--zElrKAqgn5g&_nc_ohc=g7HMJO_7iLQQ7kNvwFFQtpI&_nc_gid=mwQ1icIC6UKrTo2mJ0pmFw&edm=APQMUHMBAAAA&ccb=7-5&oh=00_AfQwfufP8yM6aa9HyKZCidCvrtAbAoQUF-pqgNQr5La-yg&oe=68928A2B&_nc_sid=6ff7c8,Seguir,,0,0,0,,False,Erro de carregamento,0,,,False,0,0,0
yasmimxk6,,False,https://instagram.fpmw2-1.fna.fbcdn.net/v/t51.2885-19/482219099_2473119359686997_7648334784433755192_n.jpg?stp=dst-jpg_s150x150_tt6&efg=eyJ2ZW5jb2RlX3RhZyI6InByb2ZpbGVfcGljLmRqYW5nby4xMDgwLmMyIn0&_nc_ht=instagram.fpmw2-1.fna.fbcdn.net&_nc_cat=105&_nc_oc=Q6cZ2QHMfU4dArWCdCZHs_1txuXVxB0CZ4DnnHvJHkhmXT9PRQh-PPO84A--zElrKAqgn5g&_nc_ohc=A9rSlJP5JbwQ7kNvwF4ICTT&_nc_gid=mwQ1icIC6UKrTo2mJ0pmFw&edm=APQMUHMBAAAA&ccb=7-5&oh=00_AfR_fMaAx1JGcPbHeLhfwOFQA-2VKaN0bvOqWPSSYyF80Q&oe=6892708E&_nc_sid=6ff7c8,Seguir,,0,0,0,,False,Erro de carregamento,0,,,False,0,0,0
arletefcorrea,,False,https://instagram.fpmw2-1.fna.fbcdn.net/v/t51.2885-19/439972414_772196267984295_43390095183631130_n.jpg?stp=dst-jpg_s150x150_tt6&efg=eyJ2ZW5jb2RlX3RhZyI6InByb2ZpbGVfcGljLmRqYW5nby4xMDgwLmMyIn0&_nc_ht=instagram.fpmw2-1.fna.fbcdn.net&_nc_cat=103&_nc_oc=Q6cZ2QHMfU4dArWCdCZHs_1txuXVxB0CZ4DnnHvJHkhmXT9PRQh-PPO84A--zElrKAqgn5g&_nc_ohc=L7YSB2gDeLUQ7kNvwGxvgjk&_nc_gid=mwQ1icIC6UKrTo2mJ0pmFw&edm=APQMUHMBAAAA&ccb=7-5&oh=00_AfSuI0rswAoOtra0HVyClOxqiRDfsk8mcAOpIz8XQ03vEQ&oe=689289CD&_nc_sid=6ff7c8,Seguir,arletefcorrea Arlete Corrêa 0 posts 0 894 894 4.833 4.833,0,0,0,,False,Pública,0,,,False,0,0,0
castelo.rebeca,,False,https://instagram.fpmw2-1.fna.fbcdn.net/v/t51.2885-19/476264928_1179268830334117_6548094642314851054_n.jpg?stp=dst-jpg_s150x150_tt6&efg=eyJ2ZW5jb2RlX3RhZyI6InByb2ZpbGVfcGljLmRqYW5nby44NTMuYzIifQ&_nc_ht=instagram.fpmw2-1.fna.fbcdn.net&_nc_cat=101&_nc_oc=Q6cZ2QHMfU4dArWCdCZHs_1txuXVxB0CZ4DnnHvJHkhmXT9PRQh-PPO84A--zElrKAqgn5g&_nc_ohc=DHSgueOXsnoQ7kNvwELY-s9&_nc_gid=mwQ1icIC6UKrTo2mJ0pmFw&edm=APQMUHMBAAAA&ccb=7-5&oh=00_AfSNjyqKCwbSrtly1BXepXq7MJvcA7wYa0R4v5-oy6WZrA&oe=68926785&_nc_sid=6ff7c8,Seguir,castelo.rebeca Rebeca Castelo 18 posts 18 260 260 1.568 1.568 Quarentena ❤️,0,0,0,,False,Pública,0,,,False,0,0,0
ayellenbatista96,,False,https://instagram.fpmw2-1.fna.fbcdn.net/v/t51.2885-19/466132565_436479312553088_8818811826125234094_n.jpg?stp=dst-jpg_s150x150_tt6&efg=eyJ2ZW5jb2RlX3RhZyI6InByb2ZpbGVfcGljLmRqYW5nby4xMDgwLmMyIn0&_nc_ht=instagram.fpmw2-1.fna.fbcdn.net&_nc_cat=108&_nc_oc=Q6cZ2QHMfU4dArWCdCZHs_1txuXVxB0CZ4DnnHvJHkhmXT9PRQh-PPO84A--zElrKAqgn5g&_nc_ohc=1D__e3D9_vYQ7kNvwEcGsQy&_nc_gid=mwQ1icIC6UKrTo2mJ0pmFw&edm=APQMUHMBAAAA&ccb=7-5&oh=00_AfRRgKiA9zmT6a8D4T2th24kvQdTYtpl6wZChBueSCnhvQ&oe=68926A35&_nc_sid=6ff7c8,Seguir,ayellenbatista96 Ayellen Batista 0 posts 0 86 86 4.969 4.969,0,0,0,,False,Pública,0,,,False,0,0,0
divabr09,,False,https://instagram.fpmw2-1.fna.fbcdn.net/v/t51.2885-19/526233968_17866193697426202_7390874305884021839_n.jpg?stp=dst-jpg_s150x150_tt6&efg=eyJ2ZW5jb2RlX3RhZyI6InByb2ZpbGVfcGljLmRqYW5nby4xMDgwLmMyIn0&_nc_ht=instagram.fpmw2-1.fna.fbcdn.net&_nc_cat=110&_nc_oc=Q6cZ2QHMfU4dArWCdCZHs_1txuXVxB0CZ4DnnHvJHkhmXT9PRQh-PPO84A--zElrKAqgn5g&_nc_ohc=6xPUp1bJlvUQ7kNvwE0jWyx&_nc_gid=mwQ1icIC6UKrTo2mJ0pmFw&edm=APQMUHMBAAAA&ccb=7-5&oh=00_AfQxfWXpka3TPub6X7hPZ0bIiyJPktckfx4fe5727eXmSQ&oe=68929499&_nc_sid=6ff7c8,Seguir,,0,0,0,,False,Erro de carregamento,0,,,False,0,0,0
anaa__.rosa,,False,https://instagram.fpmw2-1.fna.fbcdn.net/v/t51.2885-19/519687107_17955721988973634_435666673830687302_n.jpg?stp=dst-jpg_s150x150_tt6&efg=eyJ2ZW5jb2RlX3RhZyI6InByb2ZpbGVfcGljLmRqYW5nby4xMDYyLmMyIn0&_nc_ht=instagram.fpmw2-1.fna.fbcdn.net&_nc_cat=110&_nc_oc=Q6cZ2QHMfU4dArWCdCZHs_1txuXVxB0CZ4DnnHvJHkhmXT9PRQh-PPO84A--zElrKAqgn5g&_nc_ohc=0KSX30slInEQ7kNvwHgaP8M&_nc_gid=mwQ1icIC6UKrTo2mJ0pmFw&edm=APQMUHMBAAAA&ccb=7-5&oh=00_AfTdOsUQg20r-MkqWe_6__Vld2yPn1G5giqywphsA1laEQ&oe=68926633&_nc_sid=6ff7c8,Seguir,,0,0,0,,False,Erro de carregamento,0,,,False,0,0,0
kellita_lacerda,,False,https://instagram.fpmw2-1.fna.fbcdn.net/v/t51.2885-19/472502478_1693914424487510_5899902736713122017_n.jpg?stp=dst-jpg_s150x150_tt6&efg=eyJ2ZW5jb2RlX3RhZyI6InByb2ZpbGVfcGljLmRqYW5nby4xMDgwLmMyIn0&_nc_ht=instagram.fpmw2-1.fna.fbcdn.net&_nc_cat=102&_nc_oc=Q6cZ2QHHpt4nt15cesrDjctVjrdbK0kKI1ZUCzDcVeAWTZ-U7RuJLdcynU2ozNKUUCsnepY&_nc_ohc=WDzl0UVYd-0Q7kNvwEAR12A&_nc_gid=y8i5m03x7nG6qYDd-_0eZQ&edm=APQMUHMBAAAA&ccb=7-5&oh=00_AfRXmuAnq05BqcB00ZnDphMJ92fRXlJoqn7dpUCox0lJlQ&oe=68928EF7&_nc_sid=6ff7c8,Seguir,"kellita_lacerda 🍃Kellita Lacerda 🍃 66 posts 66 110 110 99 99 Mãe do Guilherme /Casada💍💙👩‍❤️‍👨 💒CCB♥️ 🌵🌻🍀Mude suas opiniões, mantenha seus princípios,Troque suas folhas mas sempre... mais Mãe do Guilherme /Casada💍💙👩‍❤️‍👨 💒CCB♥️ 🌵🌻🍀Mude suas opiniões, mantenha seus princípios,Troque suas folhas mas sempre ... mais mais",0,0,0,,False,Pública,0,,,False,0,0,0
rosana__donadio,,False,https://instagram.fpmw2-1.fna.fbcdn.net/v/t51.2885-19/425144298_404071462099975_2201334414288540080_n.jpg?stp=dst-jpg_s150x150_tt6&efg=eyJ2ZW5jb2RlX3RhZyI6InByb2ZpbGVfcGljLmRqYW5nby4xMDgwLmMyIn0&_nc_ht=instagram.fpmw2-1.fna.fbcdn.net&_nc_cat=107&_nc_oc=Q6cZ2QHlHx__i_k4s3ajC6XdT4d0wiR1htED-KvJNh8fjWWAXCH9hjmWVe0CM9CISNbNEL0&_nc_ohc=p5yCaRH6UG4Q7kNvwHyClK3&_nc_gid=tiUYZY4D1f43FM5kasw6eg&edm=APQMUHMBAAAA&ccb=7-5&oh=00_AfTXHwyVEuh17dGeMO1lLCAzKkzzRMwSqXukzbyEHB_ibw&oe=6892778D&_nc_sid=6ff7c8,Seguir,rosana__donadio Rosana Donadio 7 posts 7 189 189 980 980,0,0,0,https://www.threads.com/@rosana__donadio?xmt=AQF02CVGIlud7aQegQho20lstBheF8sdy2-mqXOUqqsZQ4Y,False,Pública,0,,,False,0,0,0
annabmaciel,,False,https://instagram.fpmw2-1.fna.fbcdn.net/v/t51.2885-19/383042650_1577200339478380_7697357518909292113_n.jpg?stp=dst-jpg_s150x150_tt6&efg=eyJ2ZW5jb2RlX3RhZyI6InByb2ZpbGVfcGljLmRqYW5nby44ODEuYzIifQ&_nc_ht=instagram.fpmw2-1.fna.fbcdn.net&_nc_cat=104&_nc_oc=Q6cZ2QHlHx__i_k4s3ajC6XdT4d0wiR1htED-KvJNh8fjWWAXCH9hjmWVe0CM9CISNbNEL0&_nc_ohc=KpCAEhUZdCAQ7kNvwGmxrEN&_nc_gid=tiUYZY4D1f43FM5kasw6eg&edm=APQMUHMBAAAA&ccb=7-5&oh=00_AfT3yWlEc0YvAddDZ1M1wcQUAZE7HEh56I1eTRYrsYnkrw&oe=689286E4&_nc_sid=6ff7c8,Seguir,annabmaciel Anna Beatriz Maciel de Queiroz 76 posts 76 1.213 1.213 2.270 2.270 ⚕️,0,0,0,,False,Pública,0,,,False,0,0,0
paola_avelino_,,False,https://instagram.fpmw2-1.fna.fbcdn.net/v/t51.2885-19/361820721_602917768694005_3680678857484963655_n.jpg?stp=dst-jpg_s150x150_tt6&efg=eyJ2ZW5jb2RlX3RhZyI6InByb2ZpbGVfcGljLmRqYW5nby43MjAuYzIifQ&_nc_ht=instagram.fpmw2-1.fna.fbcdn.net&_nc_cat=101&_nc_oc=Q6cZ2QHlHx__i_k4s3ajC6XdT4d0wiR1htED-KvJNh8fjWWAXCH9hjmWVe0CM9CISNbNEL0&_nc_ohc=tZrJSzxo8x4Q7kNvwGv1FX2&_nc_gid=tiUYZY4D1f43FM5kasw6eg&edm=APQMUHMBAAAA&ccb=7-5&oh=00_AfQAaF2QYg-5zv6FFRHD1mdcR0g2M2gIJd557mAHNf2CeQ&oe=6892704E&_nc_sid=6ff7c8,Seguir,paola_avelino_ Paola Avelino 107 posts 107 1.097 1.097 1.177 1.177 @victor_f.dias 👩‍❤️‍👨 Bailarina👯❤️,0,0,0,,False,Pública,0,,,False,0,0,0
paulosrg8,,False,https://instagram.fpmw2-1.fna.fbcdn.net/v/t51.2885-19/491442048_2477061532685925_4323359335226964162_n.jpg?stp=dst-jpg_s150x150_tt6&efg=eyJ2ZW5jb2RlX3RhZyI6InByb2ZpbGVfcGljLmRqYW5nby4xMDgwLmMyIn0&_nc_ht=instagram.fpmw2-1.fna.fbcdn.net&_nc_cat=109&_nc_oc=Q6cZ2QHHpt4nt15cesrDjctVjrdbK0kKI1ZUCzDcVeAWTZ-U7RuJLdcynU2ozNKUUCsnepY&_nc_ohc=iXfHRHLC2nYQ7kNvwHXiCSM&_nc_gid=y8i5m03x7nG6qYDd-_0eZQ&edm=APQMUHMBAAAA&ccb=7-5&oh=00_AfQk8l7DnCK_yD-W60iZ-FdGKxFzGwzXRgJD1iDY4roNuw&oe=689289F4&_nc_sid=6ff7c8,Seguir,paulosrg8 Paulo Sérgio 155 posts 155 1.667 1.667 1.674 1.674 26 🔺 5Km🔓 10km🔓 21Km🔓 🇵🇾 🇵🇪 🇺🇾 🇪🇨 🇨🇱 🇺🇸,0,0,0,https://www.threads.com/@paulosrg8?xmt=AQF0C7G-JweJ4mGVbXOBzxiepxXN035KOSJqijnCl7jhOgs,False,Pública,0,,,False,0,0,0
darlenecumbana,,False,https://instagram.fpmw2-1.fna.fbcdn.net/v/t51.2885-19/473652043_1805351206908486_1515292379470972187_n.jpg?stp=dst-jpg_s150x150_tt6&efg=eyJ2ZW5jb2RlX3RhZyI6InByb2ZpbGVfcGljLmRqYW5nby4xMDgwLmMyIn0&_nc_ht=instagram.fpmw2-1.fna.fbcdn.net&_nc_cat=106&_nc_oc=Q6cZ2QHHpt4nt15cesrDjctVjrdbK0kKI1ZUCzDcVeAWTZ-U7RuJLdcynU2ozNKUUCsnepY&_nc_ohc=3VVs-2h4szgQ7kNvwH2nQQf&_nc_gid=y8i5m03x7nG6qYDd-_0eZQ&edm=APQMUHMBAAAA&ccb=7-5&oh=00_AfQs_pGMZuTcGQD8icN_GUsZONk7quM3n8lQXWIl0Fpbfg&oe=6892780F&_nc_sid=6ff7c8,Seguir,darlenecumbana Darlene Cumbana 123 posts 123 481 481 1.617 1.617 Ciências do Desporto 🎓 Especialização em Exercício e Saúde 🎓 Nutrição Desportiva 🎓 Pisces ♓,0,0,0,,False,Pública,0,,,False,0,0,0
si.mone7011,,False,https://instagram.fpmw2-1.fna.fbcdn.net/v/t51.2885-19/50130276_935501373321844_1983590466238545920_n.jpg?stp=dst-jpg_s150x150_tt6&efg=eyJ2ZW5jb2RlX3RhZyI6InByb2ZpbGVfcGljLmRqYW5nby42NDAuYzIifQ&_nc_ht=instagram.fpmw2-1.fna.fbcdn.net&_nc_cat=104&_nc_oc=Q6cZ2QHlHx__i_k4s3ajC6XdT4d0wiR1htED-KvJNh8fjWWAXCH9hjmWVe0CM9CISNbNEL0&_nc_ohc=g0WZfbrx_DoQ7kNvwF63XPs&_nc_gid=tiUYZY4D1f43FM5kasw6eg&edm=APQMUHMBAAAA&ccb=7-5&oh=00_AfTFVSbyRnJRpngwfgjtVvdarC-91sgFJweNVxr_ChjbJw&oe=68926D16&_nc_sid=6ff7c8,Seguir,,0,0,0,,False,Erro inesperado,0,,,False,0,0,0
lucinda.ferreira.73700,,False,https://instagram.fpmw2-1.fna.fbcdn.net/v/t51.2885-19/145464143_120044500000450_5469893886899064850_n.jpg?stp=dst-jpg_s150x150_tt6&efg=eyJ2ZW5jb2RlX3RhZyI6InByb2ZpbGVfcGljLmRqYW5nby43MjAuYzIifQ&_nc_ht=instagram.fpmw2-1.fna.fbcdn.net&_nc_cat=110&_nc_oc=Q6cZ2QHlHx__i_k4s3ajC6XdT4d0wiR1htED-KvJNh8fjWWAXCH9hjmWVe0CM9CISNbNEL0&_nc_ohc=nhvFmQbbMhEQ7kNvwFcyTYP&_nc_gid=tiUYZY4D1f43FM5kasw6eg&edm=APQMUHMBAAAA&ccb=7-5&oh=00_AfRQZpIN9WR92NxMxWRzXjU_SJE90IM2DwYBt1TKASIfHg&oe=68927FF7&_nc_sid=6ff7c8,Seguir,lucinda.ferreira.73700 Lucinda Ferreira 0 posts 0 249 249 7.491 7.491,0,0,0,,False,Pública,0,,,False,0,0,0
dra_cinthya7791,,False,https://instagram.fpmw2-1.fna.fbcdn.net/v/t51.2885-19/490388728_17928673506023634_2128861977045955156_n.jpg?stp=dst-jpg_s150x150_tt6&efg=eyJ2ZW5jb2RlX3RhZyI6InByb2ZpbGVfcGljLmRqYW5nby45OTAuYzIifQ&_nc_ht=instagram.fpmw2-1.fna.fbcdn.net&_nc_cat=106&_nc_oc=Q6cZ2QHHpt4nt15cesrDjctVjrdbK0kKI1ZUCzDcVeAWTZ-U7RuJLdcynU2ozNKUUCsnepY&_nc_ohc=wv77cl1G5EUQ7kNvwHI2HfB&_nc_gid=y8i5m03x7nG6qYDd-_0eZQ&edm=APQMUHMBAAAA&ccb=7-5&oh=00_AfTvJseOLhVw6ytC4DKVpi_Gl7CBRy0MMhk61drUJ9lFcA&oe=6892726E&_nc_sid=6ff7c8,Seguir,,0,0,0,,False,Erro inesperado,0,,,False,0,0,0
minininha,,False,https://instagram.fpmw2-1.fna.fbcdn.net/v/t51.2885-19/426097554_943045120139530_2717273520513855261_n.jpg?stp=dst-jpg_s150x150_tt6&efg=eyJ2ZW5jb2RlX3RhZyI6InByb2ZpbGVfcGljLmRqYW5nby41NDQuYzIifQ&_nc_ht=instagram.fpmw2-1.fna.fbcdn.net&_nc_cat=110&_nc_oc=Q6cZ2QHHpt4nt15cesrDjctVjrdbK0kKI1ZUCzDcVeAWTZ-U7RuJLdcynU2ozNKUUCsnepY&_nc_ohc=ygKeXCz3itkQ7kNvwEBR7bh&_nc_gid=y8i5m03x7nG6qYDd-_0eZQ&edm=APQMUHMBAAAA&ccb=7-5&oh=00_AfTmvR4QKiWVTp0k53YKLwfxRN3M6y9zfaRoHmtijdCWug&oe=6892819A&_nc_sid=6ff7c8,Seguir,minininha Layd Gi 87 posts 87 184 184 895 895,0,0,0,https://www.threads.com/@minininha?xmt=AQF0asW9vkek0RndI4SWaXq2iYf1Rrg-h6zpxyvpojtzWGQ,False,Pública,0,,,False,0,0,0
carlacpini,,False,https://instagram.fpmw2-1.fna.fbcdn.net/v/t51.2885-19/476035685_1648488739431280_7745290801799413448_n.jpg?stp=dst-jpg_s150x150_tt6&efg=eyJ2ZW5jb2RlX3RhZyI6InByb2ZpbGVfcGljLmRqYW5nby4zMjAuYzIifQ&_nc_ht=instagram.fpmw2-1.fna.fbcdn.net&_nc_cat=104&_nc_oc=Q6cZ2QHHpt4nt15cesrDjctVjrdbK0kKI1ZUCzDcVeAWTZ-U7RuJLdcynU2ozNKUUCsnepY&_nc_ohc=MZWD1Q3gJMsQ7kNvwHs01H6&_nc_gid=y8i5m03x7nG6qYDd-_0eZQ&edm=APQMUHMBAAAA&ccb=7-5&oh=00_AfTJCpofMy7hhEZyK4-iciqjThoC414vj9Fm3YKUthV8GQ&oe=68928018&_nc_sid=6ff7c8,Seguir,"carlacpini Carla C Pini 125 posts 125 936 936 7.470 7.470 Nem força, Nem impulso! Apenas Estratégia! Simplicidade e sutileza são a arte 🖼️ ⚖️",0,0,0,,False,Pública,0,,,False,0,0,0
alynne_45,,False,https://instagram.fpmw2-1.fna.fbcdn.net/v/t51.2885-19/522359087_17847604221525156_7623276686905661706_n.jpg?stp=dst-jpg_s150x150_tt6&efg=eyJ2ZW5jb2RlX3RhZyI6InByb2ZpbGVfcGljLmRqYW5nby43MjAuYzIifQ&_nc_ht=instagram.fpmw2-1.fna.fbcdn.net&_nc_cat=100&_nc_oc=Q6cZ2QHHpt4nt15cesrDjctVjrdbK0kKI1ZUCzDcVeAWTZ-U7RuJLdcynU2ozNKUUCsnepY&_nc_ohc=mq8IT7AivcgQ7kNvwGx0X18&_nc_gid=y8i5m03x7nG6qYDd-_0eZQ&edm=APQMUHMBAAAA&ccb=7-5&oh=00_AfQ-LP0nRbJ7JZUICVy0bOgizpI8sFlVhTx6vRW4HqTHTQ&oe=68925D4B&_nc_sid=6ff7c8,Seguir,alynne_45 alyne Silva 2 posts 2 66 66 3.653 3.653 Belém PA 🇧🇷 BTS EN I love,0,0,0,https://www.threads.com/@alynne_45?xmt=AQF0_vjACcA6t2LoiVM4MIEYH8kCmoAjJq9RaX2xmJlA2bg,False,Pública,0,,,False,0,0,0
lillafernandes,,False,https://instagram.fpmw2-1.fna.fbcdn.net/v/t51.2885-19/524456570_18410724055129861_6501533217903465823_n.jpg?stp=dst-jpg_s150x150_tt6&efg=eyJ2ZW5jb2RlX3RhZyI6InByb2ZpbGVfcGljLmRqYW5nby4xMDgwLmMyIn0&_nc_ht=instagram.fpmw2-1.fna.fbcdn.net&_nc_cat=101&_nc_oc=Q6cZ2QHHpt4nt15cesrDjctVjrdbK0kKI1ZUCzDcVeAWTZ-U7RuJLdcynU2ozNKUUCsnepY&_nc_ohc=iUlvhZ2nixYQ7kNvwEdovxs&_nc_gid=y8i5m03x7nG6qYDd-_0eZQ&edm=APQMUHMBAAAA&ccb=7-5&oh=00_AfQ8A1_qnK2LvdRzC_6gggfC48i4S4MXsOOtiSo1lf_bQg&oe=689284A8&_nc_sid=6ff7c8,Seguir,lillafernandes 21 posts 21 344 344 1.011 1.011,0,0,0,,False,Pública,0,,,False,0,0,0
gabitrentin_,,False,https://instagram.fpmw2-1.fna.fbcdn.net/v/t51.2885-19/464199364_484172144021563_8448870363823955312_n.jpg?stp=dst-jpg_s150x150_tt6&efg=eyJ2ZW5jb2RlX3RhZyI6InByb2ZpbGVfcGljLmRqYW5nby4xMDgwLmMyIn0&_nc_ht=instagram.fpmw2-1.fna.fbcdn.net&_nc_cat=107&_nc_oc=Q6cZ2QHHpt4nt15cesrDjctVjrdbK0kKI1ZUCzDcVeAWTZ-U7RuJLdcynU2ozNKUUCsnepY&_nc_ohc=U6yNYUcLdtEQ7kNvwGYYHdH&_nc_gid=y8i5m03x7nG6qYDd-_0eZQ&edm=APQMUHMBAAAA&ccb=7-5&oh=00_AfQ6FTKEL6YvydyKKqZVsgu_r3UlXG_6Z6LfXI8kY08koQ&oe=689284AF&_nc_sid=6ff7c8,Seguir,gabitrentin_ Gabriela Trentin 29 posts 29 1.474 1.474 1.668 1.668 DF | GO | 💍 | Biomédica patologista clínica👩🏻‍🔬🩸,0,0,0,,False,Pública,0,,,False,0,0,0
jaci_nascimento,,False,https://instagram.fpmw2-1.fna.fbcdn.net/v/t51.2885-19/471971779_1615908812341630_7884890473637327526_n.jpg?stp=dst-jpg_s150x150_tt6&efg=eyJ2ZW5jb2RlX3RhZyI6InByb2ZpbGVfcGljLmRqYW5nby4xMDgwLmMyIn0&_nc_ht=instagram.fpmw2-1.fna.fbcdn.net&_nc_cat=110&_nc_oc=Q6cZ2QHHpt4nt15cesrDjctVjrdbK0kKI1ZUCzDcVeAWTZ-U7RuJLdcynU2ozNKUUCsnepY&_nc_ohc=hGILTZIp8BkQ7kNvwGsA25j&_nc_gid=y8i5m03x7nG6qYDd-_0eZQ&edm=APQMUHMBAAAA&ccb=7-5&oh=00_AfSqq8rRz9QaLvk6SA2IV2frHCxo6ev2LVrgIEzKFGW-6Q&oe=68927DA7&_nc_sid=6ff7c8,Seguir,jaci_nascimento Jaciane Nascimento 42 posts 42 2.331 2.331 1.795 1.795 👩🏽‍🌾🐞Agrônoma e Mestra 👩🏽‍🔬 Doutoranda em Fitossanidade,0,0,0,,False,Pública,0,,,False,0,0,0
eliza_santos1103,,False,https://instagram.fpmw2-1.fna.fbcdn.net/v/t51.2885-19/518005422_17973385412872395_8441199236205244301_n.jpg?stp=dst-jpg_s150x150_tt6&efg=eyJ2ZW5jb2RlX3RhZyI6InByb2ZpbGVfcGljLmRqYW5nby4xMDgwLmMyIn0&_nc_ht=instagram.fpmw2-1.fna.fbcdn.net&_nc_cat=103&_nc_oc=Q6cZ2QHHpt4nt15cesrDjctVjrdbK0kKI1ZUCzDcVeAWTZ-U7RuJLdcynU2ozNKUUCsnepY&_nc_ohc=d_nBeVYkpBUQ7kNvwHfYwLv&_nc_gid=y8i5m03x7nG6qYDd-_0eZQ&edm=APQMUHMBAAAA&ccb=7-5&oh=00_AfQxdEPUE7EqVoKVuL7TBducsizTUHVqD9JAv34rgmmMUw&oe=68927409&_nc_sid=6ff7c8,Seguir,eliza_santos1103 Liza💫 2 posts 2 134 134 836 836 ST-𝙼𝙶 𝙲𝐫𝐢𝐬𝐭𝐚̃-ℂℂ𝔹 16y✨ Just Me🦋,0,0,0,,False,Pública,0,,,False,0,0,0
pvd_emilly153736,,False,https://instagram.fpmw2-1.fna.fbcdn.net/v/t51.2885-19/516470850_17908059843178557_5573059881799741984_n.jpg?stp=dst-jpg_s150x150_tt6&efg=eyJ2ZW5jb2RlX3RhZyI6InByb2ZpbGVfcGljLmRqYW5nby4xMDgwLmMyIn0&_nc_ht=instagram.fpmw2-1.fna.fbcdn.net&_nc_cat=109&_nc_oc=Q6cZ2QHi9v5HzsDlFhBTpA9BwDi0e4s0o_KaHbvp3Khg-ITt1U2jHegkZKsNRGCxHFAEKV4&_nc_ohc=Om7LMPLXc2wQ7kNvwG4ayt_&_nc_gid=aCxGqn5PMrRiOuvZfWqrkg&edm=APQMUHMBAAAA&ccb=7-5&oh=00_AfRam-Vuu3aOB24SvZ1HZFlzgmvh8wfwQKu0gUe3stj-Lg&oe=68928AA3&_nc_sid=6ff7c8,Seguir,pvd_emilly153736 Emilly ela/dela Emilly ela/dela 0 posts 0 229 229 7.447 7.447,0,0,0,,False,Pública,0,,,False,0,0,0
emanuele_macluf,,False,https://instagram.fpmw2-1.fna.fbcdn.net/v/t51.2885-19/491277310_1343236756726242_8888086255133980182_n.jpg?stp=dst-jpg_s150x150_tt6&efg=eyJ2ZW5jb2RlX3RhZyI6InByb2ZpbGVfcGljLmRqYW5nby4xMDgwLmMyIn0&_nc_ht=instagram.fpmw2-1.fna.fbcdn.net&_nc_cat=106&_nc_oc=Q6cZ2QHi9v5HzsDlFhBTpA9BwDi0e4s0o_KaHbvp3Khg-ITt1U2jHegkZKsNRGCxHFAEKV4&_nc_ohc=e6b-Q5AVHAAQ7kNvwGomNcN&_nc_gid=aCxGqn5PMrRiOuvZfWqrkg&edm=APQMUHMBAAAA&ccb=7-5&oh=00_AfT77xgiulil27kohGMC5W_r77HblGbpIO5sd3yIKfx5cw&oe=689268BC&_nc_sid=6ff7c8,Seguir,"emanuele_macluf Emɑnuele ❥ 6 posts 6 480 480 3.881 3.881 💍 ""A fauna silvestre e a Mulher Selvagem são espécies em risco de extinção""",0,0,0,,False,Pública,0,,,False,0,0,0
juh._peixoto,,False,https://instagram.fpmw2-1.fna.fbcdn.net/v/t51.2885-19/488291886_1748290802749267_9217593190159663100_n.jpg?stp=dst-jpg_s150x150_tt6&efg=eyJ2ZW5jb2RlX3RhZyI6InByb2ZpbGVfcGljLmRqYW5nby4xMDgwLmMyIn0&_nc_ht=instagram.fpmw2-1.fna.fbcdn.net&_nc_cat=107&_nc_oc=Q6cZ2QHi9v5HzsDlFhBTpA9BwDi0e4s0o_KaHbvp3Khg-ITt1U2jHegkZKsNRGCxHFAEKV4&_nc_ohc=rwP_d2MhtboQ7kNvwG3EIhr&_nc_gid=aCxGqn5PMrRiOuvZfWqrkg&edm=APQMUHMBAAAA&ccb=7-5&oh=00_AfSEgv4AeiQeRHk7OT3BWO7AfP4dBnsznbvEDKEkVMjJMQ&oe=689267D7&_nc_sid=6ff7c8,Seguir,juh._peixoto Juliana Peixoto 4 posts 4 497 497 7.281 7.281 🕊️|Saved by grace 💜|Life goes on ❤️|Flamengo 🖤,0,0,0,https://www.threads.com/@juh._peixoto?xmt=AQF0PvSWK68yqg3JsbohglT0QlnTAsu4bfuDlQIW0qOv8ec,False,Pública,0,,,False,0,0,0
palucangolana,,False,https://instagram.fpmw2-1.fna.fbcdn.net/v/t51.2885-19/277219958_378542960546116_1075423135664885216_n.jpg?stp=dst-jpg_s150x150_tt6&efg=eyJ2ZW5jb2RlX3RhZyI6InByb2ZpbGVfcGljLmRqYW5nby4xMDgwLmMyIn0&_nc_ht=instagram.fpmw2-1.fna.fbcdn.net&_nc_cat=104&_nc_oc=Q6cZ2QHi9v5HzsDlFhBTpA9BwDi0e4s0o_KaHbvp3Khg-ITt1U2jHegkZKsNRGCxHFAEKV4&_nc_ohc=eVOEQWWmcssQ7kNvwFzmzOG&_nc_gid=aCxGqn5PMrRiOuvZfWqrkg&edm=APQMUHMBAAAA&ccb=7-5&oh=00_AfRrUb3i3J3y-jv8rxVG2FGHEov2MVR3blL32vIUIiL3qw&oe=68926A54&_nc_sid=6ff7c8,Seguir,palucangolana Paula Amaral 5 posts 5 259 259 1.492 1.492,0,0,0,https://www.threads.com/@palucangolana?xmt=AQF0Tn-Px6E1vFXK78c8_EQX-Qzw0U1xVu4TBCZhoFGAjGY,False,Pública,0,,,False,0,0,0
cleia27284,,False,https://scontent-bos5-1.cdninstagram.com/v/t51.2885-19/464760996_1254146839119862_3605321457742435801_n.png?stp=dst-jpg_e0_s150x150_tt6&cb=8577c754-c2464923&efg=eyJ2ZW5jb2RlX3RhZyI6InByb2ZpbGVfcGljLmRqYW5nby4xNTAuYzIifQ&_nc_ht=scontent-bos5-1.cdninstagram.com&_nc_cat=1&_nc_oc=Q6cZ2QE2kTI85UDn4ISmYqJ9XqHIUZmtYMg9p7hwJL0-mluKLQi6fR_P8fu91_1JIv5kruoxMwqpzRLwFpL-cEl9jsE5&_nc_ohc=cmGW-gSOmkoQ7kNvwG1HIV-&_nc_gid=x30oCZkPrHuLyprENWbNlw&edm=AN4AFLYBAAAA&ccb=7-5&ig_cache_key=YW5vbnltb3VzX3Byb2ZpbGVfcGlj.3-ccb7-5-cb8577c754-c2464923&oh=00_AfR1fZxgTD9xBpNQDaoucehOrzsWJWyoGqq7j_AduE9Hwg&oe=68928E28&_nc_sid=e93f8f,Seguir,cleia27284 Cleia Miranda 0 posts 0 11 11 85 85,0,0,0,,False,Pública,0,,,False,0,0,0
desativado.01190,,False,https://scontent-bos5-1.cdninstagram.com/v/t51.2885-19/464760996_1254146839119862_3605321457742435801_n.png?stp=dst-jpg_e0_s150x150_tt6&cb=8577c754-c2464923&efg=eyJ2ZW5jb2RlX3RhZyI6InByb2ZpbGVfcGljLmRqYW5nby4xNTAuYzIifQ&_nc_ht=scontent-bos5-1.cdninstagram.com&_nc_cat=1&_nc_oc=Q6cZ2QE2kTI85UDn4ISmYqJ9XqHIUZmtYMg9p7hwJL0-mluKLQi6fR_P8fu91_1JIv5kruoxMwqpzRLwFpL-cEl9jsE5&_nc_ohc=cmGW-gSOmkoQ7kNvwG1HIV-&_nc_gid=x30oCZkPrHuLyprENWbNlw&edm=AN4AFLYBAAAA&ccb=7-5&ig_cache_key=YW5vbnltb3VzX3Byb2ZpbGVfcGlj.3-ccb7-5-cb8577c754-c2464923&oh=00_AfR1fZxgTD9xBpNQDaoucehOrzsWJWyoGqq7j_AduE9Hwg&oe=68928E28&_nc_sid=e93f8f,Seguir,0 posts 0 0 565 565,0,0,0,,False,Pública,0,,,False,0,0,0
josianecerqueirasantana,,False,https://instagram.fpmw2-1.fna.fbcdn.net/v/t51.2885-19/437116287_799278734921787_1142768624905853350_n.jpg?stp=dst-jpg_s150x150_tt6&efg=eyJ2ZW5jb2RlX3RhZyI6InByb2ZpbGVfcGljLmRqYW5nby4xMDgwLmMyIn0&_nc_ht=instagram.fpmw2-1.fna.fbcdn.net&_nc_cat=103&_nc_oc=Q6cZ2QHi9v5HzsDlFhBTpA9BwDi0e4s0o_KaHbvp3Khg-ITt1U2jHegkZKsNRGCxHFAEKV4&_nc_ohc=dmbqNVI4svgQ7kNvwEemHjC&_nc_gid=aCxGqn5PMrRiOuvZfWqrkg&edm=APQMUHMBAAAA&ccb=7-5&oh=00_AfRpkslgxEZaLeXEMwvJeYtXLK5qWjjpy_9WOPZzoA-cAg&oe=6892604F&_nc_sid=6ff7c8,Seguir,josianecerqueirasantana Josiane Santana 3 posts 3 125 125 1.398 1.398,0,0,0,https://www.threads.com/@josianecerqueirasantana?xmt=AQF0Xi365BXVR5hNRjG09jMluPpbajS8peYBCi6fcyC3g8g,False,Pública,0,,,False,0,0,0
ingridcampiott,,False,https://instagram.fpmw2-1.fna.fbcdn.net/v/t51.2885-19/496820907_18066301147984333_7795490942600854457_n.jpg?stp=dst-jpg_s150x150_tt6&efg=eyJ2ZW5jb2RlX3RhZyI6InByb2ZpbGVfcGljLmRqYW5nby4xMDgwLmMyIn0&_nc_ht=instagram.fpmw2-1.fna.fbcdn.net&_nc_cat=101&_nc_oc=Q6cZ2QHi9v5HzsDlFhBTpA9BwDi0e4s0o_KaHbvp3Khg-ITt1U2jHegkZKsNRGCxHFAEKV4&_nc_ohc=mFenN3LEwNAQ7kNvwFWCQGu&_nc_gid=aCxGqn5PMrRiOuvZfWqrkg&edm=APQMUHMBAAAA&ccb=7-5&oh=00_AfREeF-rFm1lE-MZCOLFMe-fSrf1mLnUHl64KtK8g-8g-Q&oe=68925DA1&_nc_sid=6ff7c8,Seguir,ingridcampiott Ingrid Campiotto 55 posts 55 505 505 2.204 2.204,0,0,0,,False,Pública,0,,,False,0,0,0
quelmarquesrios,,False,https://instagram.fpmw2-1.fna.fbcdn.net/v/t51.2885-19/292665507_5356344437754918_7854008495221982704_n.jpg?stp=dst-jpg_s150x150_tt6&efg=eyJ2ZW5jb2RlX3RhZyI6InByb2ZpbGVfcGljLmRqYW5nby4xMDgwLmMyIn0&_nc_ht=instagram.fpmw2-1.fna.fbcdn.net&_nc_cat=106&_nc_oc=Q6cZ2QHi9v5HzsDlFhBTpA9BwDi0e4s0o_KaHbvp3Khg-ITt1U2jHegkZKsNRGCxHFAEKV4&_nc_ohc=-HWGPKy0kAQQ7kNvwE0X3zV&_nc_gid=aCxGqn5PMrRiOuvZfWqrkg&edm=APQMUHMBAAAA&ccb=7-5&oh=00_AfTTuacfnNQAaaVitiN84WjbpuQXFsafGZ_cwFNyNc_9Zw&oe=68926395&_nc_sid=6ff7c8,Seguir,quelmarquesrios Raquel Marques Rios 179 posts 179 1.040 1.040 1.426 1.426,0,0,0,,False,Pública,0,,,False,0,0,0
tathy_happy,,False,https://instagram.fpmw2-1.fna.fbcdn.net/v/t51.2885-19/295207253_624978208971065_9215199215975041238_n.jpg?stp=dst-jpg_s150x150_tt6&efg=eyJ2ZW5jb2RlX3RhZyI6InByb2ZpbGVfcGljLmRqYW5nby45NTkuYzIifQ&_nc_ht=instagram.fpmw2-1.fna.fbcdn.net&_nc_cat=105&_nc_oc=Q6cZ2QHi9v5HzsDlFhBTpA9BwDi0e4s0o_KaHbvp3Khg-ITt1U2jHegkZKsNRGCxHFAEKV4&_nc_ohc=2Z0vTRskuZAQ7kNvwErDT_2&_nc_gid=aCxGqn5PMrRiOuvZfWqrkg&edm=APQMUHMBAAAA&ccb=7-5&oh=00_AfRoD37-XHFE2R8gqopxxScoeQ6ADB_WghjIuVxyqYxFRg&oe=68925D35&_nc_sid=6ff7c8,Seguir,tathy_happy Tatyane Kelly 2.272 posts 2.272 217 217 1.165 1.165 Felicidade sempre 😍🌷,0,0,0,,False,Pública,0,,,False,0,0,0
acarlassilva,,False,https://instagram.fpmw2-1.fna.fbcdn.net/v/t51.2885-19/494370007_17863717317388531_2926001622296534907_n.jpg?stp=dst-jpg_s150x150_tt6&efg=eyJ2ZW5jb2RlX3RhZyI6InByb2ZpbGVfcGljLmRqYW5nby4xMDgwLmMyIn0&_nc_ht=instagram.fpmw2-1.fna.fbcdn.net&_nc_cat=107&_nc_oc=Q6cZ2QHi9v5HzsDlFhBTpA9BwDi0e4s0o_KaHbvp3Khg-ITt1U2jHegkZKsNRGCxHFAEKV4&_nc_ohc=CmZIr_8WyGYQ7kNvwH13w7i&_nc_gid=aCxGqn5PMrRiOuvZfWqrkg&edm=APQMUHMBAAAA&ccb=7-5&oh=00_AfSnAb6mGqABeC61tTdLUqItC85b1IOgYl_AhSEcEcEd6w&oe=6892840D&_nc_sid=6ff7c8,Seguir,acarlassilva Ana Carla 3 posts 3 38 38 3.550 3.550 Salmos 126:1-2 🧸💙,0,0,0,,False,Pública,0,,,False,0,0,0
santoss_cecilia098,,False,https://instagram.fpmw2-1.fna.fbcdn.net/v/t51.2885-19/503055874_17876764254343368_9045832116229190932_n.jpg?stp=dst-jpg_s150x150_tt6&efg=eyJ2ZW5jb2RlX3RhZyI6InByb2ZpbGVfcGljLmRqYW5nby4xMDgwLmMyIn0&_nc_ht=instagram.fpmw2-1.fna.fbcdn.net&_nc_cat=100&_nc_oc=Q6cZ2QHi9v5HzsDlFhBTpA9BwDi0e4s0o_KaHbvp3Khg-ITt1U2jHegkZKsNRGCxHFAEKV4&_nc_ohc=T_evw8aWrj0Q7kNvwElvqAq&_nc_gid=aCxGqn5PMrRiOuvZfWqrkg&edm=APQMUHMBAAAA&ccb=7-5&oh=00_AfRiynPBwVbw3ZwCTzoDrJ73VSXW_AduLUqKMxph-89Lcg&oe=689277A8&_nc_sid=6ff7c8,Seguir,santoss_cecilia098 cecí 0 posts 0 185 185 2.203 2.203 Mike🐕,0,0,0,https://www.threads.com/@santoss_cecilia098?xmt=AQF01ktW7KPc8AkW3j_3rGYYA4FGVsR1jg0UThH9MOo3L_k,False,Pública,0,,,False,0,0,0
poliannaemilia,,False,https://instagram.fpmw2-1.fna.fbcdn.net/v/t51.2885-19/251109698_716318103103795_3587653165942817715_n.jpg?stp=dst-jpg_s150x150_tt6&efg=eyJ2ZW5jb2RlX3RhZyI6InByb2ZpbGVfcGljLmRqYW5nby4xMDgwLmMyIn0&_nc_ht=instagram.fpmw2-1.fna.fbcdn.net&_nc_cat=107&_nc_oc=Q6cZ2QHPMFJhVwrLIFRKBcHTq7zdMggc10at1_vJPxmrq-6IDoTwugPzvj8k7-Kcfzle49g&_nc_ohc=XFCLRGjVYusQ7kNvwH2KTX9&_nc_gid=62zfGmUcNotM9ENiqL0BVg&edm=APQMUHMBAAAA&ccb=7-5&oh=00_AfTjR9nUgUleJv7CDYFkQ9YmFQeVy788MU5MenemmLWQoA&oe=68926959&_nc_sid=6ff7c8,Seguir,poliannaemilia POLIANA EMÍLIA 41 posts 41 1.354 1.354 2.756 2.756 ZOOTECNIA| IFRO 🐴🐄 Colorado do Oeste/RO LAURA EMÍLIA 🧸 💍 🧸 Me Friends Zootecnia Comida Black,,0,0,,False,Pública,0,,,False,0,0,0
mariaangelagomes6,,False,https://instagram.fagc3-2.fna.fbcdn.net/v/t51.2885-19/464760996_1254146839119862_3605321457742435801_n.png?stp=dst-jpg_e0_s150x150_tt6&cb=8577c754-c2464923&efg=eyJ2ZW5jb2RlX3RhZyI6InByb2ZpbGVfcGljLmRqYW5nby4xNTAuYzIifQ&_nc_ht=instagram.fagc3-2.fna.fbcdn.net&_nc_cat=1&_nc_oc=Q6cZ2QF_L7HCUmulFbXQOVFUWed-BNolMbA6TTYxbCicrzt9j2866NeLm_BtnG_yNZkjaL8-v7Uo6-YFnEZA7n9Iy5Je&_nc_ohc=cmGW-gSOmkoQ7kNvwF_iTtV&_nc_gid=ctopfYuYGbUuCtAUI_fcfA&edm=AGqCYasBAAAA&ccb=7-5&ig_cache_key=YW5vbnltb3VzX3Byb2ZpbGVfcGlj.3-ccb7-5-cb8577c754-c2464923&oh=00_AfRzaNjj9sohoiLc9IOw-O1k583p0hE_aa7u29MghqmQxg&oe=68928E28&_nc_sid=6c5dea,Seguir,mariaangelagomes6 Maria Angela Gomes 0 posts 0 35 35 1.586 1.586,0,0,0,,False,Pública,0,,,False,0,0,0
fabiftns,,False,https://instagram.fpmw2-1.fna.fbcdn.net/v/t51.2885-19/496447921_18502406911013993_8042033398435672595_n.jpg?stp=dst-jpg_s150x150_tt6&efg=eyJ2ZW5jb2RlX3RhZyI6InByb2ZpbGVfcGljLmRqYW5nby4xMDgwLmMyIn0&_nc_ht=instagram.fpmw2-1.fna.fbcdn.net&_nc_cat=105&_nc_oc=Q6cZ2QHPMFJhVwrLIFRKBcHTq7zdMggc10at1_vJPxmrq-6IDoTwugPzvj8k7-Kcfzle49g&_nc_ohc=2FpP7P-2ROkQ7kNvwHy22fP&_nc_gid=62zfGmUcNotM9ENiqL0BVg&edm=APQMUHMBAAAA&ccb=7-5&oh=00_AfTMPb-QIgL3STKln8CWH6zFz96xaqgj4dqQzZxRQEBaSQ&oe=68928119&_nc_sid=6ff7c8,Seguir,fabiftns Fabiane Silva 553 posts 553 699 699 1.814 1.814,0,0,0,https://www.threads.com/@fabiftns?xmt=AQF0vheAoRc9-KTcAlY7nm4XYX5YRHktiQXy1g5N-TjAE-g,False,Pública,0,,,False,0,0,0
joanavicentev,,False,https://instagram.fpmw2-1.fna.fbcdn.net/v/t51.2885-19/97534559_1351313581739722_3076631768732794880_n.jpg?stp=dst-jpg_s150x150_tt6&efg=eyJ2ZW5jb2RlX3RhZyI6InByb2ZpbGVfcGljLmRqYW5nby41ODAuYzIifQ&_nc_ht=instagram.fpmw2-1.fna.fbcdn.net&_nc_cat=110&_nc_oc=Q6cZ2QHPMFJhVwrLIFRKBcHTq7zdMggc10at1_vJPxmrq-6IDoTwugPzvj8k7-Kcfzle49g&_nc_ohc=F9-xlBgSoj4Q7kNvwH8iNNY&_nc_gid=62zfGmUcNotM9ENiqL0BVg&edm=APQMUHMBAAAA&ccb=7-5&oh=00_AfQfMCZD9h_PbLPjeYWYoj3plgrgW2Nb-FaPqFglBbEogg&oe=68928EF1&_nc_sid=6ff7c8,Seguir,joanavicentev Joana Vicente 42 posts 42 178 178 2.265 2.265 Ad astra et vltra,0,0,0,https://www.threads.com/@joanavicentev?xmt=AQF0BXxpmjAP04cDUkb01FAjY-4i1V_uXvldOomkHTGgt70,False,Pública,0,,,False,0,0,0
geicianobatista,,False,https://instagram.fpmw2-1.fna.fbcdn.net/v/t51.2885-19/298540884_448345187209966_8959428427932004902_n.jpg?stp=dst-jpg_s150x150_tt6&efg=eyJ2ZW5jb2RlX3RhZyI6InByb2ZpbGVfcGljLmRqYW5nby45NTYuYzIifQ&_nc_ht=instagram.fpmw2-1.fna.fbcdn.net&_nc_cat=110&_nc_oc=Q6cZ2QHPMFJhVwrLIFRKBcHTq7zdMggc10at1_vJPxmrq-6IDoTwugPzvj8k7-Kcfzle49g&_nc_ohc=UCB46WgxEFwQ7kNvwFqJFWF&_nc_gid=62zfGmUcNotM9ENiqL0BVg&edm=APQMUHMBAAAA&ccb=7-5&oh=00_AfQOUFbmuhpnfnIxEseBEIiPccHCkNgD_9DRZ2RRxhH4Lg&oe=68926BE2&_nc_sid=6ff7c8,Seguir,geicianobatista Geiciano Batista 0 posts 0 223 223 3.630 3.630,0,0,0,https://www.threads.com/@geicianobatista?xmt=AQF0FzyCDbQ9v_ujIhUdEfsaleotqvzTxy2tV4J7Is8cu6k,False,Pública,0,,,False,0,0,0
jakestranho,,False,https://instagram.fpmw2-1.fna.fbcdn.net/v/t51.2885-19/525335299_17888187711322645_2810614463780029714_n.jpg?stp=dst-jpg_s150x150_tt6&efg=eyJ2ZW5jb2RlX3RhZyI6InByb2ZpbGVfcGljLmRqYW5nby4xMDgwLmMyIn0&_nc_ht=instagram.fpmw2-1.fna.fbcdn.net&_nc_cat=101&_nc_oc=Q6cZ2QHPMFJhVwrLIFRKBcHTq7zdMggc10at1_vJPxmrq-6IDoTwugPzvj8k7-Kcfzle49g&_nc_ohc=SaLmbOgEX6oQ7kNvwHrN5eQ&_nc_gid=62zfGmUcNotM9ENiqL0BVg&edm=APQMUHMBAAAA&ccb=7-5&oh=00_AfQO2j8Brm-4ZZEuXRvJ4X8fVeQ2XPgPx3yUNWwyr1fJ0g&oe=68926F5C&_nc_sid=6ff7c8,Seguir,jakestranho ximesei' 1 post 1 183 183 7.349 7.349,0,0,0,,False,Pública,0,,,False,0,0,0
anaju3567,,False,https://instagram.fpmw2-1.fna.fbcdn.net/v/t51.2885-19/481894356_1319441506047334_1878418185092424336_n.jpg?stp=dst-jpg_s150x150_tt6&efg=eyJ2ZW5jb2RlX3RhZyI6InByb2ZpbGVfcGljLmRqYW5nby4xMDgwLmMyIn0&_nc_ht=instagram.fpmw2-1.fna.fbcdn.net&_nc_cat=110&_nc_oc=Q6cZ2QHPMFJhVwrLIFRKBcHTq7zdMggc10at1_vJPxmrq-6IDoTwugPzvj8k7-Kcfzle49g&_nc_ohc=AmCMaQrJ4c0Q7kNvwFzNiTU&_nc_gid=62zfGmUcNotM9ENiqL0BVg&edm=APQMUHMBAAAA&ccb=7-5&oh=00_AfQ5ubn7veNKYTyl2dLqmjDc1FzBAf3qqXgsLXqZGnvDiQ&oe=68928559&_nc_sid=6ff7c8,Seguir,anaju3567 Anaju📖💙 1 post 1 69 69 7.499 7.499 ✝️🎻,0,0,0,,False,Pública,0,,,False,0,0,0
najara_maria_,,False,https://instagram.fpmw2-1.fna.fbcdn.net/v/t51.2885-19/523884773_17887564563317832_5404935950393837390_n.jpg?stp=dst-jpg_s150x150_tt6&efg=eyJ2ZW5jb2RlX3RhZyI6InByb2ZpbGVfcGljLmRqYW5nby4xMDgwLmMyIn0&_nc_ht=instagram.fpmw2-1.fna.fbcdn.net&_nc_cat=100&_nc_oc=Q6cZ2QHqYh_Iz5rtwl1weYuCyD5YE61V6CRoCkD5YP0-0FJZF5P_5dOWE25Gn30sZ4ogimA&_nc_ohc=Jo2FqGapn00Q7kNvwEaLRqQ&_nc_gid=glu01qO5r-HnNqlCKSeiSg&edm=APQMUHMBAAAA&ccb=7-5&oh=00_AfSE8MR8Xu2XylSf5UHDWGXqpsoRz36YrRyov-MfIIC08A&oe=68928480&_nc_sid=6ff7c8,Seguir,,0,0,0,,False,Erro de carregamento,0,,,False,0,0,0
soraiartakada,,False,https://instagram.fpmw2-1.fna.fbcdn.net/v/t51.2885-19/12519590_1567863596861117_123288716_a.jpg?stp=dst-jpg_s150x150_tt6&efg=eyJ2ZW5jb2RlX3RhZyI6InByb2ZpbGVfcGljLmRqYW5nby43MTkuYzIifQ&_nc_ht=instagram.fpmw2-1.fna.fbcdn.net&_nc_cat=105&_nc_oc=Q6cZ2QHqYh_Iz5rtwl1weYuCyD5YE61V6CRoCkD5YP0-0FJZF5P_5dOWE25Gn30sZ4ogimA&_nc_ohc=n9yaLSfEHfcQ7kNvwH2DlAy&_nc_gid=glu01qO5r-HnNqlCKSeiSg&edm=APQMUHMBAAAA&ccb=7-5&oh=00_AfRHuXhlfPmfa5PzLBV74Igpp6HV82wKkKAhozuR29yvtA&oe=689277D7&_nc_sid=6ff7c8,Seguir,soraiartakada Soraia Robini 9 posts 9 152 152 1.684 1.684,0,0,0,,False,Pública,0,,,False,0,0,0
biin.a12,,False,https://instagram.fpmw2-1.fna.fbcdn.net/v/t51.2885-19/470324435_548187564722893_7270663521432893965_n.jpg?stp=dst-jpg_s150x150_tt6&efg=eyJ2ZW5jb2RlX3RhZyI6InByb2ZpbGVfcGljLmRqYW5nby43MTUuYzIifQ&_nc_ht=instagram.fpmw2-1.fna.fbcdn.net&_nc_cat=101&_nc_oc=Q6cZ2QHqYh_Iz5rtwl1weYuCyD5YE61V6CRoCkD5YP0-0FJZF5P_5dOWE25Gn30sZ4ogimA&_nc_ohc=LiD9569_tB4Q7kNvwEvf1OF&_nc_gid=glu01qO5r-HnNqlCKSeiSg&edm=APQMUHMBAAAA&ccb=7-5&oh=00_AfSLdtz-si14KY7N4cj2tko9WQmKNabI8Hr5vd4WT4vLQQ&oe=68926549&_nc_sid=6ff7c8,Seguir,biin.a12 sabrina Silva dos santod 8 posts 8 198 198 7.495 7.495,0,0,0,,False,Pública,0,,,False,0,0,0
dilci.cost,,False,https://instagram.fagc3-2.fna.fbcdn.net/v/t51.2885-19/464760996_1254146839119862_3605321457742435801_n.png?stp=dst-jpg_e0_s150x150_tt6&cb=8577c754-c2464923&efg=eyJ2ZW5jb2RlX3RhZyI6InByb2ZpbGVfcGljLmRqYW5nby4xNTAuYzIifQ&_nc_ht=instagram.fagc3-2.fna.fbcdn.net&_nc_cat=1&_nc_oc=Q6cZ2QF_L7HCUmulFbXQOVFUWed-BNolMbA6TTYxbCicrzt9j2866NeLm_BtnG_yNZkjaL8-v7Uo6-YFnEZA7n9Iy5Je&_nc_ohc=cmGW-gSOmkoQ7kNvwF_iTtV&_nc_gid=ctopfYuYGbUuCtAUI_fcfA&edm=AGqCYasBAAAA&ccb=7-5&ig_cache_key=YW5vbnltb3VzX3Byb2ZpbGVfcGlj.3-ccb7-5-cb8577c754-c2464923&oh=00_AfRzaNjj9sohoiLc9IOw-O1k583p0hE_aa7u29MghqmQxg&oe=68928E28&_nc_sid=6c5dea,Seguir,dilci.cost Dilci Costa 1 post 1 89 89 900 900,0,0,0,https://www.threads.com/@dilci.cost?xmt=AQF07MoNNihAVQYtf5SCRphYUaSHMJKg2GxaYI8k46Yr4Uo,False,Pública,0,,,False,0,0,0
sollarllua,,False,https://instagram.fagc3-2.fna.fbcdn.net/v/t51.2885-19/464760996_1254146839119862_3605321457742435801_n.png?stp=dst-jpg_e0_s150x150_tt6&cb=8577c754-c2464923&efg=eyJ2ZW5jb2RlX3RhZyI6InByb2ZpbGVfcGljLmRqYW5nby4xNTAuYzIifQ&_nc_ht=instagram.fagc3-2.fna.fbcdn.net&_nc_cat=1&_nc_oc=Q6cZ2QF_L7HCUmulFbXQOVFUWed-BNolMbA6TTYxbCicrzt9j2866NeLm_BtnG_yNZkjaL8-v7Uo6-YFnEZA7n9Iy5Je&_nc_ohc=cmGW-gSOmkoQ7kNvwF_iTtV&_nc_gid=ctopfYuYGbUuCtAUI_fcfA&edm=AGqCYasBAAAA&ccb=7-5&ig_cache_key=YW5vbnltb3VzX3Byb2ZpbGVfcGlj.3-ccb7-5-cb8577c754-c2464923&oh=00_AfRzaNjj9sohoiLc9IOw-O1k583p0hE_aa7u29MghqmQxg&oe=68928E28&_nc_sid=6c5dea,Seguir,0 posts 0 0 994 994,0,0,0,,False,Pública,0,,,False,0,0,0
yasminnatiellyferreirasilva,,False,https://instagram.fpmw2-1.fna.fbcdn.net/v/t51.2885-19/495760141_17844649815473270_7906478538713876594_n.jpg?stp=dst-jpg_s150x150_tt6&efg=eyJ2ZW5jb2RlX3RhZyI6InByb2ZpbGVfcGljLmRqYW5nby4xMDgwLmMyIn0&_nc_ht=instagram.fpmw2-1.fna.fbcdn.net&_nc_cat=102&_nc_oc=Q6cZ2QHqYh_Iz5rtwl1weYuCyD5YE61V6CRoCkD5YP0-0FJZF5P_5dOWE25Gn30sZ4ogimA&_nc_ohc=hxGahhDyZJsQ7kNvwGWJvne&_nc_gid=glu01qO5r-HnNqlCKSeiSg&edm=APQMUHMBAAAA&ccb=7-5&oh=00_AfRYVZMZGpsz8fr2ruFHD7hf5u2CPO2_CaWz5l48QHJIvA&oe=68928E71&_nc_sid=6ff7c8,Seguir,yasminnatiellyferreirasilva Yasmin natielly Ferreira Silva 24 posts 24 116 116 7.501 7.501 nome yasmin idade 13 🇻🇦,0,0,0,https://www.threads.com/@yasminnatiellyferreirasilva?xmt=AQF04t6qiOM35hvWNbEipIrfsLlhgDQMyV0ANy7IbDQEtJI,False,Pública,0,,,False,0,0,0
mundo_gospel0561,,False,https://instagram.fagc3-2.fna.fbcdn.net/v/t51.2885-19/464760996_1254146839119862_3605321457742435801_n.png?stp=dst-jpg_e0_s150x150_tt6&cb=8577c754-c2464923&efg=eyJ2ZW5jb2RlX3RhZyI6InByb2ZpbGVfcGljLmRqYW5nby4xNTAuYzIifQ&_nc_ht=instagram.fagc3-2.fna.fbcdn.net&_nc_cat=1&_nc_oc=Q6cZ2QF_L7HCUmulFbXQOVFUWed-BNolMbA6TTYxbCicrzt9j2866NeLm_BtnG_yNZkjaL8-v7Uo6-YFnEZA7n9Iy5Je&_nc_ohc=cmGW-gSOmkoQ7kNvwF_iTtV&_nc_gid=ctopfYuYGbUuCtAUI_fcfA&edm=AGqCYasBAAAA&ccb=7-5&ig_cache_key=YW5vbnltb3VzX3Byb2ZpbGVfcGlj.3-ccb7-5-cb8577c754-c2464923&oh=00_AfRzaNjj9sohoiLc9IOw-O1k583p0hE_aa7u29MghqmQxg&oe=68928E28&_nc_sid=6c5dea,Seguir,mundo_gospel0561 Mundo Gospel 1 post 1 0 0 1.016 1.016,0,0,0,,False,Pública,0,,,False,0,0,0
carol_vendruscolo,,False,https://instagram.fpmw2-1.fna.fbcdn.net/v/t51.2885-19/516535513_17970830534870626_6643195606559464325_n.jpg?stp=dst-jpg_s150x150_tt6&efg=eyJ2ZW5jb2RlX3RhZyI6InByb2ZpbGVfcGljLmRqYW5nby44MTkuYzIifQ&_nc_ht=instagram.fpmw2-1.fna.fbcdn.net&_nc_cat=110&_nc_oc=Q6cZ2QEFuhcQ7BZ8OPDwseLXcxZ-sEUGaEVl9AU43FaTvNN8a_x5zo8s7UJTS0LK520ZZMU&_nc_ohc=LQdwLZVbeBsQ7kNvwE5MKUM&_nc_gid=kUSj6zThq1Wc71alxq58qA&edm=APQMUHMBAAAA&ccb=7-5&oh=00_AfRJU0ni685NntIwi3_fxUPYSstcDcUVbSoYJ5GMbe4C9g&oe=6892946C&_nc_sid=6ff7c8,Seguir,carol_vendruscolo Carolinne Vendruscolo 46 posts 46 2.340 2.340 2.619 2.619 ... mais mais 🩵 . 🐾 AL 🐎🛢️ 🍃 SP 🇻🇦🤍,,,,,False,Pública,0,,,False,0,0,0
annanunesguimaraes,,False,https://instagram.fpmw2-1.fna.fbcdn.net/v/t51.2885-19/495481918_17846124750467683_4757997859475215192_n.jpg?stp=dst-jpg_s150x150_tt6&efg=eyJ2ZW5jb2RlX3RhZyI6InByb2ZpbGVfcGljLmRqYW5nby4xMDgwLmMyIn0&_nc_ht=instagram.fpmw2-1.fna.fbcdn.net&_nc_cat=107&_nc_oc=Q6cZ2QEFuhcQ7BZ8OPDwseLXcxZ-sEUGaEVl9AU43FaTvNN8a_x5zo8s7UJTS0LK520ZZMU&_nc_ohc=toFI3PjKjskQ7kNvwGHrjgo&_nc_gid=kUSj6zThq1Wc71alxq58qA&edm=APQMUHMBAAAA&ccb=7-5&oh=00_AfRbpC2epBieorld-DwPj4rL6pLWRx5e8yp0aVyq_Ei7Iw&oe=68926334&_nc_sid=6ff7c8,Seguir,,0,0,0,,False,Erro de carregamento,0,,,False,0,0,0
ster_moreira4,,False,https://instagram.fpmw2-1.fna.fbcdn.net/v/t51.2885-19/510460816_18045433736566156_617693949068929497_n.jpg?stp=dst-jpg_s150x150_tt6&efg=eyJ2ZW5jb2RlX3RhZyI6InByb2ZpbGVfcGljLmRqYW5nby4xMDgwLmMyIn0&_nc_ht=instagram.fpmw2-1.fna.fbcdn.net&_nc_cat=104&_nc_oc=Q6cZ2QEFuhcQ7BZ8OPDwseLXcxZ-sEUGaEVl9AU43FaTvNN8a_x5zo8s7UJTS0LK520ZZMU&_nc_ohc=aVs7WbaaySUQ7kNvwEBAr57&_nc_gid=kUSj6zThq1Wc71alxq58qA&edm=APQMUHMBAAAA&ccb=7-5&oh=00_AfSdvZEe9kzeQ35q6t0mEbSxcpbnjKJu3Cv_6-knlNFDLw&oe=68926493&_nc_sid=6ff7c8,Seguir,ster_moreira4 ster moreira 0 posts 0 1.160 1.160 1.207 1.207 ✨:Make it happen. ❤️❤️🐎🐎 Integrante:@vaq_sdestino_ ❤️💍,0,0,0,https://www.threads.com/@ster_moreira4?xmt=AQF0Tjhh4eWERkIkGnxovhIsPQkNQbuGCzk1wxnX34jKqHc,False,Pública,0,,,False,0,0,0
capelasaopedroconfresa,,False,https://instagram.fpmw2-1.fna.fbcdn.net/v/t51.2885-19/497897021_17847659196471748_6759988834349519179_n.jpg?stp=dst-jpg_s150x150_tt6&efg=eyJ2ZW5jb2RlX3RhZyI6InByb2ZpbGVfcGljLmRqYW5nby4xMDgwLmMyIn0&_nc_ht=instagram.fpmw2-1.fna.fbcdn.net&_nc_cat=104&_nc_oc=Q6cZ2QEFuhcQ7BZ8OPDwseLXcxZ-sEUGaEVl9AU43FaTvNN8a_x5zo8s7UJTS0LK520ZZMU&_nc_ohc=fWCMQCRDptMQ7kNvwF1rExK&_nc_gid=kUSj6zThq1Wc71alxq58qA&edm=APQMUHMBAAAA&ccb=7-5&oh=00_AfQTuH36ACB8pRXzKBGS-E86CU9VWMlmmvV-iLME-26jvA&oe=68928137&_nc_sid=6ff7c8,Seguir,capelasaopedroconfresa CAPELA SÃO PEDRO 91 posts 91 21 21 18 18 ⛪-Paróquia são Sebastião- confresa-MT 📱CONTATO-(66)3564-1172,0,0,0,,False,Pública,0,,,False,0,0,0
assembleia_de_deus_d_anapolis,,False,https://instagram.fpmw2-1.fna.fbcdn.net/v/t51.2885-19/517842782_17842458546538787_4033622215343730633_n.jpg?stp=dst-jpg_s150x150_tt6&efg=eyJ2ZW5jb2RlX3RhZyI6InByb2ZpbGVfcGljLmRqYW5nby4xMDgwLmMyIn0&_nc_ht=instagram.fpmw2-1.fna.fbcdn.net&_nc_cat=111&_nc_oc=Q6cZ2QEFuhcQ7BZ8OPDwseLXcxZ-sEUGaEVl9AU43FaTvNN8a_x5zo8s7UJTS0LK520ZZMU&_nc_ohc=KWzJp4ru6wIQ7kNvwEPxvNn&_nc_gid=kUSj6zThq1Wc71alxq58qA&edm=APQMUHMBAAAA&ccb=7-5&oh=00_AfRH39y64vUFRA2NFUWccdKA5hVClg42d-XnykDN3psI2w&oe=68928495&_nc_sid=6ff7c8,Seguir,assembleia_de_deus_d_anapolis Assembleia De Deus de Anápolis 9 posts 9 266 266 384 384 UMA IGREJA QUE AMA VOCÊ E ORA POR VOCÊ E SUA FAMÍLIA. FAZ O IDE DE JESUS CRISTO MINISTRANDO AMOR.,0,0,0,,False,Pública,0,,,False,0,0,0
_amartinelll,,False,https://instagram.fpmw2-1.fna.fbcdn.net/v/t51.2885-19/486551977_997150228641627_3230829551938698367_n.jpg?stp=dst-jpg_s150x150_tt6&efg=eyJ2ZW5jb2RlX3RhZyI6InByb2ZpbGVfcGljLmRqYW5nby42OTAuYzIifQ&_nc_ht=instagram.fpmw2-1.fna.fbcdn.net&_nc_cat=103&_nc_oc=Q6cZ2QEFuhcQ7BZ8OPDwseLXcxZ-sEUGaEVl9AU43FaTvNN8a_x5zo8s7UJTS0LK520ZZMU&_nc_ohc=rASx0VbtEpwQ7kNvwFXLTA_&_nc_gid=kUSj6zThq1Wc71alxq58qA&edm=APQMUHMBAAAA&ccb=7-5&oh=00_AfTyvOFiiyzaHdy0pNXTI_f08KpaTyuOWGbIzRcQDbdC1A&oe=68926CA8&_nc_sid=6ff7c8,Seguir,_amartinelll Ana Martinelli Ré | Fotógrafa em Vila Rica 📸 193 posts 193 3.843 3.843 743 743 ... mais mais wa.me/5563992560996 Seguido(a) por sreportonacional sreportonacional 15.11 ᵐᵉ ㅤˡᵒᵛᵉ ᶠᵃᵛˢ ᵉᵈᵗˢ ᵖʰᵒᵗᵒˢ,1511,,,,False,Pública,0,,,False,0,0,0
geovannaleitte2023,,False,https://instagram.fpmw2-1.fna.fbcdn.net/v/t51.2885-19/520413448_17954158019994913_7543506668867867942_n.jpg?stp=dst-jpg_s150x150_tt6&efg=eyJ2ZW5jb2RlX3RhZyI6InByb2ZpbGVfcGljLmRqYW5nby4xMDgwLmMyIn0&_nc_ht=instagram.fpmw2-1.fna.fbcdn.net&_nc_cat=101&_nc_oc=Q6cZ2QEFuhcQ7BZ8OPDwseLXcxZ-sEUGaEVl9AU43FaTvNN8a_x5zo8s7UJTS0LK520ZZMU&_nc_ohc=w4aJPwuT36cQ7kNvwGxdCPJ&_nc_gid=kUSj6zThq1Wc71alxq58qA&edm=APQMUHMBAAAA&ccb=7-5&oh=00_AfQ_xaFO2F_PRvWoMzrItz1czjhimpSY-jiC5gIRERcxqw&oe=68926C9C&_nc_sid=6ff7c8,Seguir,,0,0,0,,False,Erro inesperado,0,,,False,0,0,0
mms_fazendofesta,,False,https://instagram.fpmw2-1.fna.fbcdn.net/v/t51.2885-19/523702100_18064413341223531_3415844932651114893_n.jpg?stp=dst-jpg_s150x150_tt6&efg=eyJ2ZW5jb2RlX3RhZyI6InByb2ZpbGVfcGljLmRqYW5nby4xMDgwLmMyIn0&_nc_ht=instagram.fpmw2-1.fna.fbcdn.net&_nc_cat=103&_nc_oc=Q6cZ2QEFuhcQ7BZ8OPDwseLXcxZ-sEUGaEVl9AU43FaTvNN8a_x5zo8s7UJTS0LK520ZZMU&_nc_ohc=XOJ6S09k-uAQ7kNvwHdHIef&_nc_gid=kUSj6zThq1Wc71alxq58qA&edm=APQMUHMBAAAA&ccb=7-5&oh=00_AfQx7y1Kfx5h14U3AC5GoxmxMFD0dG6BxLnXH1rOIaiaIQ&oe=68926BD6&_nc_sid=6ff7c8,Seguir,,0,0,0,,False,Erro de carregamento,0,,,False,0,0,0
isadorasfreitas,,False,https://instagram.fpmw2-1.fna.fbcdn.net/v/t51.2885-19/521114125_18001984271795220_1941591810183369470_n.jpg?stp=dst-jpg_s150x150_tt6&efg=eyJ2ZW5jb2RlX3RhZyI6InByb2ZpbGVfcGljLmRqYW5nby4xMDgwLmMyIn0&_nc_ht=instagram.fpmw2-1.fna.fbcdn.net&_nc_cat=100&_nc_oc=Q6cZ2QEFuhcQ7BZ8OPDwseLXcxZ-sEUGaEVl9AU43FaTvNN8a_x5zo8s7UJTS0LK520ZZMU&_nc_ohc=AOEPr7xl8_QQ7kNvwF4aJBX&_nc_gid=kUSj6zThq1Wc71alxq58qA&edm=APQMUHMBAAAA&ccb=7-5&oh=00_AfTyN-d76w1yZ9boqgMNciUtMCGkktBHFZNevZ4x2Yi0sg&oe=68926E48&_nc_sid=6ff7c8,Seguir,"isadorasfreitas Isadora Freitas de Azevedo 38 posts 38 1.446 1.446 533 533 🎯 Filha de Deus, esposa e Enfermeiranda. 🌙🍯 Dança Casamento Bodas Receitas Abba Enf If",,,0,,False,Pública,0,,,False,0,0,0
iagofelipe.14,,False,https://instagram.fpmw2-1.fna.fbcdn.net/v/t51.2885-19/468899312_1133362184418871_6820650447783408955_n.jpg?stp=dst-jpg_s150x150_tt6&efg=eyJ2ZW5jb2RlX3RhZyI6InByb2ZpbGVfcGljLmRqYW5nby43NjguYzIifQ&_nc_ht=instagram.fpmw2-1.fna.fbcdn.net&_nc_cat=107&_nc_oc=Q6cZ2QEFuhcQ7BZ8OPDwseLXcxZ-sEUGaEVl9AU43FaTvNN8a_x5zo8s7UJTS0LK520ZZMU&_nc_ohc=5xvHXGjXCr0Q7kNvwGq91GH&_nc_gid=kUSj6zThq1Wc71alxq58qA&edm=APQMUHMBAAAA&ccb=7-5&oh=00_AfTPGaFsd3U5j0hfdY6YypjY4Zu9cu7CC-egWILF8sP9xg&oe=68926BFF&_nc_sid=6ff7c8,Seguir,iagofelipe.14 Iago Felipe 59 posts 59 3.329 3.329 925 925 🏢Servidor Público 💻Design Gráfico 🎓Contabilidade 5/8 ✝️Cristão 📍VR-MT NATAL Louvor! Família Trabalho💻 Paz 👨🏼‍🍳 Igreja⛪ 🧳🎡 Congresso 2k24 UMADESMAT Congresso 2023 Nature🌿💚,,,0,,False,Pública,0,,,False,0,0,0
riniemy,,False,https://instagram.fpmw2-1.fna.fbcdn.net/v/t51.2885-19/466739058_553990457275357_6792443821901750419_n.jpg?stp=dst-jpg_s150x150_tt6&efg=eyJ2ZW5jb2RlX3RhZyI6InByb2ZpbGVfcGljLmRqYW5nby4xMDgwLmMyIn0&_nc_ht=instagram.fpmw2-1.fna.fbcdn.net&_nc_cat=101&_nc_oc=Q6cZ2QEFuhcQ7BZ8OPDwseLXcxZ-sEUGaEVl9AU43FaTvNN8a_x5zo8s7UJTS0LK520ZZMU&_nc_ohc=HfGMoCbko1kQ7kNvwE1i2eP&_nc_gid=kUSj6zThq1Wc71alxq58qA&edm=APQMUHMBAAAA&ccb=7-5&oh=00_AfQHZgLl4JkEhX-d7qvAGb5QI03T0PycHcCq9UkgXQxzoQ&oe=68928C3F&_nc_sid=6ff7c8,Seguir,,0,0,0,,False,Erro inesperado,0,,,False,0,0,0
keislanyazevedo,,False,https://instagram.fpmw2-1.fna.fbcdn.net/v/t51.2885-19/502293566_18041668925535157_6230434101445835717_n.jpg?stp=dst-jpg_s150x150_tt6&efg=eyJ2ZW5jb2RlX3RhZyI6InByb2ZpbGVfcGljLmRqYW5nby4xMDgwLmMyIn0&_nc_ht=instagram.fpmw2-1.fna.fbcdn.net&_nc_cat=101&_nc_oc=Q6cZ2QEFuhcQ7BZ8OPDwseLXcxZ-sEUGaEVl9AU43FaTvNN8a_x5zo8s7UJTS0LK520ZZMU&_nc_ohc=L-VoI_ebhGcQ7kNvwFRjHCK&_nc_gid=kUSj6zThq1Wc71alxq58qA&edm=APQMUHMBAAAA&ccb=7-5&oh=00_AfQZMXdazpmJzivlGr5l5w4owEZjy2Ac6xe05eJGGb2rAw&oe=68928A67&_nc_sid=6ff7c8,Seguir,,0,0,0,,False,Erro de carregamento,0,,,False,0,0,0
kwanny_vitorya,,False,https://instagram.fpmw2-1.fna.fbcdn.net/v/t51.2885-19/509634562_17884019166305636_7085337992548546363_n.jpg?stp=dst-jpg_s150x150_tt6&efg=eyJ2ZW5jb2RlX3RhZyI6InByb2ZpbGVfcGljLmRqYW5nby4xMDgwLmMyIn0&_nc_ht=instagram.fpmw2-1.fna.fbcdn.net&_nc_cat=108&_nc_oc=Q6cZ2QGym2np1cKyslCgMronPLTcJlCmiEoEzMIoeYWr_TxoKzjWJZyDT8gJm6mMrULaoIM&_nc_ohc=onfw90y_ShQQ7kNvwHTeqmm&_nc_gid=N4uvYvRQxmfTEThySH-Wzw&edm=APQMUHMBAAAA&ccb=7-5&oh=00_AfSvBE0P6uUG4JGicydzlYpVpaCok_wp6cs4G9sLkO5Q8w&oe=6892808E&_nc_sid=6ff7c8,Seguir,,0,0,0,,False,Erro de carregamento,0,,,False,0,0,0
martasousa3844,,False,https://instagram.fpmw2-1.fna.fbcdn.net/v/t51.2885-19/490288042_1574879143198446_1359021134380154565_n.jpg?stp=dst-jpg_s150x150_tt6&efg=eyJ2ZW5jb2RlX3RhZyI6InByb2ZpbGVfcGljLmRqYW5nby41NDAuYzIifQ&_nc_ht=instagram.fpmw2-1.fna.fbcdn.net&_nc_cat=106&_nc_oc=Q6cZ2QGym2np1cKyslCgMronPLTcJlCmiEoEzMIoeYWr_TxoKzjWJZyDT8gJm6mMrULaoIM&_nc_ohc=GXTbUbz0FIgQ7kNvwHRUAiD&_nc_gid=N4uvYvRQxmfTEThySH-Wzw&edm=APQMUHMBAAAA&ccb=7-5&oh=00_AfQDdbp9Ug6tJPS_vMKOduO0cNLvipB7ROwNtG5_T1ARAg&oe=6892888C&_nc_sid=6ff7c8,Seguir,,0,0,0,,False,Erro de carregamento,0,,,False,0,0,0
gleicefalis,,False,https://instagram.fpmw2-1.fna.fbcdn.net/v/t51.2885-19/338362103_216767217600333_6642114724507997716_n.jpg?stp=dst-jpg_s150x150_tt6&efg=eyJ2ZW5jb2RlX3RhZyI6InByb2ZpbGVfcGljLmRqYW5nby43NTQuYzIifQ&_nc_ht=instagram.fpmw2-1.fna.fbcdn.net&_nc_cat=109&_nc_oc=Q6cZ2QGym2np1cKyslCgMronPLTcJlCmiEoEzMIoeYWr_TxoKzjWJZyDT8gJm6mMrULaoIM&_nc_ohc=6vdQ4iBcFTMQ7kNvwHbycIM&_nc_gid=N4uvYvRQxmfTEThySH-Wzw&edm=APQMUHMBAAAA&ccb=7-5&oh=00_AfSMEtstZRdpkzEGvNiV1amZek0KhrCvfp7fwbpq_-YLKA&oe=68929216&_nc_sid=6ff7c8,Seguir,gleicefalis Gleice Salis 9 posts 9 1.025 1.025 1.191 1.191 Seguido(a) por nilva.neres nilva.neres 🥰,0,0,0,,False,Pública,0,,,False,0,0,0
andressa_ajala,,False,https://instagram.fpmw2-1.fna.fbcdn.net/v/t51.2885-19/434928218_964838532028504_7398854753898075536_n.jpg?stp=dst-jpg_s150x150_tt6&efg=eyJ2ZW5jb2RlX3RhZyI6InByb2ZpbGVfcGljLmRqYW5nby4xMDgwLmMyIn0&_nc_ht=instagram.fpmw2-1.fna.fbcdn.net&_nc_cat=104&_nc_oc=Q6cZ2QGym2np1cKyslCgMronPLTcJlCmiEoEzMIoeYWr_TxoKzjWJZyDT8gJm6mMrULaoIM&_nc_ohc=5v-6bQpDodoQ7kNvwGWLMrV&_nc_gid=N4uvYvRQxmfTEThySH-Wzw&edm=APQMUHMBAAAA&ccb=7-5&oh=00_AfR3hD2lM4hcLm8O86m523qLdAf8q2XTDzZgn9k_K-WqUQ&oe=689276A6&_nc_sid=6ff7c8,Seguir,andressa_ajala Andressa Ajala 160 posts 160 1.883 1.883 3.261 3.261 Empreendedor(a) • Consultora de vendas Mary Kay💕 • Cristã💒 •@JonatasMota21 💍 • Professora 👩🏻‍🏫 ⚜️ bit.ly/andressaajala Ide🥰🙏🏼 My class🥰 Mary kay 💄💕 🏍️❤️ 🙋🏽‍♀️✨ ❤️ 👰🏻‍♀️💍🤵🏻‍♂️ 🥰📚👩🏻‍🏫 🐾🐦 ....🚗,,0,0,https://www.threads.com/@andressa_ajala?xmt=AQF0_oPkqZ2fgMMeHv5CglhwSDxReQTH1JZ782s94qM-Iiw,False,Pública,0,,,False,0,0,0
claudia_coordenacaopedagogica,,False,https://instagram.fpmw2-1.fna.fbcdn.net/v/t51.2885-19/505446239_18066438149033909_8840399367350589961_n.jpg?stp=dst-jpg_s150x150_tt6&efg=eyJ2ZW5jb2RlX3RhZyI6InByb2ZpbGVfcGljLmRqYW5nby4xMDgwLmMyIn0&_nc_ht=instagram.fpmw2-1.fna.fbcdn.net&_nc_cat=105&_nc_oc=Q6cZ2QGym2np1cKyslCgMronPLTcJlCmiEoEzMIoeYWr_TxoKzjWJZyDT8gJm6mMrULaoIM&_nc_ohc=xysYIvtF0HEQ7kNvwGKtCeV&_nc_gid=N4uvYvRQxmfTEThySH-Wzw&edm=APQMUHMBAAAA&ccb=7-5&oh=00_AfSenz-hKTA9tb59ym9jAPSSxcYVGd-wxGFNNxZu7k6rCA&oe=68928908&_nc_sid=6ff7c8,Seguir,"claudia_coordenacaopedagogica Cláudia 2.202 posts 2.202 1.510 1.510 6.371 6.371 Graduada em Pedagogia .Pós Graduada em Gestão e Coordenação Escolar,Olho D Água das Flores Al, trabalha na Escola Lino... mais Graduada em Pedagogia .Pós Graduada em Gestão e Coordenação Escolar,Olho D Água das Flores Al, trabalha na Escola Lino ... mais mais Destaques 5 ano C Gratidão 🙏 Plantar o Bem Fé",,,5,https://www.threads.com/@claudia_coordenacaopedagogica?xmt=AQF0vKfObU3LHwRcrvdckYx1nC9ZHjJJXIRsNB6kpBgQt50,False,Pública,0,,,False,0,0,0
livhia.soares,,False,https://instagram.fpmw2-1.fna.fbcdn.net/v/t51.2885-19/427714730_1453228798598904_6483661747284247778_n.jpg?stp=dst-jpg_s150x150_tt6&efg=eyJ2ZW5jb2RlX3RhZyI6InByb2ZpbGVfcGljLmRqYW5nby44MjguYzIifQ&_nc_ht=instagram.fpmw2-1.fna.fbcdn.net&_nc_cat=100&_nc_oc=Q6cZ2QGym2np1cKyslCgMronPLTcJlCmiEoEzMIoeYWr_TxoKzjWJZyDT8gJm6mMrULaoIM&_nc_ohc=AotctDQl1gYQ7kNvwHSDx4U&_nc_gid=N4uvYvRQxmfTEThySH-Wzw&edm=APQMUHMBAAAA&ccb=7-5&oh=00_AfQRL5twriy8xGJr2nLmyZvAa08X4_4PDnBTYCVXkzIVmg&oe=68926447&_nc_sid=6ff7c8,Seguir,,0,0,0,,False,Erro inesperado,0,,,False,0,0,0
tthamiris.07,,False,https://instagram.fpmw2-1.fna.fbcdn.net/v/t51.2885-19/517318213_17862534030430755_5492176160534350498_n.jpg?stp=dst-jpg_s150x150_tt6&efg=eyJ2ZW5jb2RlX3RhZyI6InByb2ZpbGVfcGljLmRqYW5nby4xMDgwLmMyIn0&_nc_ht=instagram.fpmw2-1.fna.fbcdn.net&_nc_cat=103&_nc_oc=Q6cZ2QF1kq6IGqFMzN9iSUeX9GD5en6drg6hqvprXvNY0hzFWP_v70I6XXqnEVRb1fIkaBg&_nc_ohc=hYHhECfN-nAQ7kNvwE_-FsD&_nc_gid=B0rWACfOc-o8tjpWkxCYKw&edm=APQMUHMBAAAA&ccb=7-5&oh=00_AfS8Wq8nGrIroVLoCYhA3XfYNBnIyjwOCG6uoL-iLQN0TA&oe=68927A21&_nc_sid=6ff7c8,Seguir,tthamiris.07 56 posts 56 654 654 1.829 1.829 ... mais mais,0,0,0,https://www.threads.com/@tthamiris.07?xmt=AQF0QdlivefD_qRcjD_JjM3iDS8KuDF0SB2AnlT0wjRGUGA,False,Pública,0,,,False,0,0,0
dayanegamaalcantara,,False,https://instagram.fpmw2-1.fna.fbcdn.net/v/t51.2885-19/518601538_18472881322074315_1984089910422800882_n.jpg?stp=dst-jpg_s150x150_tt6&efg=eyJ2ZW5jb2RlX3RhZyI6InByb2ZpbGVfcGljLmRqYW5nby44MjguYzIifQ&_nc_ht=instagram.fpmw2-1.fna.fbcdn.net&_nc_cat=103&_nc_oc=Q6cZ2QGym2np1cKyslCgMronPLTcJlCmiEoEzMIoeYWr_TxoKzjWJZyDT8gJm6mMrULaoIM&_nc_ohc=s3FJy-9_0m4Q7kNvwG4M0J5&_nc_gid=N4uvYvRQxmfTEThySH-Wzw&edm=APQMUHMBAAAA&ccb=7-5&oh=00_AfSGfElU34oUGBxGZ8EHRZehAk3XNKx_TToOao2drtWfHg&oe=689280D7&_nc_sid=6ff7c8,Seguir,dayanegamaalcantara Dayane Gama Alcântara 270 posts 270 281 281 1.247 1.247 ... mais mais,0,0,0,,False,Pública,0,,,False,0,0,0
celeste_mussa_10,,False,https://instagram.fpmw2-1.fna.fbcdn.net/v/t51.2885-19/467647286_1122137866202810_8146045033694521627_n.jpg?stp=dst-jpg_s150x150_tt6&efg=eyJ2ZW5jb2RlX3RhZyI6InByb2ZpbGVfcGljLmRqYW5nby4xMDgwLmMyIn0&_nc_ht=instagram.fpmw2-1.fna.fbcdn.net&_nc_cat=102&_nc_oc=Q6cZ2QGym2np1cKyslCgMronPLTcJlCmiEoEzMIoeYWr_TxoKzjWJZyDT8gJm6mMrULaoIM&_nc_ohc=6TtjDbTiDWYQ7kNvwFVrzum&_nc_gid=N4uvYvRQxmfTEThySH-Wzw&edm=APQMUHMBAAAA&ccb=7-5&oh=00_AfQR6e3aTMoKlienRbXDE-TH0zAOrm7yPjqYAi1KHad0SQ&oe=6892660E&_nc_sid=6ff7c8,Seguir,celeste_mussa_10 Mussaaa💕🦋 15 posts 15 1.672 1.672 2.954 2.954,0,0,0,https://www.threads.com/@celeste_mussa_10?xmt=AQF0T7ZlpBTdduaKgjZWeRfSwcJ190mTaQbQdkZj5QSZP3U,False,Pública,0,,,False,0,0,0
euliviallima,,False,https://instagram.fpmw2-1.fna.fbcdn.net/v/t51.2885-19/481358511_1181175756868285_8253998215415660531_n.jpg?stp=dst-jpg_s150x150_tt6&efg=eyJ2ZW5jb2RlX3RhZyI6InByb2ZpbGVfcGljLmRqYW5nby45ODMuYzIifQ&_nc_ht=instagram.fpmw2-1.fna.fbcdn.net&_nc_cat=101&_nc_oc=Q6cZ2QGym2np1cKyslCgMronPLTcJlCmiEoEzMIoeYWr_TxoKzjWJZyDT8gJm6mMrULaoIM&_nc_ohc=vzivaHVSyTYQ7kNvwEwtvL4&_nc_gid=N4uvYvRQxmfTEThySH-Wzw&edm=APQMUHMBAAAA&ccb=7-5&oh=00_AfS9dFmcctL6L7wCfIvKdWCYc4DxGqLqZDGdd5v7zyXtfQ&oe=689278D0&_nc_sid=6ff7c8,Seguir,"euliviallima Lívia Lima | Designer e edição 86 posts 86 518 518 847 847 Designer gráfico ✨ Edição de fotos e criação de álbuns com amor, cuidado e sensibilidade. ✍🏼 Mais de 5 anos cuidando de memórias. Qual... mais ✨ Edição de fotos e criação de álbuns com amor, cuidado e sensibilidade. ✍🏼 Mais de 5 anos cuidando de memórias. Qual ... mais mais wa.link/y4ubok Identidades Casamento Álbuns Trat. imagem",,0,0,https://www.threads.com/@euliviallima?xmt=AQF00AEtzkUEytUE-I_vrlyBXRShvmiYdvPNHbHScZeAIJI,False,Pública,0,,,False,0,0,0
ligiakulcenty,,False,https://instagram.fpmw2-1.fna.fbcdn.net/v/t51.2885-19/449028020_1535114890701382_5747129188401576250_n.jpg?stp=dst-jpg_s150x150_tt6&efg=eyJ2ZW5jb2RlX3RhZyI6InByb2ZpbGVfcGljLmRqYW5nby43MjAuYzIifQ&_nc_ht=instagram.fpmw2-1.fna.fbcdn.net&_nc_cat=110&_nc_oc=Q6cZ2QF1kq6IGqFMzN9iSUeX9GD5en6drg6hqvprXvNY0hzFWP_v70I6XXqnEVRb1fIkaBg&_nc_ohc=6ugLxGCBZqEQ7kNvwEVLUe2&_nc_gid=B0rWACfOc-o8tjpWkxCYKw&edm=APQMUHMBAAAA&ccb=7-5&oh=00_AfRLroRcdMoE3cfOdGkt4UdXY0AZLeM1IosSlyaGIDO9rg&oe=68929419&_nc_sid=6ff7c8,Seguir,ligiakulcenty Lígia 2 posts 2 660 660 2.101 2.101,0,0,0,https://www.threads.com/@ligiakulcenty?xmt=AQF0l05sJbPWIimyJB4Wefjm9WMZDR9wex96_G9uLMDhigU,False,Pública,0,,,False,0,0,0
hellen_keey,,False,https://instagram.fpmw2-1.fna.fbcdn.net/v/t51.2885-19/467108511_3425033494464458_2778958729848926817_n.jpg?stp=dst-jpg_s150x150_tt6&efg=eyJ2ZW5jb2RlX3RhZyI6InByb2ZpbGVfcGljLmRqYW5nby42MTIuYzIifQ&_nc_ht=instagram.fpmw2-1.fna.fbcdn.net&_nc_cat=102&_nc_oc=Q6cZ2QF1kq6IGqFMzN9iSUeX9GD5en6drg6hqvprXvNY0hzFWP_v70I6XXqnEVRb1fIkaBg&_nc_ohc=zBWHJpUH6u4Q7kNvwFy1Owr&_nc_gid=B0rWACfOc-o8tjpWkxCYKw&edm=APQMUHMBAAAA&ccb=7-5&oh=00_AfRqvYT_UmfGEA5eJbiTp2qkDw1q1IwxxuNIFS6YgRpeCw&oe=689292AE&_nc_sid=6ff7c8,Seguir,hellen_keey Hellen key 💚 40 posts 40 2.095 2.095 3.089 3.089 Nordestina | 🦅 Empreendedora | 🍱 Em constante evolução. 🪬 Isaías 40:29 🤍 sushipotiguar.comercio.net.br 🤍 Ícaro 🤍 🪬❤️ Correria 🫶🏻 Maeve 🐶🤍 Véia 🤍✨ ⚡️🔱 Dumbo🤍 SPP🌵🇧🇷 lupy🤍 work 🎥 Safira 🤍✨,,,,https://www.threads.com/@hellen_keey?xmt=AQF0BmX5tPX0XAcpHqBlPxOjW0uzwvu6j8k4Cx63O6BbFb0,False,Pública,0,,,False,0,0,0
ray170495,,False,https://instagram.fpmw2-1.fna.fbcdn.net/v/t51.2885-19/501293729_17857169535430600_6885302998003813292_n.jpg?stp=dst-jpg_s150x150_tt6&efg=eyJ2ZW5jb2RlX3RhZyI6InByb2ZpbGVfcGljLmRqYW5nby4zMjAuYzIifQ&_nc_ht=instagram.fpmw2-1.fna.fbcdn.net&_nc_cat=104&_nc_oc=Q6cZ2QF1kq6IGqFMzN9iSUeX9GD5en6drg6hqvprXvNY0hzFWP_v70I6XXqnEVRb1fIkaBg&_nc_ohc=oWdxuOfsQlUQ7kNvwEqHtIN&_nc_gid=B0rWACfOc-o8tjpWkxCYKw&edm=APQMUHMBAAAA&ccb=7-5&oh=00_AfQH7BIHCHp4qNt-aWA30qUzgTxTuhWOPPqLp42kJYBgrA&oe=68928A36&_nc_sid=6ff7c8,Seguir,ray170495 Raii Ferreira 1 post 1 70 70 269 269 mamãe de Rafael 🧑💙 mamãe do Miguel 🧒💙,0,0,0,https://www.threads.com/@ray170495?xmt=AQF0Ld4M-i7YMu1KvSFab9smXT0IZZ6tBLZF2bd-rpZwwHk,False,Pública,0,,,False,0,0,0
pamella_rakell,,False,https://instagram.fpmw2-1.fna.fbcdn.net/v/t51.2885-19/436254431_417003501261422_2376562872255216745_n.jpg?stp=dst-jpg_s150x150_tt6&efg=eyJ2ZW5jb2RlX3RhZyI6InByb2ZpbGVfcGljLmRqYW5nby4xMDgwLmMyIn0&_nc_ht=instagram.fpmw2-1.fna.fbcdn.net&_nc_cat=102&_nc_oc=Q6cZ2QF1kq6IGqFMzN9iSUeX9GD5en6drg6hqvprXvNY0hzFWP_v70I6XXqnEVRb1fIkaBg&_nc_ohc=c3VXToUTU64Q7kNvwFOFIpS&_nc_gid=B0rWACfOc-o8tjpWkxCYKw&edm=APQMUHMBAAAA&ccb=7-5&oh=00_AfT6LGJmEgdA8tEavK3l8XVgZNWYwAg46NtebKMu5GXm6w&oe=6892658F&_nc_sid=6ff7c8,Seguir,pamella_rakell Pâmella Raquel 52 posts 52 1.173 1.173 2.165 2.165 Professora de matemática e física 💕 Em um relacionamento sério 🥰 Bsb Eu mesma 🩷 lugares♡ 🤍 Profissão ♡ fofuras♡,0,0,0,https://www.threads.com/@pamella_rakell?xmt=AQF0pkvnxaw-9bT33o6hNQ0A3yN584F-MqLMo90-CYJzY3E,False,Pública,0,,,False,0,0,0
lyne_rosah,,False,https://instagram.fpmw2-1.fna.fbcdn.net/v/t51.2885-19/463495481_556766983666754_2593609015694477230_n.jpg?stp=dst-jpg_s150x150_tt6&efg=eyJ2ZW5jb2RlX3RhZyI6InByb2ZpbGVfcGljLmRqYW5nby4xMDgwLmMyIn0&_nc_ht=instagram.fpmw2-1.fna.fbcdn.net&_nc_cat=102&_nc_oc=Q6cZ2QH9bwbalinQzPba_2rIfCgvB_G3VffJxBOnHjbn-YvTBfgTyYV4untjdmeqCd-OqLs&_nc_ohc=HiinPtcNORgQ7kNvwFi9jVz&_nc_gid=Rr-Iu1P5Ie4CI7aN2CNksg&edm=APQMUHMBAAAA&ccb=7-5&oh=00_AfTnsS7S8_F3RHJuwcybBw4QvNk9k4MUk7wvwQCvVqDBUQ&oe=68926555&_nc_sid=6ff7c8,Seguir,lyne_rosah Alline Rosa 235 posts 235 645 645 1.141 1.141,0,0,0,,False,Pública,0,,,False,0,0,0
weberson.pereira01,,False,https://instagram.fpmw2-1.fna.fbcdn.net/v/t51.2885-19/516824487_18050236250614530_6536841465678436146_n.jpg?stp=dst-jpg_s150x150_tt6&efg=eyJ2ZW5jb2RlX3RhZyI6InByb2ZpbGVfcGljLmRqYW5nby44MjguYzIifQ&_nc_ht=instagram.fpmw2-1.fna.fbcdn.net&_nc_cat=106&_nc_oc=Q6cZ2QF1kq6IGqFMzN9iSUeX9GD5en6drg6hqvprXvNY0hzFWP_v70I6XXqnEVRb1fIkaBg&_nc_ohc=V91ctVwvchsQ7kNvwFelwb0&_nc_gid=B0rWACfOc-o8tjpWkxCYKw&edm=APQMUHMBAAAA&ccb=7-5&oh=00_AfSYgn-rskPb3D5274kJ5uV17WoRPejETjg7Q3Rl4-niqw&oe=689294C4&_nc_sid=6ff7c8,Seguir,weberson.pereira01 Weberson 2 posts 2 1.189 1.189 1.965 1.965,0,0,0,https://www.threads.com/@weberson.pereira01?xmt=AQF0KomsSMVYFPx0no1E093IMM3zHQLddcujRwbvi7Ghv2s,False,Pública,0,,,False,0,0,0
encantodoceps,,False,https://instagram.fpmw2-1.fna.fbcdn.net/v/t51.2885-19/424561374_1725074901349529_3421119724216416616_n.jpg?stp=dst-jpg_s150x150_tt6&efg=eyJ2ZW5jb2RlX3RhZyI6InByb2ZpbGVfcGljLmRqYW5nby4xMDgwLmMyIn0&_nc_ht=instagram.fpmw2-1.fna.fbcdn.net&_nc_cat=105&_nc_oc=Q6cZ2QF1kq6IGqFMzN9iSUeX9GD5en6drg6hqvprXvNY0hzFWP_v70I6XXqnEVRb1fIkaBg&_nc_ohc=14D3joWA4SwQ7kNvwHJxCRS&_nc_gid=B0rWACfOc-o8tjpWkxCYKw&edm=APQMUHMBAAAA&ccb=7-5&oh=00_AfSx5Y39VZy7Ql4U8-hBqelCpxsqM6R1aMR4uX_1ilCk4Q&oe=6892654A&_nc_sid=6ff7c8,Seguir,,0,0,0,,False,Erro inesperado,0,,,False,0,0,0
suellensslr,,False,https://instagram.fpmw2-1.fna.fbcdn.net/v/t51.2885-19/502751578_18074535487926980_3900757886564136041_n.jpg?stp=dst-jpg_s150x150_tt6&efg=eyJ2ZW5jb2RlX3RhZyI6InByb2ZpbGVfcGljLmRqYW5nby4xMDgwLmMyIn0&_nc_ht=instagram.fpmw2-1.fna.fbcdn.net&_nc_cat=108&_nc_oc=Q6cZ2QF1kq6IGqFMzN9iSUeX9GD5en6drg6hqvprXvNY0hzFWP_v70I6XXqnEVRb1fIkaBg&_nc_ohc=z97HHVu0yeIQ7kNvwEPFWG2&_nc_gid=B0rWACfOc-o8tjpWkxCYKw&edm=APQMUHMBAAAA&ccb=7-5&oh=00_AfRNtsmcfAlkPZQpZaPRExuq2rmk323YbkOZgZJN6WzHyg&oe=68927DCD&_nc_sid=6ff7c8,Seguir,,0,0,0,,False,Erro de carregamento,0,,,False,0,0,0
costasulba,,False,https://instagram.fpmw2-1.fna.fbcdn.net/v/t51.2885-19/435543386_1100664004531380_6659521912149228554_n.jpg?stp=dst-jpg_s150x150_tt6&efg=eyJ2ZW5jb2RlX3RhZyI6InByb2ZpbGVfcGljLmRqYW5nby44ODEuYzIifQ&_nc_ht=instagram.fpmw2-1.fna.fbcdn.net&_nc_cat=100&_nc_oc=Q6cZ2QF1kq6IGqFMzN9iSUeX9GD5en6drg6hqvprXvNY0hzFWP_v70I6XXqnEVRb1fIkaBg&_nc_ohc=_CCBR_dURyEQ7kNvwH8JWbV&_nc_gid=B0rWACfOc-o8tjpWkxCYKw&edm=APQMUHMBAAAA&ccb=7-5&oh=00_AfQrlO05UWWpVxOOGiBdFLzTKEswlP65-s_EyQpkjiaa7w&oe=6892629D&_nc_sid=6ff7c8,Seguir,"costasulba Costa Sul Representações 158 posts 158 612 612 1.946 1.946 Produto/serviço 🍨Duas Rodas 🥣Prack Os melhores produtos para o segmento de gelatos, confeitaria e indústrias alimentícias. 👇🏻 Link... mais 🍨Duas Rodas 🥣Prack Os melhores produtos para o segmento de gelatos, confeitaria e indústrias alimentícias. 👇🏻 Link ... mais mais www.costasulba.com.br Sorvete 🍨 Confeitaria🧁 Aromas🍸 Prack 🍧 Chocolate 🍫 Casquinha🍦",,,0,https://www.threads.com/@costasulba?xmt=AQF0Ik5-irIIu92MpoxpHL_esxJr0LNIumYWXkH1WjLGFsQ,False,Pública,0,,,False,0,0,0
_eduarda.nogueira_,,False,https://instagram.fpmw2-1.fna.fbcdn.net/v/t51.2885-19/515589935_18071864311983927_5176038769743880512_n.jpg?stp=dst-jpg_s150x150_tt6&efg=eyJ2ZW5jb2RlX3RhZyI6InByb2ZpbGVfcGljLmRqYW5nby4xMDY4LmMyIn0&_nc_ht=instagram.fpmw2-1.fna.fbcdn.net&_nc_cat=103&_nc_oc=Q6cZ2QF1kq6IGqFMzN9iSUeX9GD5en6drg6hqvprXvNY0hzFWP_v70I6XXqnEVRb1fIkaBg&_nc_ohc=HMsLxeSrduYQ7kNvwFCVI2p&_nc_gid=B0rWACfOc-o8tjpWkxCYKw&edm=APQMUHMBAAAA&ccb=7-5&oh=00_AfSQyQPWo7stIIMZSXwMjO5VpHJurpgiyCd9hn9JEQ5izQ&oe=68928C67&_nc_sid=6ff7c8,Seguir,_eduarda.nogueira_ Maria Eduarda Nogueira 39 posts 39 3.452 3.452 4.396 4.396 ☤ -5/6 Js:1-9 Educadora 📚✍️ E.N places ♡ ✞♡,,,,,False,Pública,0,,,False,0,0,0
zizia78,,False,https://instagram.fpmw2-1.fna.fbcdn.net/v/t51.2885-19/76849512_438325776841913_6924605536017055744_n.jpg?stp=dst-jpg_s150x150_tt6&efg=eyJ2ZW5jb2RlX3RhZyI6InByb2ZpbGVfcGljLmRqYW5nby45NjAuYzIifQ&_nc_ht=instagram.fpmw2-1.fna.fbcdn.net&_nc_cat=105&_nc_oc=Q6cZ2QF1kq6IGqFMzN9iSUeX9GD5en6drg6hqvprXvNY0hzFWP_v70I6XXqnEVRb1fIkaBg&_nc_ohc=9y_6UY2snicQ7kNvwEVcBZO&_nc_gid=B0rWACfOc-o8tjpWkxCYKw&edm=APQMUHMBAAAA&ccb=7-5&oh=00_AfSgkbplgp6NhkHmPWunM9AwVqXMZN8OY4sFqGQ-AmJqBA&oe=68927F3F&_nc_sid=6ff7c8,Seguir,zizia78 Renato Dos Santos Sousa 17 posts 17 535 535 1.153 1.153 Zizia maelly,0,0,0,https://www.facebook.com/profile.php?id=100002701230877&ref=_ig_profile_ac,False,Pública,0,,,False,0,0,0
andriassuncao,,False,https://instagram.fpmw2-1.fna.fbcdn.net/v/t51.2885-19/355433850_817425983098617_4746509272790144215_n.jpg?stp=dst-jpg_s150x150_tt6&efg=eyJ2ZW5jb2RlX3RhZyI6InByb2ZpbGVfcGljLmRqYW5nby4xMDgwLmMyIn0&_nc_ht=instagram.fpmw2-1.fna.fbcdn.net&_nc_cat=109&_nc_oc=Q6cZ2QFn8j1h3w2hrPkRhVE57-T5IXxyMkHXd1uWou-RNadaR4NCwZ0boJvUOOEkwkWV7kg&_nc_ohc=unpiVB_ctf0Q7kNvwH4zS-L&_nc_gid=kaCDnanLcilDxIbKMdjKyg&edm=APQMUHMBAAAA&ccb=7-5&oh=00_AfRkUAJr7rnWw8PiuBNPp7J3ok_ejCUclUnVaPM1AqLqUQ&oe=689263F2&_nc_sid=6ff7c8,Seguir,andriassuncao Andriéli Assunção 57 posts 57 2.448 2.448 3.846 3.846 ... mais mais,0,0,0,,False,Pública,0,,,False,0,0,0
agronoma.camilasomavilla,,False,https://instagram.fpmw2-1.fna.fbcdn.net/v/t51.2885-19/519635266_18514644709051498_1116274064135955944_n.jpg?stp=dst-jpg_s150x150_tt6&efg=eyJ2ZW5jb2RlX3RhZyI6InByb2ZpbGVfcGljLmRqYW5nby4xMDgwLmMyIn0&_nc_ht=instagram.fpmw2-1.fna.fbcdn.net&_nc_cat=110&_nc_oc=Q6cZ2QFn8j1h3w2hrPkRhVE57-T5IXxyMkHXd1uWou-RNadaR4NCwZ0boJvUOOEkwkWV7kg&_nc_ohc=_3PC_PoxqWUQ7kNvwGrWbuR&_nc_gid=kaCDnanLcilDxIbKMdjKyg&edm=APQMUHMBAAAA&ccb=7-5&oh=00_AfTH_5ViKIN7pahugSyM-zn5dbXBh1MS7gujpvVcT5I8Cg&oe=68927B53&_nc_sid=6ff7c8,Seguir,"agronoma.camilasomavilla Camila Somavilla 56 posts 56 1.360 1.360 2.840 2.840 🌾Eng. Agrônoma, MBA Agronegócio USP 👩🏼‍💻Assistência e laudos técnicos, avaliação de imóveis rurais... mais 🌾Eng. Agrônoma, MBA Agronegócio USP 👩🏼‍💻Assistência e laudos técnicos, avaliação de imóveis rurais ... mais mais",0,0,0,,False,Pública,0,,,False,0,0,0
adillamanhaes,,False,https://instagram.fpmw2-1.fna.fbcdn.net/v/t51.2885-19/52014141_380771732475019_5597310480906452992_n.jpg?stp=dst-jpg_s150x150_tt6&efg=eyJ2ZW5jb2RlX3RhZyI6InByb2ZpbGVfcGljLmRqYW5nby41NDAuYzIifQ&_nc_ht=instagram.fpmw2-1.fna.fbcdn.net&_nc_cat=107&_nc_oc=Q6cZ2QH9bwbalinQzPba_2rIfCgvB_G3VffJxBOnHjbn-YvTBfgTyYV4untjdmeqCd-OqLs&_nc_ohc=FccGSK56jjAQ7kNvwEcOtmn&_nc_gid=Rr-Iu1P5Ie4CI7aN2CNksg&edm=APQMUHMBAAAA&ccb=7-5&oh=00_AfS4SOKbZoUBuRXLz7aVDUxH1ll37vwb5bo7J2vD1OBcUQ&oe=6892860D&_nc_sid=6ff7c8,Seguir,adillamanhaes Adilla Manhães 7 posts 7 468 468 1.924 1.924 Destaques,0,0,0,https://www.threads.com/@adillamanhaes?xmt=AQF0LIMEZPU4eCuhtSRO2uQYiFXwPuev3YOr5XCA3Npp_qE,False,Pública,0,,,False,0,0,0
rosapaulo2986,,False,https://instagram.fpmw2-1.fna.fbcdn.net/v/t51.2885-19/472712359_969567601769333_7162110343445309745_n.jpg?stp=dst-jpg_s150x150_tt6&efg=eyJ2ZW5jb2RlX3RhZyI6InByb2ZpbGVfcGljLmRqYW5nby4xMDgwLmMyIn0&_nc_ht=instagram.fpmw2-1.fna.fbcdn.net&_nc_cat=105&_nc_oc=Q6cZ2QH9bwbalinQzPba_2rIfCgvB_G3VffJxBOnHjbn-YvTBfgTyYV4untjdmeqCd-OqLs&_nc_ohc=mTvgNB-eSk4Q7kNvwF_8qA1&_nc_gid=Rr-Iu1P5Ie4CI7aN2CNksg&edm=APQMUHMBAAAA&ccb=7-5&oh=00_AfQnM6waomZ-GoGLLVBMYqOg0L9kjFcLLvIjgrShvnRtQg&oe=68929109&_nc_sid=6ff7c8,Seguir,,0,0,0,,False,Erro de carregamento,0,,,False,0,0,0
psirobertamassler,,False,https://instagram.fpmw2-1.fna.fbcdn.net/v/t51.2885-19/272297196_4814935238614314_231345674201705891_n.jpg?stp=dst-jpg_s150x150_tt6&efg=eyJ2ZW5jb2RlX3RhZyI6InByb2ZpbGVfcGljLmRqYW5nby42ODIuYzIifQ&_nc_ht=instagram.fpmw2-1.fna.fbcdn.net&_nc_cat=106&_nc_oc=Q6cZ2QH9bwbalinQzPba_2rIfCgvB_G3VffJxBOnHjbn-YvTBfgTyYV4untjdmeqCd-OqLs&_nc_ohc=ot5J5b3k0dgQ7kNvwEC0zWZ&_nc_gid=Rr-Iu1P5Ie4CI7aN2CNksg&edm=APQMUHMBAAAA&ccb=7-5&oh=00_AfQqvBSa0hnUlFeZpcTf2Pu86QOmnI_ol0noa7an7IZqNg&oe=6892760E&_nc_sid=6ff7c8,Seguir,linktr.ee/psirobertamassler psirobertamassler psirobertamassler Psicóloga Roberta Massler 191 posts 191 682 682 371 371 CRP 11/1743 🤷🏼‍♀️Qual direção tomar? Acredito que posso te ajudar 🍂Psicóloga/ Orient. Profissional 🦋Autoconhecimento é l... mais CRP 11/1743 🤷🏼‍♀️Qual direção tomar? Acredito que posso te ajudar 🍂Psicóloga/ Orient. Profissional 🦋Autoconhecimento é l ... mais mais linktr.ee/psirobertamassler Psicoterapia Vivências Atendimento Carreira Vestibulares,,,0,https://www.threads.com/@psirobertamassler?xmt=AQF0BgnMjKArqfkk74zD-jrkS8uWxoyLAMl5HoFTk8Dl5fA,False,Pública,0,,,False,0,0,0
eae_affx,,False,https://instagram.fpmw2-1.fna.fbcdn.net/v/t51.2885-19/517600428_17875856805375823_347757863143237427_n.jpg?stp=dst-jpg_s150x150_tt6&efg=eyJ2ZW5jb2RlX3RhZyI6InByb2ZpbGVfcGljLmRqYW5nby4xMDc4LmMyIn0&_nc_ht=instagram.fpmw2-1.fna.fbcdn.net&_nc_cat=107&_nc_oc=Q6cZ2QH9bwbalinQzPba_2rIfCgvB_G3VffJxBOnHjbn-YvTBfgTyYV4untjdmeqCd-OqLs&_nc_ohc=cuRmYgDqgvAQ7kNvwFqCc13&_nc_gid=Rr-Iu1P5Ie4CI7aN2CNksg&edm=APQMUHMBAAAA&ccb=7-5&oh=00_AfTOHzYDKEyiUQ-XgsNMdu1FN35kuD49_we3Nw9AQwUmrQ&oe=68928E83&_nc_sid=6ff7c8,Seguir,,0,0,0,,False,Erro de carregamento,0,,,False,0,0,0
brunafritzenm,,False,https://instagram.fpmw2-1.fna.fbcdn.net/v/t51.2885-19/491442105_1112768234221556_1745745638387060550_n.jpg?stp=dst-jpg_s150x150_tt6&efg=eyJ2ZW5jb2RlX3RhZyI6InByb2ZpbGVfcGljLmRqYW5nby4xMDgwLmMyIn0&_nc_ht=instagram.fpmw2-1.fna.fbcdn.net&_nc_cat=108&_nc_oc=Q6cZ2QH9bwbalinQzPba_2rIfCgvB_G3VffJxBOnHjbn-YvTBfgTyYV4untjdmeqCd-OqLs&_nc_ohc=wfP8CfGGwVAQ7kNvwHINxrb&_nc_gid=Rr-Iu1P5Ie4CI7aN2CNksg&edm=APQMUHMBAAAA&ccb=7-5&oh=00_AfRAUoLmeS9ejxJ0lx68m83rBww8OMKUhMxBDT40gu3Kaw&oe=689273CB&_nc_sid=6ff7c8,Seguir,,0,0,0,,False,Erro inesperado,0,,,False,0,0,0
raianesouza246,,False,https://instagram.fpmw2-1.fna.fbcdn.net/v/t51.2885-19/448477427_1129389741617408_5028400285926958805_n.jpg?stp=dst-jpg_s150x150_tt6&efg=eyJ2ZW5jb2RlX3RhZyI6InByb2ZpbGVfcGljLmRqYW5nby43MjAuYzIifQ&_nc_ht=instagram.fpmw2-1.fna.fbcdn.net&_nc_cat=108&_nc_oc=Q6cZ2QH9bwbalinQzPba_2rIfCgvB_G3VffJxBOnHjbn-YvTBfgTyYV4untjdmeqCd-OqLs&_nc_ohc=_EfajhZI-zkQ7kNvwH-zDKg&_nc_gid=Rr-Iu1P5Ie4CI7aN2CNksg&edm=APQMUHMBAAAA&ccb=7-5&oh=00_AfQ3YDHaSQ_jhUYRu7MD21rf4XXmGL4Pl-3EmOILsnalEA&oe=68927F90&_nc_sid=6ff7c8,Seguir,raianesouza246 Raiane souza 2 posts 2 512 512 2.992 2.992 casada com Fabiano❤️❤️ mamãe do Alberth 🥰❤️ O senhor é meu pastor e nada me faltará 🙏🙏🙏,0,0,0,,False,Pública,0,,,False,0,0,0
laires_silvaa,,False,https://instagram.fpmw2-1.fna.fbcdn.net/v/t51.2885-19/516559613_18068122082326241_4894180106377938326_n.jpg?stp=dst-jpg_s150x150_tt6&efg=eyJ2ZW5jb2RlX3RhZyI6InByb2ZpbGVfcGljLmRqYW5nby4xMDgwLmMyIn0&_nc_ht=instagram.fpmw2-1.fna.fbcdn.net&_nc_cat=105&_nc_oc=Q6cZ2QFn8j1h3w2hrPkRhVE57-T5IXxyMkHXd1uWou-RNadaR4NCwZ0boJvUOOEkwkWV7kg&_nc_ohc=4827Im_5kNMQ7kNvwFU1z_M&_nc_gid=kaCDnanLcilDxIbKMdjKyg&edm=APQMUHMBAAAA&ccb=7-5&oh=00_AfR9ZU_42hj8HVs9KrY0m8b-kLZ5rhoRugclDd8a4UT2LQ&oe=68928E06&_nc_sid=6ff7c8,Seguir,laires_silvaa Laíres Silva 8 posts 8 679 679 675 675 ❤️ ✨️🙏🏽,,,0,https://www.threads.com/@laires_silvaa?xmt=AQF0HfcpqFaaJ85fn7phuc6swIYLKmD3YeivZ5VCHmu_G9M,False,Pública,0,,,False,0,0,0
joyciane382,,False,https://instagram.fpmw2-1.fna.fbcdn.net/v/t51.2885-19/518837445_17906676057189464_2906080811028719427_n.jpg?stp=dst-jpg_s150x150_tt6&efg=eyJ2ZW5jb2RlX3RhZyI6InByb2ZpbGVfcGljLmRqYW5nby4xMDgwLmMyIn0&_nc_ht=instagram.fpmw2-1.fna.fbcdn.net&_nc_cat=108&_nc_oc=Q6cZ2QFn8j1h3w2hrPkRhVE57-T5IXxyMkHXd1uWou-RNadaR4NCwZ0boJvUOOEkwkWV7kg&_nc_ohc=_jqjv0JCodkQ7kNvwFgeJAP&_nc_gid=kaCDnanLcilDxIbKMdjKyg&edm=APQMUHMBAAAA&ccb=7-5&oh=00_AfTH1qS7oFJ3KWm-6Q_EHrsCSNmddh_5eAU_Gj6kqKed2Q&oe=6892665A&_nc_sid=6ff7c8,Seguir,joyciane382 joyciane da Silva 2 posts 2 204 204 423 423,0,0,0,https://www.threads.com/@joyciane382?xmt=AQF0g3yJ9lq6EAx7AlBgLArn06_RXvULF_3tryMV4Fg8xAs,False,Pública,0,,,False,0,0,0
lanara_souza,,False,https://instagram.fpmw2-1.fna.fbcdn.net/v/t51.2885-19/326684243_152588284246075_4909147900038195869_n.jpg?stp=dst-jpg_s150x150_tt6&efg=eyJ2ZW5jb2RlX3RhZyI6InByb2ZpbGVfcGljLmRqYW5nby4xMDgwLmMyIn0&_nc_ht=instagram.fpmw2-1.fna.fbcdn.net&_nc_cat=107&_nc_oc=Q6cZ2QFn8j1h3w2hrPkRhVE57-T5IXxyMkHXd1uWou-RNadaR4NCwZ0boJvUOOEkwkWV7kg&_nc_ohc=XEfQJ8qmfDkQ7kNvwGNRL-z&_nc_gid=kaCDnanLcilDxIbKMdjKyg&edm=APQMUHMBAAAA&ccb=7-5&oh=00_AfQoefldboWDeY175GCFQd_v1hXikhz9mq2hGXxC2VQhyA&oe=68925FF6&_nc_sid=6ff7c8,Seguir,,0,0,0,,False,Erro inesperado,0,,,False,0,0,0
xcsbe.ca,,False,https://instagram.fpmw2-1.fna.fbcdn.net/v/t51.2885-19/521935078_17855085813474159_6685792491651743599_n.jpg?stp=dst-jpg_s150x150_tt6&efg=eyJ2ZW5jb2RlX3RhZyI6InByb2ZpbGVfcGljLmRqYW5nby4xMDgwLmMyIn0&_nc_ht=instagram.fpmw2-1.fna.fbcdn.net&_nc_cat=103&_nc_oc=Q6cZ2QHVWB4JbDSwEU-XSLmiDBc_hr8HLtPK4fqoFFHI4ZhRnLlzhjvctsxZD-yYCy1vDZA&_nc_ohc=2tYXIwuX4_4Q7kNvwFsEK4L&_nc_gid=ExRy01ErHmUptvGUy5ihdw&edm=APQMUHMBAAAA&ccb=7-5&oh=00_AfSLXSipPU8dNc6DB9IfynQL0-i2afs0Z_VG_FxISBJmRA&oe=68927D90&_nc_sid=6ff7c8,Seguir,xcsbe.ca BECKA 👑 4 posts 4 161 161 2.193 2.193,0,0,0,https://www.threads.com/@xcsbe.ca?xmt=AQF0dlcCI5n2XwGdL7tvf8mTc_EiTMVaPAkTNRf6Of_jSaU,False,Pública,0,,,False,0,0,0
sarinha_vale97,,False,https://instagram.fpmw2-1.fna.fbcdn.net/v/t51.2885-19/521256027_18381444202121057_1336000395899339507_n.jpg?stp=dst-jpg_s150x150_tt6&efg=eyJ2ZW5jb2RlX3RhZyI6InByb2ZpbGVfcGljLmRqYW5nby4xMDgwLmMyIn0&_nc_ht=instagram.fpmw2-1.fna.fbcdn.net&_nc_cat=105&_nc_oc=Q6cZ2QHVWB4JbDSwEU-XSLmiDBc_hr8HLtPK4fqoFFHI4ZhRnLlzhjvctsxZD-yYCy1vDZA&_nc_ohc=zltZApOJQzYQ7kNvwFZtaW0&_nc_gid=ExRy01ErHmUptvGUy5ihdw&edm=APQMUHMBAAAA&ccb=7-5&oh=00_AfRqUHvfq5DlzG0oY3vzPQ5SdM7PMfQb1hU0kcWLtfm9dw&oe=68926ACB&_nc_sid=6ff7c8,Seguir,sarinha_vale97 Sarah Raquel 169 posts 169 413 413 691 691 Cristã⛪ Mãe de um lindo casal🥰 Meu coração é D'ele ❤️ Casada💍 Nosso grande dia 18/07,0,0,0,https://www.threads.com/@sarinha_vale97?xmt=AQF0JJctoz-nj4SLscLBuCBjFDetwMGghD7FlEe33Xb_7ms,False,Pública,0,,,False,0,0,0
advitalomartins,,False,https://instagram.fpmw2-1.fna.fbcdn.net/v/t51.2885-19/292471655_1404348099977320_6964019821102478774_n.jpg?stp=dst-jpg_s150x150_tt6&efg=eyJ2ZW5jb2RlX3RhZyI6InByb2ZpbGVfcGljLmRqYW5nby4xMDgwLmMyIn0&_nc_ht=instagram.fpmw2-1.fna.fbcdn.net&_nc_cat=104&_nc_oc=Q6cZ2QHVWB4JbDSwEU-XSLmiDBc_hr8HLtPK4fqoFFHI4ZhRnLlzhjvctsxZD-yYCy1vDZA&_nc_ohc=PsW62vq8imYQ7kNvwFBLPPD&_nc_gid=ExRy01ErHmUptvGUy5ihdw&edm=APQMUHMBAAAA&ccb=7-5&oh=00_AfTCtPP5dkn1HdU_MCx62hRe5cafG5Ps17vd2IJK0lS71g&oe=689287BE&_nc_sid=6ff7c8,Seguir,advitalomartins Ítalo Martins 3 posts 3 1.983 1.983 1.992 1.992 🔒♥️ ⚖️ Advogado Cível e Criminal 📚 Pós-graduado e especialista 👇🏼 Telefone/Whatsapp wa.me/message/E6JQ2A43WW23K1 Treinos Advocacia,,,0,,False,Pública,0,,,False,0,0,0
claudiaferreiranice,,False,https://instagram.fpmw2-1.fna.fbcdn.net/v/t51.2885-19/449646029_1008162827611441_2873139728796105644_n.jpg?stp=dst-jpg_s150x150_tt6&efg=eyJ2ZW5jb2RlX3RhZyI6InByb2ZpbGVfcGljLmRqYW5nby40MDMuYzIifQ&_nc_ht=instagram.fpmw2-1.fna.fbcdn.net&_nc_cat=101&_nc_oc=Q6cZ2QHVWB4JbDSwEU-XSLmiDBc_hr8HLtPK4fqoFFHI4ZhRnLlzhjvctsxZD-yYCy1vDZA&_nc_ohc=qBQfVbBVwZ4Q7kNvwG5exm-&_nc_gid=ExRy01ErHmUptvGUy5ihdw&edm=APQMUHMBAAAA&ccb=7-5&oh=00_AfRuoqapB9f6MHzg1gMoaiePlsztFTOCInhTp-EYPgv7ZQ&oe=689272C8&_nc_sid=6ff7c8,Seguir,claudiaferreiranice Claudia Ferreira 4 posts 4 412 412 1.671 1.671 Destaques,,,0,,False,Pública,0,,,False,0,0,0
gerson.pdf,,False,https://instagram.fpmw2-1.fna.fbcdn.net/v/t51.2885-19/472333918_414998774936222_1984100336911582783_n.jpg?stp=dst-jpg_s150x150_tt6&efg=eyJ2ZW5jb2RlX3RhZyI6InByb2ZpbGVfcGljLmRqYW5nby44NTIuYzIifQ&_nc_ht=instagram.fpmw2-1.fna.fbcdn.net&_nc_cat=102&_nc_oc=Q6cZ2QH9bwbalinQzPba_2rIfCgvB_G3VffJxBOnHjbn-YvTBfgTyYV4untjdmeqCd-OqLs&_nc_ohc=zVaL_QTHHSsQ7kNvwHof6vc&_nc_gid=Rr-Iu1P5Ie4CI7aN2CNksg&edm=APQMUHMBAAAA&ccb=7-5&oh=00_AfTsN15TIBTeu6zz7Ibb75qjOZlT-TqGA-94n_auKXLS0w&oe=68926FEA&_nc_sid=6ff7c8,Seguir,,0,0,0,,False,Erro de carregamento,0,,,False,0,0,0
eaiicamila,,False,https://instagram.fpmw2-1.fna.fbcdn.net/v/t51.2885-19/152545593_450743732838927_8170010688480904694_n.jpg?stp=dst-jpg_s150x150_tt6&efg=eyJ2ZW5jb2RlX3RhZyI6InByb2ZpbGVfcGljLmRqYW5nby45NjAuYzIifQ&_nc_ht=instagram.fpmw2-1.fna.fbcdn.net&_nc_cat=103&_nc_oc=Q6cZ2QHVWB4JbDSwEU-XSLmiDBc_hr8HLtPK4fqoFFHI4ZhRnLlzhjvctsxZD-yYCy1vDZA&_nc_ohc=2MHWSwiZ1SwQ7kNvwGS94kI&_nc_gid=ExRy01ErHmUptvGUy5ihdw&edm=APQMUHMBAAAA&ccb=7-5&oh=00_AfQIr2SSigrji0Bhoy-rr-Y0uiHf6gqWj-IzLsAdOR92eA&oe=6892610B&_nc_sid=6ff7c8,Seguir,,0,0,0,,False,Erro de carregamento,0,,,False,0,0,0
girley_miranda,,False,https://instagram.fpmw2-1.fna.fbcdn.net/v/t51.2885-19/369997462_3158689587766657_4504188196192689106_n.jpg?stp=dst-jpg_s150x150_tt6&efg=eyJ2ZW5jb2RlX3RhZyI6InByb2ZpbGVfcGljLmRqYW5nby45NjAuYzIifQ&_nc_ht=instagram.fpmw2-1.fna.fbcdn.net&_nc_cat=101&_nc_oc=Q6cZ2QHVWB4JbDSwEU-XSLmiDBc_hr8HLtPK4fqoFFHI4ZhRnLlzhjvctsxZD-yYCy1vDZA&_nc_ohc=b4AftR0XzJ0Q7kNvwGRvMHW&_nc_gid=ExRy01ErHmUptvGUy5ihdw&edm=APQMUHMBAAAA&ccb=7-5&oh=00_AfRkxx3WloS43MLuxnJGLuH99qbcI3TcqYy1JW3HHsoyzw&oe=68926A46&_nc_sid=6ff7c8,Seguir,girley_miranda Girley Miranda 17 posts 17 1.130 1.130 3.488 3.488 Mamãe da Louise 👧🏼 👩🏼‍🎓ADM por formação 📍 Canaã dos Carajás whatsfacil.com/960c5d Louise Destaques,,,0,https://www.threads.com/@girley_miranda?xmt=AQF092RVWEK4nBlHJ19RfQXUyUfvcRMBYn_Q8psQm5kyMaE,False,Pública,0,,,False,0,0,0
juliany_carvalho,,False,https://instagram.fpmw2-1.fna.fbcdn.net/v/t51.2885-19/472341884_937752331346001_331295195463638604_n.jpg?stp=dst-jpg_s150x150_tt6&efg=eyJ2ZW5jb2RlX3RhZyI6InByb2ZpbGVfcGljLmRqYW5nby4xMDgwLmMyIn0&_nc_ht=instagram.fpmw2-1.fna.fbcdn.net&_nc_cat=109&_nc_oc=Q6cZ2QHVWB4JbDSwEU-XSLmiDBc_hr8HLtPK4fqoFFHI4ZhRnLlzhjvctsxZD-yYCy1vDZA&_nc_ohc=UhKrWOIXve0Q7kNvwEdr0x4&_nc_gid=ExRy01ErHmUptvGUy5ihdw&edm=APQMUHMBAAAA&ccb=7-5&oh=00_AfTBpuyi29lPbYE5WpRanNsqCyrjbp_0VZ4QvWXmtK47oQ&oe=68929138&_nc_sid=6ff7c8,Seguir,juliany_carvalho Juliany 33 posts 33 1.768 1.768 1.072 1.072 📍| GO Ψ |Acadêmica de Psicologia,0,0,0,https://www.threads.com/@juliany_carvalho?xmt=AQF0XHv5mDiJPRivBXW6NTOJwYTVtOx0f6XbnsjA1wUCciA,False,Pública,0,,,False,0,0,0
elly.m20,,False,https://instagram.fpmw2-1.fna.fbcdn.net/v/t51.2885-19/523503969_18036471293673322_5042827467797365328_n.jpg?stp=dst-jpg_s150x150_tt6&efg=eyJ2ZW5jb2RlX3RhZyI6InByb2ZpbGVfcGljLmRqYW5nby4xMDgwLmMyIn0&_nc_ht=instagram.fpmw2-1.fna.fbcdn.net&_nc_cat=110&_nc_oc=Q6cZ2QHVWB4JbDSwEU-XSLmiDBc_hr8HLtPK4fqoFFHI4ZhRnLlzhjvctsxZD-yYCy1vDZA&_nc_ohc=rk2pOeykadsQ7kNvwGbZJj-&_nc_gid=ExRy01ErHmUptvGUy5ihdw&edm=APQMUHMBAAAA&ccb=7-5&oh=00_AfTSuPloXOxegG6-jOMopJF75uzGfWTHXgWsdQ9mdfMi8w&oe=68928E11&_nc_sid=6ff7c8,Seguir,elly.m20 ♡ . 2 posts 2 83 83 680 680 Isaías 60:22 🤍|CRISTÃ 26/11/2023 Lucas 17:Verso 20 *O DIA QUE MORRI PARA O MUNDO E NASCI PARA DEUS 🙌🏻,0,0,0,,False,Pública,0,,,False,0,0,0
itsestherfurtado,,False,https://instagram.fpmw2-1.fna.fbcdn.net/v/t51.2885-19/467165879_1590396208254569_3938733896906240210_n.jpg?stp=dst-jpg_s150x150_tt6&efg=eyJ2ZW5jb2RlX3RhZyI6InByb2ZpbGVfcGljLmRqYW5nby4xMDgwLmMyIn0&_nc_ht=instagram.fpmw2-1.fna.fbcdn.net&_nc_cat=105&_nc_oc=Q6cZ2QHVWB4JbDSwEU-XSLmiDBc_hr8HLtPK4fqoFFHI4ZhRnLlzhjvctsxZD-yYCy1vDZA&_nc_ohc=XRKYc-pM9TwQ7kNvwF9sQGR&_nc_gid=ExRy01ErHmUptvGUy5ihdw&edm=APQMUHMBAAAA&ccb=7-5&oh=00_AfQ7_dPUXkOxfufKgLj8r7Hmg3pBSZCgO79toHDtDBu1Mw&oe=68927B28&_nc_sid=6ff7c8,Seguir,itsestherfurtado Esther 12 posts 12 295 295 537 537 🤍| O amor me amou. (João 3:16) 📚| Professora,0,0,0,,False,Pública,0,,,False,0,0,0
liminha_b09,,False,https://instagram.fpmw2-1.fna.fbcdn.net/v/t51.2885-19/487781715_2120083328458892_819668319358391464_n.jpg?stp=dst-jpg_s150x150_tt6&efg=eyJ2ZW5jb2RlX3RhZyI6InByb2ZpbGVfcGljLmRqYW5nby4xMDgwLmMyIn0&_nc_ht=instagram.fpmw2-1.fna.fbcdn.net&_nc_cat=108&_nc_oc=Q6cZ2QHVWB4JbDSwEU-XSLmiDBc_hr8HLtPK4fqoFFHI4ZhRnLlzhjvctsxZD-yYCy1vDZA&_nc_ohc=tggQb7enimgQ7kNvwHZxY0S&_nc_gid=ExRy01ErHmUptvGUy5ihdw&edm=APQMUHMBAAAA&ccb=7-5&oh=00_AfSVZVVEYcOs-1PnyGogkxgo4H5EC3ZA5zEaXphzvf3HzA&oe=689265B3&_nc_sid=6ff7c8,Seguir,"liminha_b09 13 posts 13 61 61 723 723 >>💍B<< ""Era uma raposa igual a cem mil outras. Mas eu fiz dela uma amiga. Ela é agora única no mundo.""✨️",0,0,0,,False,Pública,0,,,False,0,0,0
roberttacarol_oliveira,,False,https://instagram.fpmw2-1.fna.fbcdn.net/v/t51.2885-19/353815189_574002474939940_3191689932859454495_n.jpg?stp=dst-jpg_s150x150_tt6&efg=eyJ2ZW5jb2RlX3RhZyI6InByb2ZpbGVfcGljLmRqYW5nby45MDcuYzIifQ&_nc_ht=instagram.fpmw2-1.fna.fbcdn.net&_nc_cat=104&_nc_oc=Q6cZ2QHVWB4JbDSwEU-XSLmiDBc_hr8HLtPK4fqoFFHI4ZhRnLlzhjvctsxZD-yYCy1vDZA&_nc_ohc=zuX8uDmTJUMQ7kNvwF-3LQx&_nc_gid=ExRy01ErHmUptvGUy5ihdw&edm=APQMUHMBAAAA&ccb=7-5&oh=00_AfTFSlmZiVd2MepUhB9ZQ9zNMHVXyH8QI9JlPw28_1P77Q&oe=689264B4&_nc_sid=6ff7c8,Seguir,roberttacarol_oliveira Robertta 388 posts 388 933 933 807 807 ...lavshá malchut. 🐟 💼 Gestão de Recursos Humanos | 🌐 Gestão de Turismo ✨ Filha amada de YHWH ❤️ 🙌 🗺 Arraial do Cabo... mais ...lavshá malchut. 🐟 💼 Gestão de Recursos Humanos | 🌐 Gestão de Turismo ✨ Filha amada de YHWH ❤️ 🙌 🗺 Arraial do Cabo ... mais mais,0,0,0,,False,Pública,0,,,False,0,0,0
larissaabarretoo,,False,https://instagram.fpmw2-1.fna.fbcdn.net/v/t51.2885-19/472376979_1529380967774244_7155133387442304923_n.jpg?stp=dst-jpg_s150x150_tt6&efg=eyJ2ZW5jb2RlX3RhZyI6InByb2ZpbGVfcGljLmRqYW5nby4xMDgwLmMyIn0&_nc_ht=instagram.fpmw2-1.fna.fbcdn.net&_nc_cat=100&_nc_oc=Q6cZ2QET517bqPnQIh8J0uuz7iaxfcn38tjjsEjK9ptvAVC2zdpEGER5eBA6-fdhQfhxz08&_nc_ohc=hrdGlryUZ5QQ7kNvwFsjRxY&_nc_gid=aG9H8nw3sg1ctsdB_fmEFQ&edm=APQMUHMBAAAA&ccb=7-5&oh=00_AfRIFPT-m9cXRuxX9yH92t9i8LxuXlYRw2J1YrD6iBGXrQ&oe=68927DC1&_nc_sid=6ff7c8,Seguir,larissaabarretoo Larissa Barreto. 42 posts 42 1.111 1.111 957 957 Advogada | RJ ﾠ,,,,,False,Pública,0,,,False,0,0,0
thais_criistinah,,False,https://instagram.fpmw2-1.fna.fbcdn.net/v/t51.2885-19/501388203_18501701443026896_2626199943932046967_n.jpg?stp=dst-jpg_s150x150_tt6&efg=eyJ2ZW5jb2RlX3RhZyI6InByb2ZpbGVfcGljLmRqYW5nby4xMDgwLmMyIn0&_nc_ht=instagram.fpmw2-1.fna.fbcdn.net&_nc_cat=108&_nc_oc=Q6cZ2QET517bqPnQIh8J0uuz7iaxfcn38tjjsEjK9ptvAVC2zdpEGER5eBA6-fdhQfhxz08&_nc_ohc=1fXEfb4O64AQ7kNvwELvFh1&_nc_gid=aG9H8nw3sg1ctsdB_fmEFQ&edm=APQMUHMBAAAA&ccb=7-5&oh=00_AfSy1-zL3E-5lCdkOxU581U8r20ckNl2mUXQEjU_jrXDGQ&oe=68928D0D&_nc_sid=6ff7c8,Seguir,thais_criistinah Thaís Cristina Hamann 18 posts 18 2.049 2.049 1.686 1.686,0,0,0,https://www.threads.com/@thais_criistinah?xmt=AQF0cXpDU_Qa_eHAU6tHmY9sKEdvQlEW0cSKRvf6EGoh4A8,False,Pública,0,,,False,0,0,0
cleise_castro,,False,https://instagram.fpmw2-1.fna.fbcdn.net/v/t51.2885-19/524926567_17985939770836323_7069639536444135508_n.jpg?stp=dst-jpg_s150x150_tt6&efg=eyJ2ZW5jb2RlX3RhZyI6InByb2ZpbGVfcGljLmRqYW5nby4xMDgwLmMyIn0&_nc_ht=instagram.fpmw2-1.fna.fbcdn.net&_nc_cat=103&_nc_oc=Q6cZ2QET517bqPnQIh8J0uuz7iaxfcn38tjjsEjK9ptvAVC2zdpEGER5eBA6-fdhQfhxz08&_nc_ohc=Rnl0VwjMkxoQ7kNvwFbaxKY&_nc_gid=aG9H8nw3sg1ctsdB_fmEFQ&edm=APQMUHMBAAAA&ccb=7-5&oh=00_AfRST-Go4a9GY3WM4N1BzznUPebVrwyAnTu9F4sGN4X0Qg&oe=689281F9&_nc_sid=6ff7c8,Seguir,cleise_castro Cleise Castro 26 posts 26 1.618 1.618 3.285 3.285 🤍Seja forte e corajosa🦋💫,0,0,0,https://www.threads.com/@cleise_castro?xmt=AQF0B7AdUxsw-l74-8ly4lRLpGsA83yi5PHmtUFtaQsGAfM,False,Pública,0,,,False,0,0,0
ireneameliareispereira,,False,https://instagram.fpmw2-1.fna.fbcdn.net/v/t51.2885-19/52703022_805286123170358_7281146679816880128_n.jpg?stp=dst-jpg_s150x150_tt6&efg=eyJ2ZW5jb2RlX3RhZyI6InByb2ZpbGVfcGljLmRqYW5nby42MjQuYzIifQ&_nc_ht=instagram.fpmw2-1.fna.fbcdn.net&_nc_cat=102&_nc_oc=Q6cZ2QET517bqPnQIh8J0uuz7iaxfcn38tjjsEjK9ptvAVC2zdpEGER5eBA6-fdhQfhxz08&_nc_ohc=EzGwa_NUIQsQ7kNvwHKQqV0&_nc_gid=aG9H8nw3sg1ctsdB_fmEFQ&edm=APQMUHMBAAAA&ccb=7-5&oh=00_AfRUvUSABuxsextP8Zn22MYgXV77JVzH6X8VAepTmFzYhg&oe=68928E12&_nc_sid=6ff7c8,Seguir,ireneameliareispereira Irene Amelia Reis Pereira 0 posts 0 117 117 1.039 1.039 🌼,0,0,0,,False,Pública,0,,,False,0,0,0
magda_viana_naylla,,False,https://instagram.fpmw2-1.fna.fbcdn.net/v/t51.2885-19/490308283_9428578163898613_7645568395845023493_n.jpg?stp=dst-jpg_s150x150_tt6&efg=eyJ2ZW5jb2RlX3RhZyI6InByb2ZpbGVfcGljLmRqYW5nby4xMDgwLmMyIn0&_nc_ht=instagram.fpmw2-1.fna.fbcdn.net&_nc_cat=101&_nc_oc=Q6cZ2QET517bqPnQIh8J0uuz7iaxfcn38tjjsEjK9ptvAVC2zdpEGER5eBA6-fdhQfhxz08&_nc_ohc=wtf0Y79yyT4Q7kNvwFqS5CR&_nc_gid=aG9H8nw3sg1ctsdB_fmEFQ&edm=APQMUHMBAAAA&ccb=7-5&oh=00_AfSUdtLziykpNd94SF_WPMipZawDB746D82KWxv6k2Bfcg&oe=68927FB5&_nc_sid=6ff7c8,Seguir,magda_viana_naylla Magda Viana Naylla 81 posts 81 556 556 5.444 5.444 Mãe de meninos🫶🏾,0,0,0,https://www.facebook.com/profile.php?id=100081458697385&ref=_ig_profile_ac,False,Pública,0,,,False,0,0,0
vitoriaa.esthefany,,False,https://instagram.fpmw2-1.fna.fbcdn.net/v/t51.2885-19/508119998_18516493222029469_7959691285727479301_n.jpg?stp=dst-jpg_s150x150_tt6&efg=eyJ2ZW5jb2RlX3RhZyI6InByb2ZpbGVfcGljLmRqYW5nby4xMDgwLmMyIn0&_nc_ht=instagram.fpmw2-1.fna.fbcdn.net&_nc_cat=101&_nc_oc=Q6cZ2QET517bqPnQIh8J0uuz7iaxfcn38tjjsEjK9ptvAVC2zdpEGER5eBA6-fdhQfhxz08&_nc_ohc=cXIuh5-FJIYQ7kNvwGxvrwd&_nc_gid=aG9H8nw3sg1ctsdB_fmEFQ&edm=APQMUHMBAAAA&ccb=7-5&oh=00_AfRwQ_mAsq5d1HZ6AtGwWvfTBe8ReVPbl5_aOIyK27XPEg&oe=68928F28&_nc_sid=6ff7c8,Seguir,vitoriaa.esthefany Vitória Esthéfany 54 posts 54 1.360 1.360 1.306 1.306 www.instagram.com/p/CttjylatogB/?igshid=MzRlODBiNWFlZA%3D%3D,0,0,0,,False,Pública,0,,,False,0,0,0
marcos.barros.luiz,,False,https://instagram.fpmw2-1.fna.fbcdn.net/v/t51.2885-19/464723574_1066242598102200_8914567654102597120_n.jpg?stp=dst-jpg_s150x150_tt6&efg=eyJ2ZW5jb2RlX3RhZyI6InByb2ZpbGVfcGljLmRqYW5nby4xMDgwLmMyIn0&_nc_ht=instagram.fpmw2-1.fna.fbcdn.net&_nc_cat=100&_nc_oc=Q6cZ2QGtM9Gmp3wvb9Wu6PKAeQX4oPzJiFBRxvSFaVPutr7P-qSZdcpRTnxzlQsdlhcbWfQ&_nc_ohc=u0pt_4MnSoYQ7kNvwE5Qvyl&_nc_gid=eckFjv-WJgsftcMncLB3Tg&edm=APQMUHMBAAAA&ccb=7-5&oh=00_AfQ-eRvjtTnlCf4Zq3aVuNKQqB7m0ambQvn1fxsZURQbug&oe=68926BF1&_nc_sid=6ff7c8,Seguir,marcos.barros.luiz Marcos Barros 59 posts 59 446 446 403 403 ... mais mais,0,0,0,https://www.threads.com/@marcos.barros.luiz?xmt=AQF06xZi5-lfZksOfiVvrI9sqm2BUoAIdIVcBDUyT3THOu8,False,Pública,0,,,False,0,0,0
klmfortecenter_oficial,,False,https://instagram.fpmw2-1.fna.fbcdn.net/v/t51.2885-19/471587018_1704292550154051_5222979569490793554_n.jpg?stp=dst-jpg_s150x150_tt6&efg=eyJ2ZW5jb2RlX3RhZyI6InByb2ZpbGVfcGljLmRqYW5nby4xMDgwLmMyIn0&_nc_ht=instagram.fpmw2-1.fna.fbcdn.net&_nc_cat=103&_nc_oc=Q6cZ2QGtM9Gmp3wvb9Wu6PKAeQX4oPzJiFBRxvSFaVPutr7P-qSZdcpRTnxzlQsdlhcbWfQ&_nc_ohc=8Hwioh-KFQsQ7kNvwFLU7sI&_nc_gid=eckFjv-WJgsftcMncLB3Tg&edm=APQMUHMBAAAA&ccb=7-5&oh=00_AfROyV4DLGxEvTED_XYD4rQH0uU5w-pduR8RUkgOELbqSg&oe=68927DF7&_nc_sid=6ff7c8,Seguir,,0,0,0,,False,Erro de carregamento,0,,,False,0,0,0
alinnefmaciel,,False,https://instagram.fpmw2-1.fna.fbcdn.net/v/t51.2885-19/443697229_479852921047978_8945053449218018118_n.jpg?stp=dst-jpg_s150x150_tt6&efg=eyJ2ZW5jb2RlX3RhZyI6InByb2ZpbGVfcGljLmRqYW5nby4xMDgwLmMyIn0&_nc_ht=instagram.fpmw2-1.fna.fbcdn.net&_nc_cat=110&_nc_oc=Q6cZ2QGtM9Gmp3wvb9Wu6PKAeQX4oPzJiFBRxvSFaVPutr7P-qSZdcpRTnxzlQsdlhcbWfQ&_nc_ohc=hnfD-HcnI4cQ7kNvwFHF-3_&_nc_gid=eckFjv-WJgsftcMncLB3Tg&edm=APQMUHMBAAAA&ccb=7-5&oh=00_AfQ_DDfNH7TlSf8wgwLRV3tNTVh6XF-S_vR76Li4FMLw5w&oe=6892645F&_nc_sid=6ff7c8,Seguir,alinnefmaciel Alinne Maciel 875 posts 875 2.679 2.679 3.842 3.842 GO | Nutricionista | 🦋 “Toda Honra e Glória a Deus sempre!🙌🏻” “Bora viver que a vida está passando” Sigam ➡️... mais GO | Nutricionista | 🦋 “Toda Honra e Glória a Deus sempre!🙌🏻” “Bora viver que a vida está passando” Sigam ➡️ ... mais mais Clara 🩷 Life ✍🏻♥️ Araguaia 2k19 ✈️,,,,,False,Pública,0,,,False,0,0,0
guida.silveiraandrade,,False,https://instagram.fpmw2-1.fna.fbcdn.net/v/t51.2885-19/248379095_889272448369644_4885088992944655734_n.jpg?stp=dst-jpg_s150x150_tt6&efg=eyJ2ZW5jb2RlX3RhZyI6InByb2ZpbGVfcGljLmRqYW5nby43MjAuYzIifQ&_nc_ht=instagram.fpmw2-1.fna.fbcdn.net&_nc_cat=100&_nc_oc=Q6cZ2QGtM9Gmp3wvb9Wu6PKAeQX4oPzJiFBRxvSFaVPutr7P-qSZdcpRTnxzlQsdlhcbWfQ&_nc_ohc=hv1bYIQ1BlIQ7kNvwGjC_sd&_nc_gid=eckFjv-WJgsftcMncLB3Tg&edm=APQMUHMBAAAA&ccb=7-5&oh=00_AfRQ_T7BBACDoslwbq1bQNirJgrWRmtsIO1CH9PwmwVdaQ&oe=689268EC&_nc_sid=6ff7c8,Seguir,guida.silveiraandrade Margarida Silveira 42 posts 42 356 356 815 815,0,0,0,https://www.threads.com/@guida.silveiraandrade?xmt=AQF0UtB-30tXq1CkhjnQ0ySw_HaLCITJJ_DjIZHu1ZboEoU,False,Pública,0,,,False,0,0,0
inalbertolopes8397,,False,https://instagram.fpmw2-1.fna.fbcdn.net/v/t51.2885-19/497345688_17847987099468716_6342476289405947661_n.jpg?stp=dst-jpg_s150x150_tt6&efg=eyJ2ZW5jb2RlX3RhZyI6InByb2ZpbGVfcGljLmRqYW5nby4xMDgwLmMyIn0&_nc_ht=instagram.fpmw2-1.fna.fbcdn.net&_nc_cat=108&_nc_oc=Q6cZ2QGtM9Gmp3wvb9Wu6PKAeQX4oPzJiFBRxvSFaVPutr7P-qSZdcpRTnxzlQsdlhcbWfQ&_nc_ohc=NeUyDKIG2fsQ7kNvwGU1Fgn&_nc_gid=eckFjv-WJgsftcMncLB3Tg&edm=APQMUHMBAAAA&ccb=7-5&oh=00_AfTYRHksPJCwMkBQOg5ATfqtPmiDghaC0HmTCqvfxvoLoQ&oe=68929204&_nc_sid=6ff7c8,Seguir,inalbertolopes8397 Antônio Lopes 0 posts 0 765 765 2.309 2.309 insta novo. perdi contato com os outros,0,0,0,https://www.threads.com/@inalbertolopes8397?xmt=AQF02F8q3KIfvmDwNM3Ur3BzJolgL_P7S_B12kEOUrwkOY4,False,Pública,0,,,False,0,0,0
celestepureza,,False,https://instagram.fpmw2-1.fna.fbcdn.net/v/t51.2885-19/525001194_18533307109027790_8264641162643402453_n.jpg?stp=dst-jpg_s150x150_tt6&efg=eyJ2ZW5jb2RlX3RhZyI6InByb2ZpbGVfcGljLmRqYW5nby43NDcuYzIifQ&_nc_ht=instagram.fpmw2-1.fna.fbcdn.net&_nc_cat=102&_nc_oc=Q6cZ2QGtM9Gmp3wvb9Wu6PKAeQX4oPzJiFBRxvSFaVPutr7P-qSZdcpRTnxzlQsdlhcbWfQ&_nc_ohc=FgGotJbgLuUQ7kNvwGirjW3&_nc_gid=eckFjv-WJgsftcMncLB3Tg&edm=APQMUHMBAAAA&ccb=7-5&oh=00_AfTqI0cgNis7ElI49v7NEb6rmXF8mikf7eKMbck3kUllhw&oe=68926D2E&_nc_sid=6ff7c8,Seguir,"celestepureza Celeste Pureza 4 posts 4 10,6 mil 10,6 mil 7.445 7.445 Sonhadora 😇 Mãe de Meninos 👬 Assistente Social. ⚖️ Isaías 54:17",0,0,0,,False,Pública,0,,,False,0,0,0
dra.sylviaconde,,False,https://instagram.fpmw2-1.fna.fbcdn.net/v/t51.2885-19/459067111_461809933518942_8122539923168089036_n.jpg?stp=dst-jpg_s150x150_tt6&efg=eyJ2ZW5jb2RlX3RhZyI6InByb2ZpbGVfcGljLmRqYW5nby4xMDgwLmMyIn0&_nc_ht=instagram.fpmw2-1.fna.fbcdn.net&_nc_cat=106&_nc_oc=Q6cZ2QGtM9Gmp3wvb9Wu6PKAeQX4oPzJiFBRxvSFaVPutr7P-qSZdcpRTnxzlQsdlhcbWfQ&_nc_ohc=WAmAf5T5QIEQ7kNvwGVYlVn&_nc_gid=eckFjv-WJgsftcMncLB3Tg&edm=APQMUHMBAAAA&ccb=7-5&oh=00_AfRNMYjH2EMW_oJZsgPO0YPWXeMlNqhUbqGfNPyoemH5HA&oe=68927D28&_nc_sid=6ff7c8,Seguir,wa.me/message/U46GJCRDI5GOI1 e mais 1 dra.sylviaconde dra.sylviaconde Sylvia Conde | Ginecologista e Uroginecologista | Maceió-AL 80 posts 80 2.020 2.020 1.722 1.722 Ginecologista e Obstetra - IMIP Uroginecologista - IMIP CRMAL 8458 | RQE 5850 Saúde da Mulher em todas as suas etapas 🌺 ... mais Ginecologista e Obstetra - IMIP Uroginecologista - IMIP CRMAL 8458 | RQE 5850 Saúde da Mulher em todas as suas etapas 🌺 ... mais mais wa.me/message/U46GJCRDI5GOI1 e mais 1 👰🏾🤵🏻‍♂️ GO 🍝 Urogineco Atendimentos 🏋🏾‍♀️ 🇺🇾 🇨🇱 R3 R2 R1,,,,https://www.threads.com/@dra.sylviaconde?xmt=AQF0PK3LJNgW4XZZMq8Pr3AH9UjFWAI6hS1WYx5RQr5-9jg,False,Pública,0,,,False,0,0,0
fernanda_a_feh,,False,https://instagram.fpmw2-1.fna.fbcdn.net/v/t51.2885-19/524773777_18390284908137332_4069060259428192881_n.jpg?stp=dst-jpg_s150x150_tt6&efg=eyJ2ZW5jb2RlX3RhZyI6InByb2ZpbGVfcGljLmRqYW5nby43MjAuYzIifQ&_nc_ht=instagram.fpmw2-1.fna.fbcdn.net&_nc_cat=108&_nc_oc=Q6cZ2QFNazetyTYFwg70WudHT_GBHcK5VEPJ3uosGNSAqhNSQkwghqTJ5Y4fXWFMu29xp6U&_nc_ohc=UFfhI_bowH4Q7kNvwHVvjIM&_nc_gid=SzFgA0yCKkxZSDXRTHbXcQ&edm=APQMUHMBAAAA&ccb=7-5&oh=00_AfScN9wkNH_GfpOCuuMOkY_7Q28kmkAdKhw5IEL0caxAUQ&oe=68928B85&_nc_sid=6ff7c8,Seguir,,0,0,0,,False,Erro inesperado,0,,,False,0,0,0
nice.figueiredo.50,,False,https://instagram.fpmw2-1.fna.fbcdn.net/v/t51.2885-19/404628204_1154272419074364_9146803652805176474_n.jpg?stp=dst-jpg_s150x150_tt6&efg=eyJ2ZW5jb2RlX3RhZyI6InByb2ZpbGVfcGljLmRqYW5nby42OTAuYzIifQ&_nc_ht=instagram.fpmw2-1.fna.fbcdn.net&_nc_cat=100&_nc_oc=Q6cZ2QFNazetyTYFwg70WudHT_GBHcK5VEPJ3uosGNSAqhNSQkwghqTJ5Y4fXWFMu29xp6U&_nc_ohc=vDIRasIs8zwQ7kNvwH0swqf&_nc_gid=SzFgA0yCKkxZSDXRTHbXcQ&edm=APQMUHMBAAAA&ccb=7-5&oh=00_AfSq6oWseYrSG0tuo2OFX2-GWd4Z5Dd0yLB9WDKR0lRjFg&oe=689285FE&_nc_sid=6ff7c8,Seguir,nice.figueiredo.50 Nice Figueiredo 3 posts 3 174 174 223 223,0,0,0,,False,Pública,0,,,False,0,0,0
stefania_fernandes_fer,,False,https://instagram.fpmw2-1.fna.fbcdn.net/v/t51.2885-19/121660677_396097928054575_5733810840723085258_n.jpg?stp=dst-jpg_s150x150_tt6&efg=eyJ2ZW5jb2RlX3RhZyI6InByb2ZpbGVfcGljLmRqYW5nby45NjAuYzIifQ&_nc_ht=instagram.fpmw2-1.fna.fbcdn.net&_nc_cat=107&_nc_oc=Q6cZ2QGtM9Gmp3wvb9Wu6PKAeQX4oPzJiFBRxvSFaVPutr7P-qSZdcpRTnxzlQsdlhcbWfQ&_nc_ohc=Lz3pU8gZnBIQ7kNvwGvAPLP&_nc_gid=eckFjv-WJgsftcMncLB3Tg&edm=APQMUHMBAAAA&ccb=7-5&oh=00_AfQzI-teboQ8V5sjV7g1ierYDRZifj7LlukVbH8r8NiMqg&oe=689273CE&_nc_sid=6ff7c8,Seguir,stefania_fernandes_fer Stefania Fernandes 18 posts 18 828 828 1.799 1.799,0,0,0,,False,Pública,0,,,False,0,0,0
elgamupa,,False,https://instagram.fpmw2-1.fna.fbcdn.net/v/t51.2885-19/118748116_2659638890944821_8256834829720377662_n.jpg?stp=dst-jpg_s150x150_tt6&efg=eyJ2ZW5jb2RlX3RhZyI6InByb2ZpbGVfcGljLmRqYW5nby4xMDgwLmMyIn0&_nc_ht=instagram.fpmw2-1.fna.fbcdn.net&_nc_cat=109&_nc_oc=Q6cZ2QFNazetyTYFwg70WudHT_GBHcK5VEPJ3uosGNSAqhNSQkwghqTJ5Y4fXWFMu29xp6U&_nc_ohc=iwmIopEQ4p8Q7kNvwHQ0BUw&_nc_gid=SzFgA0yCKkxZSDXRTHbXcQ&edm=APQMUHMBAAAA&ccb=7-5&oh=00_AfRgzrBWvVeYTg_pwig9VhPB4jNnRCcMT6h_hrzOjrJO9g&oe=689266FC&_nc_sid=6ff7c8,Seguir,elgamupa Elga Mupa 0 posts 0 139 139 738 738,0,0,0,https://www.threads.com/@elgamupa?xmt=AQF0fhk2o21ZiVtvnf_tx0yVVQWyfkT7PwHX11Q4y_jLk7s,False,Pública,0,,,False,0,0,0
amanda.souzavitor,,False,https://instagram.fpmw2-1.fna.fbcdn.net/v/t51.2885-19/495388010_18275382637252009_4927088700404173255_n.jpg?stp=dst-jpg_s150x150_tt6&efg=eyJ2ZW5jb2RlX3RhZyI6InByb2ZpbGVfcGljLmRqYW5nby4xMDgwLmMyIn0&_nc_ht=instagram.fpmw2-1.fna.fbcdn.net&_nc_cat=101&_nc_oc=Q6cZ2QFNazetyTYFwg70WudHT_GBHcK5VEPJ3uosGNSAqhNSQkwghqTJ5Y4fXWFMu29xp6U&_nc_ohc=f0FTqAoxG_0Q7kNvwHfmr5r&_nc_gid=SzFgA0yCKkxZSDXRTHbXcQ&edm=APQMUHMBAAAA&ccb=7-5&oh=00_AfR5HirBsmdVZhMci6O4UVzDTeFvpFsPhQR3Oz-nSaLFUA&oe=68927320&_nc_sid=6ff7c8,Seguir,amanda.souzavitor Amanda Souza Vitor 0 posts 0 477 477 531 531,0,0,0,https://www.threads.com/@amanda.souzavitor?xmt=AQF0sFQGeVWsmVjFdmPW7S1GSD1f4NoI_RzpkoM-9CJMOqo,False,Pública,0,,,False,0,0,0
elizabethcristo57,,False,https://instagram.fpmw2-1.fna.fbcdn.net/v/t51.2885-19/500310653_18501539593043755_6305915803540295985_n.jpg?stp=dst-jpg_s150x150_tt6&efg=eyJ2ZW5jb2RlX3RhZyI6InByb2ZpbGVfcGljLmRqYW5nby4xMDc5LmMyIn0&_nc_ht=instagram.fpmw2-1.fna.fbcdn.net&_nc_cat=107&_nc_oc=Q6cZ2QFNazetyTYFwg70WudHT_GBHcK5VEPJ3uosGNSAqhNSQkwghqTJ5Y4fXWFMu29xp6U&_nc_ohc=tAsDzRfSuNwQ7kNvwEvqcJ2&_nc_gid=SzFgA0yCKkxZSDXRTHbXcQ&edm=APQMUHMBAAAA&ccb=7-5&oh=00_AfQ5qiv0s_BaZn1GEueWPFnC8vOPsXRGCzJyqKJbA-oRtg&oe=689287A3&_nc_sid=6ff7c8,Seguir,elizabethcristo57 Elizabeth Telles 20 posts 20 508 508 3.030 3.030,0,0,0,https://www.threads.com/@elizabethcristo57?xmt=AQF0ZsbAb5Vu-_yt3P1lfpAJVzrJzA6ZafVLzYWRj3l3PcM,False,Pública,0,,,False,0,0,0
frombyalice,,False,https://instagram.fpmw2-1.fna.fbcdn.net/v/t51.2885-19/504528927_18079114702890593_2674572395152055428_n.jpg?stp=dst-jpg_s150x150_tt6&efg=eyJ2ZW5jb2RlX3RhZyI6InByb2ZpbGVfcGljLmRqYW5nby4xMDgwLmMyIn0&_nc_ht=instagram.fpmw2-1.fna.fbcdn.net&_nc_cat=105&_nc_oc=Q6cZ2QFNazetyTYFwg70WudHT_GBHcK5VEPJ3uosGNSAqhNSQkwghqTJ5Y4fXWFMu29xp6U&_nc_ohc=PqNjTKuifysQ7kNvwGvynnl&_nc_gid=SzFgA0yCKkxZSDXRTHbXcQ&edm=APQMUHMBAAAA&ccb=7-5&oh=00_AfSsjkbuU-9bWjTkCan8HDhgCjMcZ0E5WiNOslzn-QApzw&oe=68925EB3&_nc_sid=6ff7c8,Seguir,frombyalice Alice 2 posts 2 408 408 2.944 2.944,0,0,0,https://www.threads.com/@frombyalice?xmt=AQF0nz7oaXcCQwDdndvt4YVbmn4RixZgftyWVbduAIVQZ-A,False,Pública,0,,,False,0,0,0
thamylladossantos_,,False,https://instagram.fpmw2-1.fna.fbcdn.net/v/t51.2885-19/473133158_1505575750137537_257502587405038388_n.jpg?stp=dst-jpg_s150x150_tt6&efg=eyJ2ZW5jb2RlX3RhZyI6InByb2ZpbGVfcGljLmRqYW5nby4xMDgwLmMyIn0&_nc_ht=instagram.fpmw2-1.fna.fbcdn.net&_nc_cat=109&_nc_oc=Q6cZ2QFNazetyTYFwg70WudHT_GBHcK5VEPJ3uosGNSAqhNSQkwghqTJ5Y4fXWFMu29xp6U&_nc_ohc=auD0Dq6WmqUQ7kNvwGFJ2ZT&_nc_gid=SzFgA0yCKkxZSDXRTHbXcQ&edm=APQMUHMBAAAA&ccb=7-5&oh=00_AfRNB4kcDbzhdParnMacLHkQezil9djFtqiDW4zTQv3kzA&oe=68926BF5&_nc_sid=6ff7c8,Seguir,thamylladossantos_ Thamylla santos❤️ 15 posts 15 895 895 1.347 1.347,0,0,0,,False,Pública,0,,,False,0,0,0
herica_s_araujo,,False,https://instagram.fpmw2-1.fna.fbcdn.net/v/t51.2885-19/525706775_18075660137294232_5158630219655710230_n.jpg?stp=dst-jpg_s150x150_tt6&efg=eyJ2ZW5jb2RlX3RhZyI6InByb2ZpbGVfcGljLmRqYW5nby4xMDgwLmMyIn0&_nc_ht=instagram.fpmw2-1.fna.fbcdn.net&_nc_cat=100&_nc_oc=Q6cZ2QFNazetyTYFwg70WudHT_GBHcK5VEPJ3uosGNSAqhNSQkwghqTJ5Y4fXWFMu29xp6U&_nc_ohc=kA3UisxgIKsQ7kNvwG8LBTn&_nc_gid=SzFgA0yCKkxZSDXRTHbXcQ&edm=APQMUHMBAAAA&ccb=7-5&oh=00_AfQSgxnaZ7wmRqyqe2ZThjmklMRdWLzUc50NJC1oAj6HKQ&oe=68927FC6&_nc_sid=6ff7c8,Seguir,herica_s_araujo Herica Silva Araújo 1 post 1 2.237 2.237 5.172 5.172 🤍,0,0,0,https://www.facebook.com/profile.php?id=100053046833071&ref=_ig_profile_ac,False,Pública,0,,,False,0,0,0
jeh_benicio,,False,https://instagram.fpmw2-1.fna.fbcdn.net/v/t51.2885-19/306389364_1040289789987378_3286537414776571091_n.jpg?stp=dst-jpg_s150x150_tt6&efg=eyJ2ZW5jb2RlX3RhZyI6InByb2ZpbGVfcGljLmRqYW5nby4xMDgwLmMyIn0&_nc_ht=instagram.fpmw2-1.fna.fbcdn.net&_nc_cat=106&_nc_oc=Q6cZ2QGbu568V1wYukEW0ghkHgPyLzAsfmAEHSGg44IztFDMy_31PKknOoN3x5YZRSWmETo&_nc_ohc=idW59Xulyf4Q7kNvwGVQNSg&_nc_gid=yHp43KOXtUabtC5l_qQp0A&edm=APQMUHMBAAAA&ccb=7-5&oh=00_AfSwHsQbxIOv7NyA6o2MHSgbGfS6-xjcSBQ3QK5NBL56Jw&oe=689285AB&_nc_sid=6ff7c8,Seguir,jeh_benicio Jéssica 11 posts 11 662 662 537 537,0,0,0,,False,Pública,0,,,False,0,0,0
evilim.abranches,,False,https://instagram.fpmw2-1.fna.fbcdn.net/v/t51.2885-19/508395040_18044796734559848_4558601905129643347_n.jpg?stp=dst-jpg_s150x150_tt6&efg=eyJ2ZW5jb2RlX3RhZyI6InByb2ZpbGVfcGljLmRqYW5nby4xMDgwLmMyIn0&_nc_ht=instagram.fpmw2-1.fna.fbcdn.net&_nc_cat=108&_nc_oc=Q6cZ2QGbu568V1wYukEW0ghkHgPyLzAsfmAEHSGg44IztFDMy_31PKknOoN3x5YZRSWmETo&_nc_ohc=yWJpKJxAe_EQ7kNvwHTE-1t&_nc_gid=yHp43KOXtUabtC5l_qQp0A&edm=APQMUHMBAAAA&ccb=7-5&oh=00_AfRe-KyqD4WOXh19TLmOGVHXJKDrG7YGAprHaX28ejrjaA&oe=68926F06&_nc_sid=6ff7c8,Seguir,,0,0,0,,False,Erro de carregamento,0,,,False,0,0,0
isabellechristini_,,False,https://instagram.fpmw2-1.fna.fbcdn.net/v/t51.2885-19/526837640_17994606386819362_2200628534871759017_n.jpg?stp=dst-jpg_s150x150_tt6&efg=eyJ2ZW5jb2RlX3RhZyI6InByb2ZpbGVfcGljLmRqYW5nby4xMDgwLmMyIn0&_nc_ht=instagram.fpmw2-1.fna.fbcdn.net&_nc_cat=110&_nc_oc=Q6cZ2QGbu568V1wYukEW0ghkHgPyLzAsfmAEHSGg44IztFDMy_31PKknOoN3x5YZRSWmETo&_nc_ohc=LgDZK9LKXMcQ7kNvwGjlnrM&_nc_gid=yHp43KOXtUabtC5l_qQp0A&edm=APQMUHMBAAAA&ccb=7-5&oh=00_AfSqhKXjWlClsqGy1ZipE7WMFROmNRfoYkEoI2sNCn1HNA&oe=6892802D&_nc_sid=6ff7c8,Seguir,isabellechristini_ Isabelle Christini | Regularização de clínicas 18 posts 18 578 578 407 407,0,0,0,,False,Pública,0,,,False,0,0,0
lt.baby,,False,https://instagram.fpmw2-1.fna.fbcdn.net/v/t51.2885-19/462348642_1050425833393210_197116170400999986_n.jpg?stp=dst-jpg_s150x150_tt6&efg=eyJ2ZW5jb2RlX3RhZyI6InByb2ZpbGVfcGljLmRqYW5nby44MjguYzIifQ&_nc_ht=instagram.fpmw2-1.fna.fbcdn.net&_nc_cat=110&_nc_oc=Q6cZ2QGbu568V1wYukEW0ghkHgPyLzAsfmAEHSGg44IztFDMy_31PKknOoN3x5YZRSWmETo&_nc_ohc=_j6b1hSsQWAQ7kNvwHbnOtf&_nc_gid=yHp43KOXtUabtC5l_qQp0A&edm=APQMUHMBAAAA&ccb=7-5&oh=00_AfQeVyQDPNvfzqqE3vZMy7LFCzCWyu5XW6SsLBsiKgap5Q&oe=68928A9F&_nc_sid=6ff7c8,Seguir,lt.baby Lucy A Tranquila 98 posts 98 374 374 1.234 1.234 Simpatica ♥ ~Deus ♥★★ Whatsapp:845658**8,0,0,0,,False,Pública,0,,,False,0,0,0
janainacardoso53874,,False,https://instagram.fpmw2-1.fna.fbcdn.net/v/t51.2885-19/499598087_17934321777040042_8258761499490392251_n.jpg?stp=dst-jpg_s150x150_tt6&efg=eyJ2ZW5jb2RlX3RhZyI6InByb2ZpbGVfcGljLmRqYW5nby4xMDgwLmMyIn0&_nc_ht=instagram.fpmw2-1.fna.fbcdn.net&_nc_cat=110&_nc_oc=Q6cZ2QGbu568V1wYukEW0ghkHgPyLzAsfmAEHSGg44IztFDMy_31PKknOoN3x5YZRSWmETo&_nc_ohc=BF75LdDLLhoQ7kNvwFyskuR&_nc_gid=yHp43KOXtUabtC5l_qQp0A&edm=APQMUHMBAAAA&ccb=7-5&oh=00_AfRL709xxZ0REBxP8u79E2H_hVmkwjzIENMWkt8BOwD0hg&oe=68926BA1&_nc_sid=6ff7c8,Seguir,janainacardoso53874 Janaina Rodrigo Klann 7 posts 7 219 219 1.049 1.049,0,0,0,,False,Pública,0,,,False,0,0,0
raquelrocha_cordeiro,,False,https://instagram.fpmw2-1.fna.fbcdn.net/v/t51.2885-19/504608733_18507276334037313_2218047720908299459_n.jpg?stp=dst-jpg_s150x150_tt6&efg=eyJ2ZW5jb2RlX3RhZyI6InByb2ZpbGVfcGljLmRqYW5nby4xMDgwLmMyIn0&_nc_ht=instagram.fpmw2-1.fna.fbcdn.net&_nc_cat=109&_nc_oc=Q6cZ2QGbu568V1wYukEW0ghkHgPyLzAsfmAEHSGg44IztFDMy_31PKknOoN3x5YZRSWmETo&_nc_ohc=ktBAuV1aTiwQ7kNvwExh7mY&_nc_gid=yHp43KOXtUabtC5l_qQp0A&edm=APQMUHMBAAAA&ccb=7-5&oh=00_AfSiiFYZdcDblBDFVlPgWPJp4kKl6PXGfjdfAbCvzBbqpQ&oe=6892607B&_nc_sid=6ff7c8,Seguir,raquelrocha_cordeiro Raquel Rocha 60 posts 60 1.653 1.653 2.225 2.225,0,0,0,https://www.threads.com/@raquelrocha_cordeiro?xmt=AQF0fe2Axy43fBq1vmVapUdolZ7K9-LGdPxYNNmAIPpXy6k,False,Pública,0,,,False,0,0,0
pamela.roccha,,False,https://instagram.fpmw2-1.fna.fbcdn.net/v/t51.2885-19/472430837_1616880698963768_5933049937542663400_n.jpg?stp=dst-jpg_s150x150_tt6&efg=eyJ2ZW5jb2RlX3RhZyI6InByb2ZpbGVfcGljLmRqYW5nby4xMDgwLmMyIn0&_nc_ht=instagram.fpmw2-1.fna.fbcdn.net&_nc_cat=108&_nc_oc=Q6cZ2QGbu568V1wYukEW0ghkHgPyLzAsfmAEHSGg44IztFDMy_31PKknOoN3x5YZRSWmETo&_nc_ohc=MYAa8rvgTRgQ7kNvwHODwMB&_nc_gid=yHp43KOXtUabtC5l_qQp0A&edm=APQMUHMBAAAA&ccb=7-5&oh=00_AfQF3pxqlnYXTT6uJ1HJraA2SW6iSwDIvoeP3iAPPvrrJg&oe=689276A9&_nc_sid=6ff7c8,Seguir,,0,0,0,,False,Erro inesperado,0,,,False,0,0,0
anacardosonutri,,False,https://instagram.fpmw2-1.fna.fbcdn.net/v/t51.2885-19/440718642_1343949162944444_1864631067713625521_n.jpg?stp=dst-jpg_s150x150_tt6&efg=eyJ2ZW5jb2RlX3RhZyI6InByb2ZpbGVfcGljLmRqYW5nby44NTMuYzIifQ&_nc_ht=instagram.fpmw2-1.fna.fbcdn.net&_nc_cat=108&_nc_oc=Q6cZ2QFpMiEBzzlAteX-_Xwoxiq-wGYMOzrr_L7v7_vXVsWAJN2zzvzvh9Dcxh1xLtSUQ2s&_nc_ohc=NdpO9CyveuUQ7kNvwHitFwP&_nc_gid=Z-NbSf7IhO6RVReuxDjG8A&edm=APQMUHMBAAAA&ccb=7-5&oh=00_AfQBdYzewtFSsrdh1zRVT0TN-9YgQECr8ssfoNYecpz-7A&oe=689264A8&_nc_sid=6ff7c8,Seguir,,0,0,0,,False,Erro inesperado,0,,,False,0,0,0
furtadoadrieny,,False,https://instagram.fpmw2-1.fna.fbcdn.net/v/t51.2885-19/520409325_18100010431571769_3701447188532808667_n.jpg?stp=dst-jpg_s150x150_tt6&efg=eyJ2ZW5jb2RlX3RhZyI6InByb2ZpbGVfcGljLmRqYW5nby4xMDgwLmMyIn0&_nc_ht=instagram.fpmw2-1.fna.fbcdn.net&_nc_cat=109&_nc_oc=Q6cZ2QGbu568V1wYukEW0ghkHgPyLzAsfmAEHSGg44IztFDMy_31PKknOoN3x5YZRSWmETo&_nc_ohc=s8qITZNZNCkQ7kNvwH6YojY&_nc_gid=yHp43KOXtUabtC5l_qQp0A&edm=APQMUHMBAAAA&ccb=7-5&oh=00_AfQ0FiaZRXWnfDyaBBZcNxk3NzjM9dY260WwYdVvZhRcDw&oe=68926B58&_nc_sid=6ff7c8,Seguir,furtadoadrieny Adrieny Furtado 1 post 1 68 68 159 159 Discipline equals freedom.,0,0,0,https://www.threads.com/@furtadoadrieny?xmt=AQF0BrdWp5dX54EbRBtipFGZRLC4TnP7KwVzYr3jpGQmVdw,False,Pública,0,,,False,0,0,0
mari_bella_dias,,False,https://instagram.fpmw2-1.fna.fbcdn.net/v/t51.2885-19/518730705_17883387123341973_5153878130537620302_n.jpg?stp=dst-jpg_s150x150_tt6&efg=eyJ2ZW5jb2RlX3RhZyI6InByb2ZpbGVfcGljLmRqYW5nby4xMDgwLmMyIn0&_nc_ht=instagram.fpmw2-1.fna.fbcdn.net&_nc_cat=109&_nc_oc=Q6cZ2QFpMiEBzzlAteX-_Xwoxiq-wGYMOzrr_L7v7_vXVsWAJN2zzvzvh9Dcxh1xLtSUQ2s&_nc_ohc=Omrs6mKCg6AQ7kNvwF--qoj&_nc_gid=Z-NbSf7IhO6RVReuxDjG8A&edm=APQMUHMBAAAA&ccb=7-5&oh=00_AfTgGn-NYSTJNe0oRkpQMDWjPoqc-FhZyw72YoZF8_kfiQ&oe=6892822F&_nc_sid=6ff7c8,Seguir,mari_bella_dias Maria Isabella 16 posts 16 342 342 2.404 2.404 Deus sabe e tem o melhor pra nós ✨️ IURD🤍❤️ FTU💚🧡 Só Eu😋✨️ ✨️Eu e Best riso céu 🩵💙 família 🥴🥰❤️ bests As primas✨️😋😝🤪😜😛 Eu e Mamis✨️🥰 FTU 💚🧡 music,,,,https://www.threads.com/@mari_bella_dias?xmt=AQF07xI7qCcPHzZQE4HcTMBNOwosRCPQAapfbpkgXI-oTrw,False,Pública,0,,,False,0,0,0
nayane.ss,,False,https://instagram.fpmw2-1.fna.fbcdn.net/v/t51.2885-19/519674140_18515902480001392_8919142114309637640_n.jpg?stp=dst-jpg_s150x150_tt6&efg=eyJ2ZW5jb2RlX3RhZyI6InByb2ZpbGVfcGljLmRqYW5nby4xMDgwLmMyIn0&_nc_ht=instagram.fpmw2-1.fna.fbcdn.net&_nc_cat=104&_nc_oc=Q6cZ2QFpMiEBzzlAteX-_Xwoxiq-wGYMOzrr_L7v7_vXVsWAJN2zzvzvh9Dcxh1xLtSUQ2s&_nc_ohc=6LalNETOvmkQ7kNvwFeKkBr&_nc_gid=Z-NbSf7IhO6RVReuxDjG8A&edm=APQMUHMBAAAA&ccb=7-5&oh=00_AfT6ZDbUt8zIYYkhJKCkyXd-ZFoNAtSPVgTIzgHjWB8QQg&oe=6892957C&_nc_sid=6ff7c8,Seguir,nayane.ss Nayane.ss 9 posts 9 2.886 2.886 2.883 2.883 》》Nos bastidores nem tudo são flores《《 ✨ MG NR7 BAHIA SP Sp💘 PR,,0,0,https://www.threads.com/@nayane.ss?xmt=AQF0gYxpE5uQkFi9_h8jRag9aI6vFYhWHrm6nrrzG81ycu4,False,Pública,0,,,False,0,0,0
lucilenegoncalvesrios,,False,https://instagram.fpmw2-1.fna.fbcdn.net/v/t51.2885-19/361925848_308959741480501_7904661336105266055_n.jpg?stp=dst-jpg_s150x150_tt6&efg=eyJ2ZW5jb2RlX3RhZyI6InByb2ZpbGVfcGljLmRqYW5nby4zMjAuYzIifQ&_nc_ht=instagram.fpmw2-1.fna.fbcdn.net&_nc_cat=101&_nc_oc=Q6cZ2QGbu568V1wYukEW0ghkHgPyLzAsfmAEHSGg44IztFDMy_31PKknOoN3x5YZRSWmETo&_nc_ohc=fpzmML0-LlQQ7kNvwGmQjaz&_nc_gid=yHp43KOXtUabtC5l_qQp0A&edm=APQMUHMBAAAA&ccb=7-5&oh=00_AfSYZTWFlqAiwa6aSgUpeYsjwIFQJS_Do3CfKOmrV0ySVw&oe=68928C24&_nc_sid=6ff7c8,Seguir,lucilenegoncalvesrios Lucilene Amaral 2 posts 2 407 407 2.777 2.777,0,0,0,https://www.threads.com/@lucilenegoncalvesrios?xmt=AQF04HqsGKI11xIk7yP_84IgKqilbT51zq2M7dhKZTvH5Q8,False,Pública,0,,,False,0,0,0
ceciliafariasc,,False,https://instagram.fpmw2-1.fna.fbcdn.net/v/t51.2885-19/521155251_18051279578387499_34256862114613771_n.jpg?stp=dst-jpg_s150x150_tt6&efg=eyJ2ZW5jb2RlX3RhZyI6InByb2ZpbGVfcGljLmRqYW5nby44MjguYzIifQ&_nc_ht=instagram.fpmw2-1.fna.fbcdn.net&_nc_cat=103&_nc_oc=Q6cZ2QFpMiEBzzlAteX-_Xwoxiq-wGYMOzrr_L7v7_vXVsWAJN2zzvzvh9Dcxh1xLtSUQ2s&_nc_ohc=cJ33JPPPv2cQ7kNvwHllp_-&_nc_gid=Z-NbSf7IhO6RVReuxDjG8A&edm=APQMUHMBAAAA&ccb=7-5&oh=00_AfRSQyHtijilapVGtsWa0ThBC2xxUnYtdtdorCk6MHGciQ&oe=68925E79&_nc_sid=6ff7c8,Seguir,"ceciliafariasc Maria Cecília Farias 48 posts 48 798 798 1.415 1.415 católica & pedagoga em formação. minha alma, como terra árida, tem sede de Vós. 🌟",0,0,0,,False,Pública,0,,,False,0,0,0
criscia_nayla,,False,https://instagram.fpmw2-1.fna.fbcdn.net/v/t51.2885-19/469636382_942065027850678_5301693523568947189_n.jpg?stp=dst-jpg_s150x150_tt6&efg=eyJ2ZW5jb2RlX3RhZyI6InByb2ZpbGVfcGljLmRqYW5nby43MjAuYzIifQ&_nc_ht=instagram.fpmw2-1.fna.fbcdn.net&_nc_cat=106&_nc_oc=Q6cZ2QFpMiEBzzlAteX-_Xwoxiq-wGYMOzrr_L7v7_vXVsWAJN2zzvzvh9Dcxh1xLtSUQ2s&_nc_ohc=s1p-MXee9ocQ7kNvwFpM5_j&_nc_gid=Z-NbSf7IhO6RVReuxDjG8A&edm=APQMUHMBAAAA&ccb=7-5&oh=00_AfQ-dv-tKOywwTjMidUUY57et5J_7XMucNaF6UZ1yPoC4g&oe=68926C23&_nc_sid=6ff7c8,Seguir,"criscia_nayla Náyla Santos 0 posts 0 282 282 7.493 7.493 ✨Perfeccionista, mas não perfeita🦋✨ ♥️Eu sou da imaculada 🙏",0,0,0,,False,Pública,0,,,False,0,0,0
tethe_g64,,False,https://instagram.fpmw2-1.fna.fbcdn.net/v/t51.2885-19/515171540_17972673344882541_7307406969254336291_n.jpg?stp=dst-jpg_s150x150_tt6&efg=eyJ2ZW5jb2RlX3RhZyI6InByb2ZpbGVfcGljLmRqYW5nby4xMDgwLmMyIn0&_nc_ht=instagram.fpmw2-1.fna.fbcdn.net&_nc_cat=109&_nc_oc=Q6cZ2QFpMiEBzzlAteX-_Xwoxiq-wGYMOzrr_L7v7_vXVsWAJN2zzvzvh9Dcxh1xLtSUQ2s&_nc_ohc=VNxVu6WB9j8Q7kNvwENscld&_nc_gid=Z-NbSf7IhO6RVReuxDjG8A&edm=APQMUHMBAAAA&ccb=7-5&oh=00_AfQmjWIDJbp566WjS3J1VgIs8CPttDrE1uFVYalA_iIp1A&oe=68926109&_nc_sid=6ff7c8,Seguir,tethe_g64 Sthefany Gomes 1 post 1 304 304 5.148 5.148 mãe da @Anaceci697 lembranças,0,0,0,https://www.threads.com/@tethe_g64?xmt=AQF0TJ2O-I974RQlW2j5wruoqASfUb81QQRCRKJW3oF94po,False,Pública,0,,,False,0,0,0
beatriz_port,,False,https://instagram.fpmw2-1.fna.fbcdn.net/v/t51.2885-19/342071218_553715670179963_1176273224129289249_n.jpg?stp=dst-jpg_s150x150_tt6&efg=eyJ2ZW5jb2RlX3RhZyI6InByb2ZpbGVfcGljLmRqYW5nby4xMDgwLmMyIn0&_nc_ht=instagram.fpmw2-1.fna.fbcdn.net&_nc_cat=111&_nc_oc=Q6cZ2QFpMiEBzzlAteX-_Xwoxiq-wGYMOzrr_L7v7_vXVsWAJN2zzvzvh9Dcxh1xLtSUQ2s&_nc_ohc=L_ciQMwyKzUQ7kNvwEUd0Xv&_nc_gid=Z-NbSf7IhO6RVReuxDjG8A&edm=APQMUHMBAAAA&ccb=7-5&oh=00_AfQRwHUES5kUQaGXeU1ISAK5ZXwZLSEnreAgPI28kk4MaA&oe=68926DF2&_nc_sid=6ff7c8,Seguir,beatriz_port Beatriz Porto 90 posts 90 1.887 1.887 789 789 🤍amores ⚕medicina Destaques,0,0,0,https://www.threads.com/@beatriz_port?xmt=AQF0kH60MV1B81CwA-NhE8YrMaXN2MpKnzqBtvpSkJTYRiY,False,Pública,0,,,False,0,0,0
shyla_marime,,False,https://instagram.fpmw2-1.fna.fbcdn.net/v/t51.2885-19/434076962_345856425075787_4418969697255733745_n.jpg?stp=dst-jpg_s150x150_tt6&efg=eyJ2ZW5jb2RlX3RhZyI6InByb2ZpbGVfcGljLmRqYW5nby4xMDgwLmMyIn0&_nc_ht=instagram.fpmw2-1.fna.fbcdn.net&_nc_cat=107&_nc_oc=Q6cZ2QFpMiEBzzlAteX-_Xwoxiq-wGYMOzrr_L7v7_vXVsWAJN2zzvzvh9Dcxh1xLtSUQ2s&_nc_ohc=f3vs33NLu1IQ7kNvwE42RQ-&_nc_gid=Z-NbSf7IhO6RVReuxDjG8A&edm=APQMUHMBAAAA&ccb=7-5&oh=00_AfSk6Vq4eQQQvryZKJbvmj15wgPOHD6HaEaudKzZDPz4nw&oe=68927539&_nc_sid=6ff7c8,Seguir,"Shyla Marime e mais 2 shyla_marime Shyla Marime 181 posts 181 2.238 2.238 3.403 3.403 Criador(a) de conteúdo digital 👩‍💼Conselheira, Activista Social e Jornalista 🎯Empresária - +258 877903047 (parcerias) Lute com fé pelo que você... mais Shyla Marime e mais 2 Criador(a) de conteúdo digital 👩‍💼Conselheira, Activista Social e Jornalista 🎯Empresária - +258 877903047 (parcerias) Lute com fé pelo que você... mais 👩‍💼Conselheira, Activista Social e Jornalista 🎯Empresária - +258 877903047 (parcerias) Lute com fé pelo que você ... mais mais Eu❤️ AD na Tv ❤️❤️🌊 Meu casamento❤️ Minha marca🥰❤️",,,,,False,Pública,0,,,False,0,0,0
carmenramos64_,,False,https://instagram.fpmw2-1.fna.fbcdn.net/v/t51.2885-19/429093045_1134912247683386_7742099147912182988_n.jpg?stp=dst-jpg_s150x150_tt6&efg=eyJ2ZW5jb2RlX3RhZyI6InByb2ZpbGVfcGljLmRqYW5nby4zMjAuYzIifQ&_nc_ht=instagram.fpmw2-1.fna.fbcdn.net&_nc_cat=102&_nc_oc=Q6cZ2QFpMiEBzzlAteX-_Xwoxiq-wGYMOzrr_L7v7_vXVsWAJN2zzvzvh9Dcxh1xLtSUQ2s&_nc_ohc=8WXHMkd_kksQ7kNvwERoVI5&_nc_gid=Z-NbSf7IhO6RVReuxDjG8A&edm=APQMUHMBAAAA&ccb=7-5&oh=00_AfQlvTh8cJNNQTagzpOZoY0R-b15x7YHucWkOuqb1_PcFg&oe=6892769E&_nc_sid=6ff7c8,Seguir,carmenramos64_ Carmen Ramos 0 posts 0 338 338 4.035 4.035 💜,0,0,0,,False,Pública,0,,,False,0,0,0
isabel_nelson_cumbane_,,False,https://instagram.fpmw2-1.fna.fbcdn.net/v/t51.2885-19/485174137_9442013112502265_1379691767328016435_n.jpg?stp=dst-jpg_s150x150_tt6&efg=eyJ2ZW5jb2RlX3RhZyI6InByb2ZpbGVfcGljLmRqYW5nby4xMDgwLmMyIn0&_nc_ht=instagram.fpmw2-1.fna.fbcdn.net&_nc_cat=105&_nc_oc=Q6cZ2QFpMiEBzzlAteX-_Xwoxiq-wGYMOzrr_L7v7_vXVsWAJN2zzvzvh9Dcxh1xLtSUQ2s&_nc_ohc=6gBcTINOQmwQ7kNvwHO-bKy&_nc_gid=Z-NbSf7IhO6RVReuxDjG8A&edm=APQMUHMBAAAA&ccb=7-5&oh=00_AfRWRJeALXvxHjCBWniuJNZ6PwLMg8iHivxmVGYlaB78Fw&oe=689272C8&_nc_sid=6ff7c8,Seguir,,0,0,0,,False,Erro inesperado,0,,,False,0,0,0
karin_a1085,,False,https://instagram.fpmw2-1.fna.fbcdn.net/v/t51.2885-19/509639915_18072195179312957_6184604701809384089_n.jpg?stp=dst-jpg_s150x150_tt6&efg=eyJ2ZW5jb2RlX3RhZyI6InByb2ZpbGVfcGljLmRqYW5nby4xMDgwLmMyIn0&_nc_ht=instagram.fpmw2-1.fna.fbcdn.net&_nc_cat=105&_nc_oc=Q6cZ2QFpMiEBzzlAteX-_Xwoxiq-wGYMOzrr_L7v7_vXVsWAJN2zzvzvh9Dcxh1xLtSUQ2s&_nc_ohc=wEsZzl735hoQ7kNvwHlLSC8&_nc_gid=Z-NbSf7IhO6RVReuxDjG8A&edm=APQMUHMBAAAA&ccb=7-5&oh=00_AfQHw-4NWE-g7TJSF5k2XVbvt0zfR-aZzUcYaOjD-im-Qw&oe=68925FA0&_nc_sid=6ff7c8,Seguir,karin_a1085 karina lima 0 posts 0 116 116 188 188,0,0,0,https://www.threads.com/@karin_a1085?xmt=AQF04tn2QsQKZCGwOq2uTaysTmH8ONPtLRkmjSOgLS5dIzc,False,Pública,0,,,False,0,0,0
tuaneooliveira,,False,https://instagram.fpmw2-1.fna.fbcdn.net/v/t51.2885-19/504223294_18226785739295506_2914513924047750188_n.jpg?stp=dst-jpg_s150x150_tt6&efg=eyJ2ZW5jb2RlX3RhZyI6InByb2ZpbGVfcGljLmRqYW5nby44MjguYzIifQ&_nc_ht=instagram.fpmw2-1.fna.fbcdn.net&_nc_cat=110&_nc_oc=Q6cZ2QFpMiEBzzlAteX-_Xwoxiq-wGYMOzrr_L7v7_vXVsWAJN2zzvzvh9Dcxh1xLtSUQ2s&_nc_ohc=4qX7MBWu39gQ7kNvwFzWwlk&_nc_gid=Z-NbSf7IhO6RVReuxDjG8A&edm=APQMUHMBAAAA&ccb=7-5&oh=00_AfSp4qdzVtZ7P7NJMb8uvvOutAVeEIPTm_PMwNEFjw-2SA&oe=68926D5D&_nc_sid=6ff7c8,Seguir,tuaneooliveira Tuane Oliveira 67 posts 67 1.737 1.737 1.725 1.725,0,0,0,https://www.threads.com/@tuaneooliveira?xmt=AQF08W7kyROyuz3Jh7C3cTVi2quM5WcyYLe5CJgkyFpAI94,False,Pública,0,,,False,0,0,0
emaiaramatias,,False,https://instagram.fpmw2-1.fna.fbcdn.net/v/t51.2885-19/478594938_1806626923493251_4807809260545520990_n.jpg?stp=dst-jpg_s150x150_tt6&efg=eyJ2ZW5jb2RlX3RhZyI6InByb2ZpbGVfcGljLmRqYW5nby44NjQuYzIifQ&_nc_ht=instagram.fpmw2-1.fna.fbcdn.net&_nc_cat=107&_nc_oc=Q6cZ2QGkk8qbUeeVOZcdwWVayjFhAgRpY8hZpec7EjSKmFp9DLoRLLf8_acpH3n2YX1WJcj2vUfJCwdxZ0RM-KsmxRPT&_nc_ohc=a2qlueJw6QQQ7kNvwFwOEox&_nc_gid=uXQxp5MHly02nVQARwFxgA&edm=APQMUHMBAAAA&ccb=7-5&oh=00_AfRsb-8QF4lX48hdXobbpJqvHy06CWxy4rbpYkMZSuUuYQ&oe=68928E10&_nc_sid=6ff7c8,Seguir,emaiaramatias Maiara 84 posts 84 456 456 315 315 ... mais mais,0,0,0,,False,Pública,0,,,False,0,0,0
ivanialuciaribeiro,,False,https://instagram.fpmw2-1.fna.fbcdn.net/v/t51.2885-19/483951168_4741012739457779_1652732868420962345_n.jpg?stp=dst-jpg_s150x150_tt6&efg=eyJ2ZW5jb2RlX3RhZyI6InByb2ZpbGVfcGljLmRqYW5nby4xMDM5LmMyIn0&_nc_ht=instagram.fpmw2-1.fna.fbcdn.net&_nc_cat=111&_nc_oc=Q6cZ2QGkk8qbUeeVOZcdwWVayjFhAgRpY8hZpec7EjSKmFp9DLoRLLf8_acpH3n2YX1WJcj2vUfJCwdxZ0RM-KsmxRPT&_nc_ohc=5ecVWGLZs4oQ7kNvwHCMuEI&_nc_gid=uXQxp5MHly02nVQARwFxgA&edm=APQMUHMBAAAA&ccb=7-5&oh=00_AfQIzHwSRZ0BTHDVaxCzSk43OIhqLKbWewqPc_OIwUevVw&oe=68926A3E&_nc_sid=6ff7c8,Seguir,ivanialuciaribeiro Ivania Lucia Ribeiro 1.485 posts 1.485 1.894 1.894 4.293 4.293,0,0,0,https://www.facebook.com/profile.php?id=100003135850409&ref=_ig_profile_ac,False,Pública,0,,,False,0,0,0
kellysssantos,,False,https://instagram.fpmw2-1.fna.fbcdn.net/v/t51.2885-19/491443323_18504481204020818_8215601167224454069_n.jpg?stp=dst-jpg_s150x150_tt6&efg=eyJ2ZW5jb2RlX3RhZyI6InByb2ZpbGVfcGljLmRqYW5nby4xMDgwLmMyIn0&_nc_ht=instagram.fpmw2-1.fna.fbcdn.net&_nc_cat=102&_nc_oc=Q6cZ2QG5HdDBWLgMZcnDjzEtind88gdVqpclkSqvn3j9vD8i8u8pr_J3y_-RUo4EGjunOLX531T1aq9mYZ7OPYoNhAtg&_nc_ohc=UA2ySArM9cIQ7kNvwFi_FvQ&_nc_gid=Vyi7y-a1NIB76IjX-WfNow&edm=APQMUHMBAAAA&ccb=7-5&oh=00_AfRSkH71lndU2NqMfv82CTybRYm9Lx5pJ6nXsT4kUnhA7Q&oe=689292A7&_nc_sid=6ff7c8,Seguir,kellysssantos Kellyss Santos Mendes Lima 894 posts 894 1.276 1.276 5.757 5.757 ... mais mais,0,0,0,https://www.facebook.com/profile.php?id=100001621524050&ref=_ig_profile_ac,False,Pública,0,,,False,0,0,0
lima_adrielle_21,,False,https://instagram.fpmw2-1.fna.fbcdn.net/v/t51.2885-19/503109209_18275758012277444_4845335719299781216_n.jpg?stp=dst-jpg_s150x150_tt6&efg=eyJ2ZW5jb2RlX3RhZyI6InByb2ZpbGVfcGljLmRqYW5nby4xMDgwLmMyIn0&_nc_ht=instagram.fpmw2-1.fna.fbcdn.net&_nc_cat=108&_nc_oc=Q6cZ2QGkk8qbUeeVOZcdwWVayjFhAgRpY8hZpec7EjSKmFp9DLoRLLf8_acpH3n2YX1WJcj2vUfJCwdxZ0RM-KsmxRPT&_nc_ohc=dSuwb74m0LsQ7kNvwGw4gtl&_nc_gid=uXQxp5MHly02nVQARwFxgA&edm=APQMUHMBAAAA&ccb=7-5&oh=00_AfRYAYqRsJsTEMCz2js2n4uRWfQdb2fPq5Z0K_0Jp0-87Q&oe=68927107&_nc_sid=6ff7c8,Seguir,lima_adrielle_21 Drii_lima❤️ 20 posts 20 1.125 1.125 3.192 3.192,0,0,0,,False,Pública,0,,,False,0,0,0
cassiano5245,,False,https://instagram.fpmw2-1.fna.fbcdn.net/v/t51.2885-19/461320578_1927116221096695_6591179175883271140_n.jpg?stp=dst-jpg_s150x150_tt6&efg=eyJ2ZW5jb2RlX3RhZyI6InByb2ZpbGVfcGljLmRqYW5nby45NjAuYzIifQ&_nc_ht=instagram.fpmw2-1.fna.fbcdn.net&_nc_cat=107&_nc_oc=Q6cZ2QG5HdDBWLgMZcnDjzEtind88gdVqpclkSqvn3j9vD8i8u8pr_J3y_-RUo4EGjunOLX531T1aq9mYZ7OPYoNhAtg&_nc_ohc=Ns4zbSeKNwAQ7kNvwFhVgeK&_nc_gid=Vyi7y-a1NIB76IjX-WfNow&edm=APQMUHMBAAAA&ccb=7-5&oh=00_AfQHvHtjBWyl5RQmbFcdceIEGA31kWXxUxMCvbqssWkDbQ&oe=68927168&_nc_sid=6ff7c8,Seguir,,0,0,0,,False,Erro inesperado,0,,,False,0,0,0
letinhacruz,,False,https://instagram.fpmw2-1.fna.fbcdn.net/v/t51.2885-19/499522068_18505872931028122_4375858522939247318_n.jpg?stp=dst-jpg_s150x150_tt6&efg=eyJ2ZW5jb2RlX3RhZyI6InByb2ZpbGVfcGljLmRqYW5nby45NTguYzIifQ&_nc_ht=instagram.fpmw2-1.fna.fbcdn.net&_nc_cat=110&_nc_oc=Q6cZ2QGkk8qbUeeVOZcdwWVayjFhAgRpY8hZpec7EjSKmFp9DLoRLLf8_acpH3n2YX1WJcj2vUfJCwdxZ0RM-KsmxRPT&_nc_ohc=i1powkNUyhcQ7kNvwE6jzG_&_nc_gid=uXQxp5MHly02nVQARwFxgA&edm=APQMUHMBAAAA&ccb=7-5&oh=00_AfRKAGU_ZCVPNplhDKrbAjTWikxPwvU4PtwAsFds37Lvdg&oe=68928856&_nc_sid=6ff7c8,Seguir,"letinhacruz Letinha Machado 576 posts 576 468 468 1.810 1.810 Photography, as a powerful medium of expression and communications, offers an infinite variety of perception,... mais Photography, as a powerful medium of expression and communications, offers an infinite variety of perception, ... mais mais",0,0,0,https://www.threads.com/@letinhacruz?xmt=AQF06wdd94V7gaEmQOwYdb529VuRLVhaPNDNs-HIsZkjaVw,False,Pública,0,,,False,0,0,0
lauraposca,,False,https://instagram.fpmw2-1.fna.fbcdn.net/v/t51.2885-19/470675056_1114718836946778_7134435064682701493_n.jpg?stp=dst-jpg_s150x150_tt6&efg=eyJ2ZW5jb2RlX3RhZyI6InByb2ZpbGVfcGljLmRqYW5nby4xMDgwLmMyIn0&_nc_ht=instagram.fpmw2-1.fna.fbcdn.net&_nc_cat=106&_nc_oc=Q6cZ2QGkk8qbUeeVOZcdwWVayjFhAgRpY8hZpec7EjSKmFp9DLoRLLf8_acpH3n2YX1WJcj2vUfJCwdxZ0RM-KsmxRPT&_nc_ohc=RWcCy14lgJwQ7kNvwFrbdOL&_nc_gid=uXQxp5MHly02nVQARwFxgA&edm=APQMUHMBAAAA&ccb=7-5&oh=00_AfTC_JqtVNbbLgMcPJuTTjOWXbpdBxIM1wqVSH7dE1xqpA&oe=689284BF&_nc_sid=6ff7c8,Seguir,lauraposca Laura 1 post 1 503 503 566 566,0,0,0,,False,Pública,0,,,False,0,0,0
lay._santoss_,,False,https://instagram.fssa3-1.fna.fbcdn.net/v/t51.2885-19/464760996_1254146839119862_3605321457742435801_n.png?stp=dst-jpg_e0_s150x150_tt6&cb=8577c754-c2464923&efg=eyJ2ZW5jb2RlX3RhZyI6InByb2ZpbGVfcGljLmRqYW5nby4xNTAuYzIifQ&_nc_ad=z-m&_nc_ht=instagram.fssa3-1.fna.fbcdn.net&_nc_cat=1&_nc_oc=Q6cZ2QFCpkiPcWguGQrVBcGygE3Xq-wHq-71rkQuK6nItgQ7r5LWij9R6FmC2lhJBjNPJaAHfGUhWc6sBN973F7nDnhi&_nc_ohc=cmGW-gSOmkoQ7kNvwFp11WS&_nc_gid=fURHBxCV7K_d3OXAyOGzig&edm=AD93TDoBAAAA&ccb=7-5&ig_cache_key=YW5vbnltb3VzX3Byb2ZpbGVfcGlj.3-ccb7-5-cb8577c754-c2464923&oh=00_AfROCCOS1RB8jJTiEKz3_lgthYVmqEJ-x4ZdY08O-9cfqw&oe=68928E28&_nc_sid=87e5dd,Seguir,lay._santoss_ layanny santos 0 posts 0 312 312 1.007 1.007 🤨,0,0,0,,False,Pública,0,,,False,0,0,0
daiana_egarcia,,False,https://instagram.fpmw2-1.fna.fbcdn.net/v/t51.2885-19/504499300_18474497125079081_7296397530987061389_n.jpg?stp=dst-jpg_s150x150_tt6&efg=eyJ2ZW5jb2RlX3RhZyI6InByb2ZpbGVfcGljLmRqYW5nby43MjAuYzIifQ&_nc_ht=instagram.fpmw2-1.fna.fbcdn.net&_nc_cat=105&_nc_oc=Q6cZ2QG5HdDBWLgMZcnDjzEtind88gdVqpclkSqvn3j9vD8i8u8pr_J3y_-RUo4EGjunOLX531T1aq9mYZ7OPYoNhAtg&_nc_ohc=26DvT1_u09EQ7kNvwGRwPdt&_nc_gid=Vyi7y-a1NIB76IjX-WfNow&edm=APQMUHMBAAAA&ccb=7-5&oh=00_AfQg2IjQKY-ZqrZ4bQYDNawJvPCuPwztDx7miCnnL97sBA&oe=689265C5&_nc_sid=6ff7c8,Seguir,,0,0,0,,False,Erro inesperado,0,,,False,0,0,0
mariavt327,,False,https://instagram.fpmw2-1.fna.fbcdn.net/v/t51.2885-19/494068551_18457764001075549_8131033617361836656_n.jpg?stp=dst-jpg_s150x150_tt6&efg=eyJ2ZW5jb2RlX3RhZyI6InByb2ZpbGVfcGljLmRqYW5nby4xMDgwLmMyIn0&_nc_ht=instagram.fpmw2-1.fna.fbcdn.net&_nc_cat=101&_nc_oc=Q6cZ2QHP1ede8RZSNJrDWqtpiDaWvAYobh6jjbnorFfPoiX2lqkZ232mhsLFVMlroDSM3xsk_Z4d-mQkH-lh9cxkm6vF&_nc_ohc=m7MOm1h33qAQ7kNvwFJizYc&_nc_gid=hZOCuF8Nr-Vhq3w2OrzLsA&edm=APQMUHMBAAAA&ccb=7-5&oh=00_AfQMcml16Gx2FGMs8U5WT5CmUy6i5pSjUo131Oqo59y6MQ&oe=6892755A&_nc_sid=6ff7c8,Seguir,mariavt327 Maria Eduarda Viana 13 posts 13 898 898 572 572,0,0,0,https://www.threads.com/@mariavt327?xmt=AQF0yFvRmBm4_Kw-XXLrMnwUjnXjDn9cNqR6aV7v8IuQ6Is,False,Pública,0,,,False,0,0,0
jessica_karlahh,,False,https://instagram.fpmw2-1.fna.fbcdn.net/v/t51.2885-19/515517077_18400266574116728_3134329127777645896_n.jpg?stp=dst-jpg_s150x150_tt6&efg=eyJ2ZW5jb2RlX3RhZyI6InByb2ZpbGVfcGljLmRqYW5nby4xMDgwLmMyIn0&_nc_ht=instagram.fpmw2-1.fna.fbcdn.net&_nc_cat=108&_nc_oc=Q6cZ2QGkk8qbUeeVOZcdwWVayjFhAgRpY8hZpec7EjSKmFp9DLoRLLf8_acpH3n2YX1WJcj2vUfJCwdxZ0RM-KsmxRPT&_nc_ohc=31yhkXpz8bQQ7kNvwH3vRNI&_nc_gid=uXQxp5MHly02nVQARwFxgA&edm=APQMUHMBAAAA&ccb=7-5&oh=00_AfSlZ2JlnZg_1lYn_D4UbiLggfOGxCJEJdAHiF-wg7CO8Q&oe=68926FFC&_nc_sid=6ff7c8,Seguir,jessica_karlahh Jessica Karla Oliveira 13 posts 13 1.472 1.472 2.656 2.656,0,0,0,,False,Pública,0,,,False,0,0,0
lenir.oliveira_lila,,False,https://instagram.fpmw2-1.fna.fbcdn.net/v/t51.2885-19/173326724_1607759586085496_8227790883189425277_n.jpg?stp=dst-jpg_s150x150_tt6&efg=eyJ2ZW5jb2RlX3RhZyI6InByb2ZpbGVfcGljLmRqYW5nby40OTUuYzIifQ&_nc_ht=instagram.fpmw2-1.fna.fbcdn.net&_nc_cat=108&_nc_oc=Q6cZ2QHP1ede8RZSNJrDWqtpiDaWvAYobh6jjbnorFfPoiX2lqkZ232mhsLFVMlroDSM3xsk_Z4d-mQkH-lh9cxkm6vF&_nc_ohc=bHcOy3Px-IcQ7kNvwEAxW1H&_nc_gid=hZOCuF8Nr-Vhq3w2OrzLsA&edm=APQMUHMBAAAA&ccb=7-5&oh=00_AfSaIe6tOq8MlEilUJQwEOqgaSXILLPoIrM-37NmFYJXvw&oe=689281B9&_nc_sid=6ff7c8,Seguir,,0,0,0,,False,Erro inesperado,0,,,False,0,0,0
laiscsm,,False,https://instagram.fpmw2-1.fna.fbcdn.net/v/t51.2885-19/527426832_18491463022071153_2742189225870658314_n.jpg?stp=dst-jpg_s150x150_tt6&efg=eyJ2ZW5jb2RlX3RhZyI6InByb2ZpbGVfcGljLmRqYW5nby4xMDgwLmMyIn0&_nc_ht=instagram.fpmw2-1.fna.fbcdn.net&_nc_cat=109&_nc_oc=Q6cZ2QG5HdDBWLgMZcnDjzEtind88gdVqpclkSqvn3j9vD8i8u8pr_J3y_-RUo4EGjunOLX531T1aq9mYZ7OPYoNhAtg&_nc_ohc=YCJpL_0x96EQ7kNvwERTADp&_nc_gid=Vyi7y-a1NIB76IjX-WfNow&edm=APQMUHMBAAAA&ccb=7-5&oh=00_AfRdTy7Eqost7QgVA_ECItoMA24O43rRz8FVuKNmzTbRmg&oe=68928E49&_nc_sid=6ff7c8,Seguir,laiscsm Laís Macedo 53 posts 53 406 406 2.911 2.911,0,0,0,https://www.threads.com/@laiscsm?xmt=AQF0V7gRiO20OdMwcJQngf7tbbhbQbIndK4obgQBu9Berds,False,Pública,0,,,False,0,0,0
pri.justino,,False,https://instagram.fpmw2-1.fna.fbcdn.net/v/t51.2885-19/362420747_835930194542987_7229468924050758822_n.jpg?stp=dst-jpg_s150x150_tt6&efg=eyJ2ZW5jb2RlX3RhZyI6InByb2ZpbGVfcGljLmRqYW5nby43MDUuYzIifQ&_nc_ht=instagram.fpmw2-1.fna.fbcdn.net&_nc_cat=111&_nc_oc=Q6cZ2QG5HdDBWLgMZcnDjzEtind88gdVqpclkSqvn3j9vD8i8u8pr_J3y_-RUo4EGjunOLX531T1aq9mYZ7OPYoNhAtg&_nc_ohc=aUP18xQW9egQ7kNvwGaFuiq&_nc_gid=Vyi7y-a1NIB76IjX-WfNow&edm=APQMUHMBAAAA&ccb=7-5&oh=00_AfQg3uu9ZSLFHU7ljm4To5yu4EDQLIxgblqamx1eFQWr1A&oe=689280D7&_nc_sid=6ff7c8,Seguir,pri.justino Priscila Justino 1 post 1 252 252 3.036 3.036 🎀 SP > ES,0,0,0,,False,Pública,0,,,False,0,0,0
damares2.6_,,False,https://instagram.fpmw2-1.fna.fbcdn.net/v/t51.2885-19/502661549_18371017141123541_9012511593437816775_n.jpg?stp=dst-jpg_s150x150_tt6&efg=eyJ2ZW5jb2RlX3RhZyI6InByb2ZpbGVfcGljLmRqYW5nby4xMDgwLmMyIn0&_nc_ht=instagram.fpmw2-1.fna.fbcdn.net&_nc_cat=105&_nc_oc=Q6cZ2QG5HdDBWLgMZcnDjzEtind88gdVqpclkSqvn3j9vD8i8u8pr_J3y_-RUo4EGjunOLX531T1aq9mYZ7OPYoNhAtg&_nc_ohc=27eHOga_ZLMQ7kNvwHnqOXd&_nc_gid=Vyi7y-a1NIB76IjX-WfNow&edm=APQMUHMBAAAA&ccb=7-5&oh=00_AfQ6yforLHV-aUqpSohCjUalxRnPzw5McEZUDH5UABRD4Q&oe=689291D5&_nc_sid=6ff7c8,Seguir,"damares2.6_ Luana Damares 3 posts 3 447 447 2.016 2.016 Consagre ao Senhor tudo o que você faz, e os seus planos serão bem sucedidos. 🤍",0,0,0,,False,Pública,0,,,False,0,0,0
yuri__jesus,,False,https://instagram.fpmw2-1.fna.fbcdn.net/v/t51.2885-19/439312269_420115917425451_3461421288865703990_n.jpg?stp=dst-jpg_s150x150_tt6&efg=eyJ2ZW5jb2RlX3RhZyI6InByb2ZpbGVfcGljLmRqYW5nby42MzEuYzIifQ&_nc_ht=instagram.fpmw2-1.fna.fbcdn.net&_nc_cat=103&_nc_oc=Q6cZ2QG5HdDBWLgMZcnDjzEtind88gdVqpclkSqvn3j9vD8i8u8pr_J3y_-RUo4EGjunOLX531T1aq9mYZ7OPYoNhAtg&_nc_ohc=jHfM9KpPaOQQ7kNvwES7H4z&_nc_gid=Vyi7y-a1NIB76IjX-WfNow&edm=APQMUHMBAAAA&ccb=7-5&oh=00_AfR5hOqqgPZ7qmu2M9Dekxs-C53276q7SelXeaO3WHuCpw&oe=689293FE&_nc_sid=6ff7c8,Seguir,yuri__jesus Yuri Jesus 16 posts 16 902 902 5.564 5.564 •No SPC aos 20 •Calvo aos 20 •Maravilhoso •Ele vira !! ❤,0,0,0,,False,Pública,0,,,False,0,0,0
karennffernanda,,False,https://instagram.fpmw2-1.fna.fbcdn.net/v/t51.2885-19/473887121_606502032236702_5803008093972218986_n.jpg?stp=dst-jpg_s150x150_tt6&efg=eyJ2ZW5jb2RlX3RhZyI6InByb2ZpbGVfcGljLmRqYW5nby4xMDgwLmMyIn0&_nc_ht=instagram.fpmw2-1.fna.fbcdn.net&_nc_cat=102&_nc_oc=Q6cZ2QG5HdDBWLgMZcnDjzEtind88gdVqpclkSqvn3j9vD8i8u8pr_J3y_-RUo4EGjunOLX531T1aq9mYZ7OPYoNhAtg&_nc_ohc=W9lH0KI8558Q7kNvwGswAd0&_nc_gid=Vyi7y-a1NIB76IjX-WfNow&edm=APQMUHMBAAAA&ccb=7-5&oh=00_AfSHiXgrFbDBjgR2--B_miXMrGiZZFDuzfuuBBghNt153A&oe=689267D7&_nc_sid=6ff7c8,Seguir,karennffernanda Karen Fernanda 369 posts 369 1.655 1.655 4.220 4.220,0,0,0,https://www.threads.com/@karennffernanda?xmt=AQF0Hv-5WXfT5JvLrcsXhhJ04led5pbx8AeLsUGjAqhhUTU,False,Pública,0,,,False,0,0,0
florcadete_silva,,False,https://instagram.fpmw2-1.fna.fbcdn.net/v/t51.2885-19/496952145_18043524971627722_3237131127115471007_n.jpg?stp=dst-jpg_s150x150_tt6&efg=eyJ2ZW5jb2RlX3RhZyI6InByb2ZpbGVfcGljLmRqYW5nby4xMDgwLmMyIn0&_nc_ht=instagram.fpmw2-1.fna.fbcdn.net&_nc_cat=110&_nc_oc=Q6cZ2QG5HdDBWLgMZcnDjzEtind88gdVqpclkSqvn3j9vD8i8u8pr_J3y_-RUo4EGjunOLX531T1aq9mYZ7OPYoNhAtg&_nc_ohc=6Tz_LSqkWMEQ7kNvwGlIFh-&_nc_gid=Vyi7y-a1NIB76IjX-WfNow&edm=APQMUHMBAAAA&ccb=7-5&oh=00_AfSHUGZwri5Ux_Muf22jO9yM6ZLlt9LylW4G1HODCKI6wA&oe=68926A5A&_nc_sid=6ff7c8,Seguir,florcadete_silva Castanha 🤍 5 posts 5 159 159 1.010 1.010 Deus acima de tudo 🙏🏾 Destaques,,,0,,False,Pública,0,,,False,0,0,0
gustavocmorgado,,False,https://instagram.fpmw2-1.fna.fbcdn.net/v/t51.2885-19/278054991_985324289020584_3400279357647959962_n.jpg?stp=dst-jpg_s150x150_tt6&efg=eyJ2ZW5jb2RlX3RhZyI6InByb2ZpbGVfcGljLmRqYW5nby4xMDgwLmMyIn0&_nc_ht=instagram.fpmw2-1.fna.fbcdn.net&_nc_cat=100&_nc_oc=Q6cZ2QHCj0JG3iQIScIpzNlZ-fgUunkyeagaEbuoGoeUSuW9LOTasct--_HxxIudFC4DeWse7BCScIGZqWCa9G8NZF5r&_nc_ohc=LY3KF6O3TIMQ7kNvwEHman4&_nc_gid=AyT0_dVynrKIiQ-RSoq4Xw&edm=APQMUHMBAAAA&ccb=7-5&oh=00_AfSjIuFmt1komagJRQFyaOFIbcebE-IcFPNJbcawJS1wBw&oe=68928F8D&_nc_sid=6ff7c8,Seguir,gustavocmorgado Gustavo Costa 5 posts 5 499 499 5.946 5.946 02-01♑ 🄼🄾🅁🄶🄰🄳🄾😎 #BSB,0,0,0,,False,Pública,0,,,False,0,0,0
maryana.lopes.319,,False,https://instagram.fpmw2-1.fna.fbcdn.net/v/t51.2885-19/520555489_18277694236287268_3837534439929473864_n.jpg?stp=dst-jpg_s150x150_tt6&efg=eyJ2ZW5jb2RlX3RhZyI6InByb2ZpbGVfcGljLmRqYW5nby4xMDgwLmMyIn0&_nc_ht=instagram.fpmw2-1.fna.fbcdn.net&_nc_cat=104&_nc_oc=Q6cZ2QHP1ede8RZSNJrDWqtpiDaWvAYobh6jjbnorFfPoiX2lqkZ232mhsLFVMlroDSM3xsk_Z4d-mQkH-lh9cxkm6vF&_nc_ohc=gOUWH-y3e8UQ7kNvwEY_lzj&_nc_gid=hZOCuF8Nr-Vhq3w2OrzLsA&edm=APQMUHMBAAAA&ccb=7-5&oh=00_AfSoqvqgKUtNFkjM95ZYjmQ5JgOeHbztxPkaiF4Wgmue2A&oe=68928487&_nc_sid=6ff7c8,Seguir,,0,0,0,,False,Erro de carregamento,0,,,False,0,0,0
rayanne_phalloma,,False,https://instagram.fpmw2-1.fna.fbcdn.net/v/t51.2885-19/491444682_1306535990416512_5501654282594652727_n.jpg?stp=dst-jpg_s150x150_tt6&efg=eyJ2ZW5jb2RlX3RhZyI6InByb2ZpbGVfcGljLmRqYW5nby4xMDgwLmMyIn0&_nc_ht=instagram.fpmw2-1.fna.fbcdn.net&_nc_cat=100&_nc_oc=Q6cZ2QHP1ede8RZSNJrDWqtpiDaWvAYobh6jjbnorFfPoiX2lqkZ232mhsLFVMlroDSM3xsk_Z4d-mQkH-lh9cxkm6vF&_nc_ohc=YNQXOh1zjfwQ7kNvwHOh5co&_nc_gid=hZOCuF8Nr-Vhq3w2OrzLsA&edm=APQMUHMBAAAA&ccb=7-5&oh=00_AfTLBYnsfIv7JzudnwSD1z6BDdjxp-XX_urbQa17tSF9vg&oe=68927955&_nc_sid=6ff7c8,Seguir,rayanne_phalloma Rayh 71 posts 71 371 371 7.009 7.009 Criador(a) de conteúdo digital 1 João 4:18🤏🏽❤️‍🔥 perfil novo Dona da mourinha e da boneca 🤏🏽👀 solteira ♥️🧿 Criador(a) de conteúdo digital 1 João 4:18🤏🏽❤️‍🔥 perfil novo Dona da mourinha e da boneca 🤏🏽👀 solteira ♥️🧿,0,0,0,,False,Pública,0,,,False,0,0,0
luc4slp,,False,https://instagram.fpmw2-1.fna.fbcdn.net/v/t51.2885-19/261464020_579295673163307_4728999078018885864_n.jpg?stp=dst-jpg_s150x150_tt6&efg=eyJ2ZW5jb2RlX3RhZyI6InByb2ZpbGVfcGljLmRqYW5nby43MjAuYzIifQ&_nc_ht=instagram.fpmw2-1.fna.fbcdn.net&_nc_cat=107&_nc_oc=Q6cZ2QHP1ede8RZSNJrDWqtpiDaWvAYobh6jjbnorFfPoiX2lqkZ232mhsLFVMlroDSM3xsk_Z4d-mQkH-lh9cxkm6vF&_nc_ohc=cx2dPNe5pBAQ7kNvwGy3ymT&_nc_gid=hZOCuF8Nr-Vhq3w2OrzLsA&edm=APQMUHMBAAAA&ccb=7-5&oh=00_AfTIfKcPO3FqbREyB0KLlMVSDBdJx9sxd1Kgwcdj4Oq6jA&oe=68926B37&_nc_sid=6ff7c8,Seguir,luc4slp Lucas Lopes 16 posts 16 685 685 1.246 1.246 💻,0,0,0,,False,Pública,0,,,False,0,0,0
deboragris,,False,https://instagram.fpmw2-1.fna.fbcdn.net/v/t51.2885-19/341876259_2065177863873547_8318726371247571673_n.jpg?stp=dst-jpg_s150x150_tt6&efg=eyJ2ZW5jb2RlX3RhZyI6InByb2ZpbGVfcGljLmRqYW5nby4xMDgwLmMyIn0&_nc_ht=instagram.fpmw2-1.fna.fbcdn.net&_nc_cat=107&_nc_oc=Q6cZ2QHP1ede8RZSNJrDWqtpiDaWvAYobh6jjbnorFfPoiX2lqkZ232mhsLFVMlroDSM3xsk_Z4d-mQkH-lh9cxkm6vF&_nc_ohc=CSdDgZmV2cQQ7kNvwGpHBNH&_nc_gid=hZOCuF8Nr-Vhq3w2OrzLsA&edm=APQMUHMBAAAA&ccb=7-5&oh=00_AfR0jFY2pqEh0S64NlvTdulR3C2ymOYMvdCifA2A8tIsAg&oe=68928149&_nc_sid=6ff7c8,Seguir,deboragris Débora Gris 64 posts 64 270 270 895 895,0,0,0,https://www.threads.com/@deboragris?xmt=AQF0FZiavjoXdbTRY9JFzIyaCGJnW-3jjEjZ9dMDHrWyRMk,False,Pública,0,,,False,0,0,0
_kailla_moraes_,,False,https://instagram.fpmw2-1.fna.fbcdn.net/v/t51.2885-19/487809882_929694422420095_6385180618882510082_n.jpg?stp=dst-jpg_s150x150_tt6&efg=eyJ2ZW5jb2RlX3RhZyI6InByb2ZpbGVfcGljLmRqYW5nby40OTguYzIifQ&_nc_ht=instagram.fpmw2-1.fna.fbcdn.net&_nc_cat=107&_nc_oc=Q6cZ2QHP1ede8RZSNJrDWqtpiDaWvAYobh6jjbnorFfPoiX2lqkZ232mhsLFVMlroDSM3xsk_Z4d-mQkH-lh9cxkm6vF&_nc_ohc=GRs_F1h1OPcQ7kNvwF-TMYC&_nc_gid=hZOCuF8Nr-Vhq3w2OrzLsA&edm=APQMUHMBAAAA&ccb=7-5&oh=00_AfRjOoRtQFobuVqzDCT7Fhe84SEMMeWR_nuJQEgKoprZfQ&oe=689265E8&_nc_sid=6ff7c8,Seguir,_kailla_moraes_ Ka Moraes 0 posts 0 494 494 4.191 4.191 Futura Veterinária 👩🏻‍⚕️ Flamenguista❤️🖤❤ Que ele cresça e eu diminua João 14:6 🙏Deus é fiel,0,0,0,https://www.threads.com/@_kailla_moraes_?xmt=AQF0DCx3sdP4Nym1XbB9g0EpLzdtD-oTR7EKeRzbxBL_J3w,False,Pública,0,,,False,0,0,0
vanessaroberts66,,False,https://scontent-atl3-1.cdninstagram.com/v/t51.2885-19/44884218_345707102882519_2446069589734326272_n.jpg?efg=eyJ2ZW5jb2RlX3RhZyI6InByb2ZpbGVfcGljLmRqYW5nby4xNTAuYzIifQ&_nc_ht=scontent-atl3-1.cdninstagram.com&_nc_cat=1&_nc_oc=Q6cZ2QHthMWMr2j2ZWN8XHRAAIzioDQr94KWfWj-MmlUTTMxxTfyJym3wbGjtlgGn3iJnFUxh9CnxmDk427aJ_ZNJDj_&_nc_ohc=3eE6VCHkwwMQ7kNvwHf0z_j&edm=AAAAAAABAAAA&ccb=7-5&ig_cache_key=YW5vbnltb3VzX3Byb2ZpbGVfcGlj.3-ccb7-5&oh=00_AfSAuroQnq7FjC-_oKUJr_ntm2tyqOHRm3Sg-cCsI_GSfw&oe=6892824F&_nc_sid=328259,Seguir,vanessaroberts66 Vänessä Röberts 0 posts 0 65 65 326 326,0,0,0,,False,Pública,0,,,False,0,0,0
athzpvv,,False,https://instagram.fpmw2-1.fna.fbcdn.net/v/t51.2885-19/513856955_17845006830515179_8287269310984273632_n.jpg?stp=dst-jpg_s150x150_tt6&efg=eyJ2ZW5jb2RlX3RhZyI6InByb2ZpbGVfcGljLmRqYW5nby4xMDI0LmMyIn0&_nc_ht=instagram.fpmw2-1.fna.fbcdn.net&_nc_cat=107&_nc_oc=Q6cZ2QHP1ede8RZSNJrDWqtpiDaWvAYobh6jjbnorFfPoiX2lqkZ232mhsLFVMlroDSM3xsk_Z4d-mQkH-lh9cxkm6vF&_nc_ohc=mnAJwg0yaPoQ7kNvwHL16QO&_nc_gid=hZOCuF8Nr-Vhq3w2OrzLsA&edm=APQMUHMBAAAA&ccb=7-5&oh=00_AfSBsher5aO98QgYmfHYB7uW7xo4gF77nkB8aRcnY-fLag&oe=68925F8E&_nc_sid=6ff7c8,Seguir,athzpvv A🐈‍⬛ 5 posts 5 81 81 2.032 2.032 Galeria pública pq não tenho armazenamento 😓,0,0,0,,False,Pública,0,,,False,0,0,0
telminhacarlinhos,,False,https://instagram.fpmw2-1.fna.fbcdn.net/v/t51.2885-19/294377138_712960763127943_5128782767168248393_n.jpg?stp=dst-jpg_s150x150_tt6&efg=eyJ2ZW5jb2RlX3RhZyI6InByb2ZpbGVfcGljLmRqYW5nby44MzQuYzIifQ&_nc_ht=instagram.fpmw2-1.fna.fbcdn.net&_nc_cat=107&_nc_oc=Q6cZ2QHP1ede8RZSNJrDWqtpiDaWvAYobh6jjbnorFfPoiX2lqkZ232mhsLFVMlroDSM3xsk_Z4d-mQkH-lh9cxkm6vF&_nc_ohc=NYzEIe8KoREQ7kNvwFXmVHr&_nc_gid=hZOCuF8Nr-Vhq3w2OrzLsA&edm=APQMUHMBAAAA&ccb=7-5&oh=00_AfTR4gJSpVHzxPMxvmyVp482GWil2ee3ww_2cI-yMVjQVQ&oe=689284E9&_nc_sid=6ff7c8,Seguir,telminhacarlinhos Telminha Carlinhos 65 posts 65 483 483 5.859 5.859,0,0,0,https://www.threads.com/@telminhacarlinhos?xmt=AQF0vrYXgcSfNvhaX_cnx4RIkZcltyiTOJPmjL8s_PA7Ej0,False,Pública,0,,,False,0,0,0
soaresssfernanda,,False,https://instagram.fpmw2-1.fna.fbcdn.net/v/t51.2885-19/476721375_9121552477956164_8231651422900994260_n.jpg?stp=dst-jpg_s150x150_tt6&efg=eyJ2ZW5jb2RlX3RhZyI6InByb2ZpbGVfcGljLmRqYW5nby4xMDgwLmMyIn0&_nc_ht=instagram.fpmw2-1.fna.fbcdn.net&_nc_cat=108&_nc_oc=Q6cZ2QHP1ede8RZSNJrDWqtpiDaWvAYobh6jjbnorFfPoiX2lqkZ232mhsLFVMlroDSM3xsk_Z4d-mQkH-lh9cxkm6vF&_nc_ohc=RDTsyki2G50Q7kNvwEp7azg&_nc_gid=hZOCuF8Nr-Vhq3w2OrzLsA&edm=APQMUHMBAAAA&ccb=7-5&oh=00_AfRHs0PNBuq4eIpUxpL9WWyX3A_gnpJUEwKiuzfbLxYD0Q&oe=68927D35&_nc_sid=6ff7c8,Seguir,"soaresssfernanda Nanda 279 posts 279 17,4 mil 17,4 mil 5.969 5.969 💍 Dancinha 🏋🏻‍♀️ 💍❤️ 🥰 Danças 💃🏻 treino 7 treino 6 Treino 5 Treino 4 treino 3 treino 1 treino 2 alimentação meus amores🤩💕",,,,https://www.threads.com/@soaresssfernanda?xmt=AQF07fN6bcB6x7LRs-FiutXs5p5ZgZSBa3_5n0_--gmEb_k,False,Pública,0,,,False,0,0,0
debora7135,,False,https://instagram.fpmw2-1.fna.fbcdn.net/v/t51.2885-19/280229861_122420337091981_6127134722736209934_n.jpg?stp=dst-jpg_s150x150_tt6&efg=eyJ2ZW5jb2RlX3RhZyI6InByb2ZpbGVfcGljLmRqYW5nby42NDAuYzIifQ&_nc_ht=instagram.fpmw2-1.fna.fbcdn.net&_nc_cat=101&_nc_oc=Q6cZ2QHP1ede8RZSNJrDWqtpiDaWvAYobh6jjbnorFfPoiX2lqkZ232mhsLFVMlroDSM3xsk_Z4d-mQkH-lh9cxkm6vF&_nc_ohc=HtPNcheTRIYQ7kNvwHlCxY1&_nc_gid=hZOCuF8Nr-Vhq3w2OrzLsA&edm=APQMUHMBAAAA&ccb=7-5&oh=00_AfTUhl1-BHSgUoNvKfBqpkxkGbKVljfBrHnxC056l3EHdw&oe=68925E75&_nc_sid=6ff7c8,Seguir,debora7135 Debora Cabral 5 posts 5 508 508 7.474 7.474 Destaques,0,0,0,https://www.threads.com/@debora7135?xmt=AQF05ZvgzXUFcZBB9A2Ra4R8_T0D49p3lgfmdFEtXUS2t0U,False,Pública,0,,,False,0,0,0
yumina_de_sousa,,False,https://instagram.fpmw2-1.fna.fbcdn.net/v/t51.2885-19/525166670_18308215738246032_6710335945911158671_n.jpg?stp=dst-jpg_s150x150_tt6&efg=eyJ2ZW5jb2RlX3RhZyI6InByb2ZpbGVfcGljLmRqYW5nby4xMDgwLmMyIn0&_nc_ht=instagram.fpmw2-1.fna.fbcdn.net&_nc_cat=100&_nc_oc=Q6cZ2QHCj0JG3iQIScIpzNlZ-fgUunkyeagaEbuoGoeUSuW9LOTasct--_HxxIudFC4DeWse7BCScIGZqWCa9G8NZF5r&_nc_ohc=tmZIr6zjXyEQ7kNvwFipmal&_nc_gid=AyT0_dVynrKIiQ-RSoq4Xw&edm=APQMUHMBAAAA&ccb=7-5&oh=00_AfTBMkVay9e7BozEgm9PT6gRyuLMySRnALPFXIEJuV1h9A&oe=689289E1&_nc_sid=6ff7c8,Seguir,yumina_de_sousa Yumina De Sousa 8 posts 8 1.186 1.186 5.990 5.990 Libra♎ 04/10/..❤ Portista💙 Put everything in Allah hands🤲🏻📿,0,0,0,https://www.threads.com/@yumina_de_sousa?xmt=AQF0v2VOncsVyzVdNjsceQpFTv5-eOmN4hBFWlntMnSkwGw,False,Pública,0,,,False,0,0,0
sooares_rafaa,,False,https://instagram.fpmw2-1.fna.fbcdn.net/v/t51.2885-19/518736587_18519182737028803_5743343426975540005_n.jpg?stp=dst-jpg_s150x150_tt6&efg=eyJ2ZW5jb2RlX3RhZyI6InByb2ZpbGVfcGljLmRqYW5nby4xMDgwLmMyIn0&_nc_ht=instagram.fpmw2-1.fna.fbcdn.net&_nc_cat=107&_nc_oc=Q6cZ2QHCj0JG3iQIScIpzNlZ-fgUunkyeagaEbuoGoeUSuW9LOTasct--_HxxIudFC4DeWse7BCScIGZqWCa9G8NZF5r&_nc_ohc=A8YbstQiONMQ7kNvwFTZR09&_nc_gid=AyT0_dVynrKIiQ-RSoq4Xw&edm=APQMUHMBAAAA&ccb=7-5&oh=00_AfRYrp7qMucTQKfpmTLp9f2BOnYrRoAICnEEZx6oY1xaGQ&oe=68926009&_nc_sid=6ff7c8,Seguir,sooares_rafaa Rafaelly Soares 30 posts 30 1.637 1.637 2.045 2.045 ❤️ •Me• 🌽 💒 🌱Agro🌱,0,0,0,,False,Pública,0,,,False,0,0,0
proanaperez,,False,https://instagram.fpmw2-1.fna.fbcdn.net/v/t51.2885-19/248765460_244344614336094_8937982016443763206_n.jpg?stp=dst-jpg_s150x150_tt6&efg=eyJ2ZW5jb2RlX3RhZyI6InByb2ZpbGVfcGljLmRqYW5nby42NTAuYzIifQ&_nc_ht=instagram.fpmw2-1.fna.fbcdn.net&_nc_cat=106&_nc_oc=Q6cZ2QHCj0JG3iQIScIpzNlZ-fgUunkyeagaEbuoGoeUSuW9LOTasct--_HxxIudFC4DeWse7BCScIGZqWCa9G8NZF5r&_nc_ohc=6Ov8qiX-N2oQ7kNvwET8Aie&_nc_gid=AyT0_dVynrKIiQ-RSoq4Xw&edm=APQMUHMBAAAA&ccb=7-5&oh=00_AfQfTd274tATSCM4M6jDPb95NM_NqFd7b7i09FT4ZnQkvw&oe=68926A9C&_nc_sid=6ff7c8,Seguir,,0,0,0,,False,Erro inesperado,0,,,False,0,0,0
silvaah_5340,,False,https://instagram.fpmw2-1.fna.fbcdn.net/v/t51.2885-19/465064561_1265632267899422_7798750652210547253_n.jpg?stp=dst-jpg_s150x150_tt6&efg=eyJ2ZW5jb2RlX3RhZyI6InByb2ZpbGVfcGljLmRqYW5nby4xMDgwLmMyIn0&_nc_ht=instagram.fpmw2-1.fna.fbcdn.net&_nc_cat=102&_nc_oc=Q6cZ2QHCj0JG3iQIScIpzNlZ-fgUunkyeagaEbuoGoeUSuW9LOTasct--_HxxIudFC4DeWse7BCScIGZqWCa9G8NZF5r&_nc_ohc=OUd4bvo-iuYQ7kNvwEiQ1pK&_nc_gid=AyT0_dVynrKIiQ-RSoq4Xw&edm=APQMUHMBAAAA&ccb=7-5&oh=00_AfR5SG7yMj94JODrnmCAoAOs6P-AYFIzaYUaV8LBIFuvLQ&oe=68927661&_nc_sid=6ff7c8,Seguir,silvaah_5340 Rosa Silva  0 posts 0 236 236 449 449 📍capricórniana....♑ 📍Salmo 91 👩‍❤️‍👨 Ele é o meu Deus o meu refúgio e nele confiarei❤️,0,0,0,,False,Pública,0,,,False,0,0,0
ellen.mnzs,,False,https://instagram.fpmw2-1.fna.fbcdn.net/v/t51.2885-19/314550252_128837986440470_8502473039881853022_n.jpg?stp=dst-jpg_s150x150_tt6&efg=eyJ2ZW5jb2RlX3RhZyI6InByb2ZpbGVfcGljLmRqYW5nby4xMDgwLmMyIn0&_nc_ht=instagram.fpmw2-1.fna.fbcdn.net&_nc_cat=102&_nc_oc=Q6cZ2QHCj0JG3iQIScIpzNlZ-fgUunkyeagaEbuoGoeUSuW9LOTasct--_HxxIudFC4DeWse7BCScIGZqWCa9G8NZF5r&_nc_ohc=P2ZAQj5dtrgQ7kNvwGxbeTD&_nc_gid=AyT0_dVynrKIiQ-RSoq4Xw&edm=APQMUHMBAAAA&ccb=7-5&oh=00_AfSw_IrkU_Zh6N_a7zf6X4705Trl7-bPlZCvDUNZJE95AA&oe=68927DBF&_nc_sid=6ff7c8,Seguir,ellen.mnzs Ellen Menezes Romero 74 posts 74 1.026 1.026 1.094 1.094 Casamento sunset. food. love. music. 🇮🇹 🇩🇪 🇵🇹 doralice.,0,0,0,,False,Pública,0,,,False,0,0,0
jaque.nms,,False,https://instagram.fpmw2-1.fna.fbcdn.net/v/t51.2885-19/503744218_18042972650634867_5791751731805000882_n.jpg?stp=dst-jpg_s150x150_tt6&efg=eyJ2ZW5jb2RlX3RhZyI6InByb2ZpbGVfcGljLmRqYW5nby4xMDgwLmMyIn0&_nc_ht=instagram.fpmw2-1.fna.fbcdn.net&_nc_cat=103&_nc_oc=Q6cZ2QHCj0JG3iQIScIpzNlZ-fgUunkyeagaEbuoGoeUSuW9LOTasct--_HxxIudFC4DeWse7BCScIGZqWCa9G8NZF5r&_nc_ohc=2gTjub60g88Q7kNvwH_5zfS&_nc_gid=AyT0_dVynrKIiQ-RSoq4Xw&edm=APQMUHMBAAAA&ccb=7-5&oh=00_AfRea7sk73lj8I7JmYkpHm5ExKAFfQD0bmDQ5zaHc5jI8A&oe=68928065&_nc_sid=6ff7c8,Seguir,jaque.nms Jaqueline 💖 73 posts 73 281 281 2.609 2.609 Conta nova 😄 Adm e Finanças 📚📊 Leonina♌ Bancária 🏦 Ama... mais Conta nova 😄 Adm e Finanças 📚📊 Leonina♌ Bancária 🏦 Ama ... mais mais,0,0,0,,False,Pública,0,,,False,0,0,0
quel_nogueirarj,,False,https://instagram.fpmw2-1.fna.fbcdn.net/v/t51.2885-19/459476303_520565853908533_3293152377948546452_n.jpg?stp=dst-jpg_s150x150_tt6&efg=eyJ2ZW5jb2RlX3RhZyI6InByb2ZpbGVfcGljLmRqYW5nby45NTYuYzIifQ&_nc_ht=instagram.fpmw2-1.fna.fbcdn.net&_nc_cat=101&_nc_oc=Q6cZ2QHCj0JG3iQIScIpzNlZ-fgUunkyeagaEbuoGoeUSuW9LOTasct--_HxxIudFC4DeWse7BCScIGZqWCa9G8NZF5r&_nc_ohc=zXZ2yquUHgEQ7kNvwGqY4Z7&_nc_gid=AyT0_dVynrKIiQ-RSoq4Xw&edm=APQMUHMBAAAA&ccb=7-5&oh=00_AfR6avzxLkoUhcdFqwL8tTnhSAkH7JFxw-fBkLZUPLIeEA&oe=68926C37&_nc_sid=6ff7c8,Seguir,quel_nogueirarj Raquel Nogueira 106 posts 106 637 637 4.847 4.847 filha de um Deus maravilhoso ❤️,0,0,0,https://www.threads.com/@quel_nogueirarj?xmt=AQF0AsdN3FGv8fqGAA_u_9V8bypt8e7BrcO0jh7AhibaeqM,False,Pública,0,,,False,0,0,0
ilda_mayra_,,False,https://instagram.fpmw2-1.fna.fbcdn.net/v/t51.2885-19/453828589_832660519002934_161056780497008338_n.jpg?stp=dst-jpg_s150x150_tt6&efg=eyJ2ZW5jb2RlX3RhZyI6InByb2ZpbGVfcGljLmRqYW5nby4xMDgwLmMyIn0&_nc_ht=instagram.fpmw2-1.fna.fbcdn.net&_nc_cat=110&_nc_oc=Q6cZ2QHCj0JG3iQIScIpzNlZ-fgUunkyeagaEbuoGoeUSuW9LOTasct--_HxxIudFC4DeWse7BCScIGZqWCa9G8NZF5r&_nc_ohc=OnvmapSexV8Q7kNvwEK7Z_a&_nc_gid=AyT0_dVynrKIiQ-RSoq4Xw&edm=APQMUHMBAAAA&ccb=7-5&oh=00_AfRcCitucNqemHcWK-meVFxKhWa5Pv9vOwGxDHWY8oQBCw&oe=689276CC&_nc_sid=6ff7c8,Seguir,ilda_mayra_ Ilda Mayra Rosinke S. Oliveira 283 posts 283 460 460 3.839 3.839 ... mais mais,0,0,0,https://www.facebook.com/profile.php?id=100008958732964&ref=_ig_profile_ac,False,Pública,0,,,False,0,0,0
eumaispodologia,,False,https://instagram.fpmw2-1.fna.fbcdn.net/v/t51.2885-19/464368457_925706408901637_2144248289925637676_n.jpg?stp=dst-jpg_s150x150_tt6&efg=eyJ2ZW5jb2RlX3RhZyI6InByb2ZpbGVfcGljLmRqYW5nby4xMDgwLmMyIn0&_nc_ht=instagram.fpmw2-1.fna.fbcdn.net&_nc_cat=101&_nc_oc=Q6cZ2QHCj0JG3iQIScIpzNlZ-fgUunkyeagaEbuoGoeUSuW9LOTasct--_HxxIudFC4DeWse7BCScIGZqWCa9G8NZF5r&_nc_ohc=zj4XSB669e0Q7kNvwE4eQyx&_nc_gid=AyT0_dVynrKIiQ-RSoq4Xw&edm=APQMUHMBAAAA&ccb=7-5&oh=00_AfQgyLnc-ZrOEHDrxiHVPV7XjAkM80f6O8uuim6YcQYuLw&oe=689285FC&_nc_sid=6ff7c8,Seguir,,0,0,0,,False,Erro inesperado,0,,,False,0,0,0
licianesousa15,,False,https://instagram.fpmw2-1.fna.fbcdn.net/v/t51.2885-19/449424324_1386627662729321_7307796401098970073_n.jpg?stp=dst-jpg_s150x150_tt6&efg=eyJ2ZW5jb2RlX3RhZyI6InByb2ZpbGVfcGljLmRqYW5nby4zOTMuYzIifQ&_nc_ht=instagram.fpmw2-1.fna.fbcdn.net&_nc_cat=105&_nc_oc=Q6cZ2QHCj0JG3iQIScIpzNlZ-fgUunkyeagaEbuoGoeUSuW9LOTasct--_HxxIudFC4DeWse7BCScIGZqWCa9G8NZF5r&_nc_ohc=XDdAcDBXm_wQ7kNvwFR4o8Q&_nc_gid=AyT0_dVynrKIiQ-RSoq4Xw&edm=APQMUHMBAAAA&ccb=7-5&oh=00_AfRoh-u9dU21Aj-vYltQ6G7Dmo3_iDXSY7eQBZxAYyiOFA&oe=68928853&_nc_sid=6ff7c8,Seguir,licianesousa15 Liciane Sousa 75 posts 75 470 470 6.277 6.277 melhores Destaques 💜 ❤,0,0,0,https://www.threads.com/@licianesousa15?xmt=AQF0Y_4UMvPjiN-jD_GNo724Jj9c2uRKGgsYODf2Y2IHLpE,False,Pública,0,,,False,0,0,0
macelenemariada,,False,https://instagram.fpmw2-1.fna.fbcdn.net/v/t51.2885-19/473035218_932232822371642_5326219937709977273_n.jpg?stp=dst-jpg_s150x150_tt6&efg=eyJ2ZW5jb2RlX3RhZyI6InByb2ZpbGVfcGljLmRqYW5nby4xMDgwLmMyIn0&_nc_ht=instagram.fpmw2-1.fna.fbcdn.net&_nc_cat=102&_nc_oc=Q6cZ2QHCj0JG3iQIScIpzNlZ-fgUunkyeagaEbuoGoeUSuW9LOTasct--_HxxIudFC4DeWse7BCScIGZqWCa9G8NZF5r&_nc_ohc=HHzxA08VWcwQ7kNvwGjR3l-&_nc_gid=AyT0_dVynrKIiQ-RSoq4Xw&edm=APQMUHMBAAAA&ccb=7-5&oh=00_AfS1GJvzHjN8RHPr9vcudEbzfal6HFEZElEmS5fgrdnrMg&oe=689295D5&_nc_sid=6ff7c8,Seguir,macelenemariada Macelene Conceição 0 posts 0 258 258 7.502 7.502,0,0,0,,False,Pública,0,,,False,0,0,0
euthayscorreaa,,False,https://instagram.fpmw2-1.fna.fbcdn.net/v/t51.2885-19/515134772_18510057409010030_6565082691657897833_n.jpg?stp=dst-jpg_s150x150_tt6&efg=eyJ2ZW5jb2RlX3RhZyI6InByb2ZpbGVfcGljLmRqYW5nby44MjguYzIifQ&_nc_ht=instagram.fpmw2-1.fna.fbcdn.net&_nc_cat=102&_nc_oc=Q6cZ2QHrO7vWZ2D8TB-E6s96CBdwY1wJjapvu3Gfctj_QdbP-uqMNy59uIB9m5_Ebg0qrb_G5BziXWb69iLiF_JeB_PH&_nc_ohc=I8xXD7awdlgQ7kNvwF_cvos&_nc_gid=IKDF6_hbgX6x_0QZWrju2A&edm=APQMUHMBAAAA&ccb=7-5&oh=00_AfTW0Ca09quom3Th2j1087J-JaUXQUTwtp2_5ilC54lQFA&oe=68928839&_nc_sid=6ff7c8,Seguir,,0,0,0,,False,Erro de carregamento,0,,,False,0,0,0
kkarinesantoss,,False,https://instagram.fpmw2-1.fna.fbcdn.net/v/t51.2885-19/498631180_18508832812002098_9076070433002437692_n.jpg?stp=dst-jpg_s150x150_tt6&efg=eyJ2ZW5jb2RlX3RhZyI6InByb2ZpbGVfcGljLmRqYW5nby4xMDQwLmMyIn0&_nc_ht=instagram.fpmw2-1.fna.fbcdn.net&_nc_cat=102&_nc_oc=Q6cZ2QFS1J31tNThyVF5B3eaXjzvw5mDyClKQyjgGvfrJykiXIUcTx_SGiQrQKokeyR_e4qvEil2paI_CuDLUUGblAsF&_nc_ohc=yTQQHD7jlnAQ7kNvwGoZMKQ&_nc_gid=nZqH72BDYYWvM79ZOivTSQ&edm=APQMUHMBAAAA&ccb=7-5&oh=00_AfQ0PHFSFsv_aVZkuAi70mZNee4ag7dgzyhKFDoTPptLXg&oe=68928730&_nc_sid=6ff7c8,Seguir,kkarinesantoss Karine Leite 64 posts 64 669 669 1.649 1.649,0,0,0,https://www.threads.com/@kkarinesantoss?xmt=AQF03XJXpzKvXjhTetWV99Pc_ips9qPDG8yVWB3bD2zyF9A,False,Pública,0,,,False,0,0,0
brendasilverio33,,False,https://instagram.fpmw2-1.fna.fbcdn.net/v/t51.2885-19/505753145_18325290598203207_1281503331681657697_n.jpg?stp=dst-jpg_s150x150_tt6&efg=eyJ2ZW5jb2RlX3RhZyI6InByb2ZpbGVfcGljLmRqYW5nby4xMDgwLmMyIn0&_nc_ht=instagram.fpmw2-1.fna.fbcdn.net&_nc_cat=103&_nc_oc=Q6cZ2QFS1J31tNThyVF5B3eaXjzvw5mDyClKQyjgGvfrJykiXIUcTx_SGiQrQKokeyR_e4qvEil2paI_CuDLUUGblAsF&_nc_ohc=ggQuUpNxiOIQ7kNvwHSQGiN&_nc_gid=nZqH72BDYYWvM79ZOivTSQ&edm=APQMUHMBAAAA&ccb=7-5&oh=00_AfRPegF5XqERPxZ2wAhdNEEr_bHI8ehXNJXRY2Alod4LWQ&oe=68928461&_nc_sid=6ff7c8,Seguir,"brendasilverio33 Brenda Silvério 🌼 0 posts 0 548 548 2.672 2.672 ☀️Minas Gerais 🙏Antes de tudo fé ,Depois de tudo gratidão🙏",0,0,0,,False,Pública,0,,,False,0,0,0
annyuchihagraziele,,False,https://instagram.fpmw2-1.fna.fbcdn.net/v/t51.2885-19/523387243_17961686852953455_9054473835610807649_n.jpg?stp=dst-jpg_s150x150_tt6&efg=eyJ2ZW5jb2RlX3RhZyI6InByb2ZpbGVfcGljLmRqYW5nby4xMDgwLmMyIn0&_nc_ht=instagram.fpmw2-1.fna.fbcdn.net&_nc_cat=103&_nc_oc=Q6cZ2QFS1J31tNThyVF5B3eaXjzvw5mDyClKQyjgGvfrJykiXIUcTx_SGiQrQKokeyR_e4qvEil2paI_CuDLUUGblAsF&_nc_ohc=j7W7vCPPgC8Q7kNvwF6kFeD&_nc_gid=nZqH72BDYYWvM79ZOivTSQ&edm=APQMUHMBAAAA&ccb=7-5&oh=00_AfS42DRsYbbyH_njvj1ZkZCbgyf6HpcYj84xNj6oh7Znbg&oe=6892749D&_nc_sid=6ff7c8,Seguir,"annyuchihagraziele Anny🐈❤️ 5 posts 5 263 263 5.957 5.957 Anny 15 anos Bi Gosto de coisas antigas, músicas,filmes.... mais Anny 15 anos Bi Gosto de coisas antigas, músicas,filmes. ... mais mais",0,0,0,https://www.threads.com/@annyuchihagraziele?xmt=AQF01gULZfgFUuN3tjICiroJ6LnyVND2xMDJNYN-7CSXZfc,False,Pública,0,,,False,0,0,0
perpetaferreiraa,,False,https://instagram.fpmw2-1.fna.fbcdn.net/v/t51.2885-19/525893173_18354938710153969_918346446520304315_n.jpg?stp=dst-jpg_s150x150_tt6&efg=eyJ2ZW5jb2RlX3RhZyI6InByb2ZpbGVfcGljLmRqYW5nby4xMDgwLmMyIn0&_nc_ht=instagram.fpmw2-1.fna.fbcdn.net&_nc_cat=101&_nc_oc=Q6cZ2QHrO7vWZ2D8TB-E6s96CBdwY1wJjapvu3Gfctj_QdbP-uqMNy59uIB9m5_Ebg0qrb_G5BziXWb69iLiF_JeB_PH&_nc_ohc=YLOCxMMkleoQ7kNvwE27Cv4&_nc_gid=IKDF6_hbgX6x_0QZWrju2A&edm=APQMUHMBAAAA&ccb=7-5&oh=00_AfTq80pWoYGkJUnjlxAfhY-7fzmLeosQnYr-RPXsIpiLtA&oe=68926181&_nc_sid=6ff7c8,Seguir,14 posts 14 217 217 79 79 perpetaferreiraa,0,0,0,https://www.threads.com/@perpetaferreiraa?xmt=AQF0XDe3sZVbNNAtHhGeb-poLXbH8WCHS0mCKBxAdSATHu8,False,Pública,0,,,False,0,0,0
ananery.ssb,,False,https://instagram.fpmw2-1.fna.fbcdn.net/v/t51.2885-19/469729160_1718864972227333_8159338564271596639_n.jpg?stp=dst-jpg_s150x150_tt6&efg=eyJ2ZW5jb2RlX3RhZyI6InByb2ZpbGVfcGljLmRqYW5nby4xMDM4LmMyIn0&_nc_ht=instagram.fpmw2-1.fna.fbcdn.net&_nc_cat=101&_nc_oc=Q6cZ2QFS1J31tNThyVF5B3eaXjzvw5mDyClKQyjgGvfrJykiXIUcTx_SGiQrQKokeyR_e4qvEil2paI_CuDLUUGblAsF&_nc_ohc=Ug-yFBMRZYsQ7kNvwFci2R4&_nc_gid=nZqH72BDYYWvM79ZOivTSQ&edm=APQMUHMBAAAA&ccb=7-5&oh=00_AfT8HoOYMSgo7imr_lOeSJkanjltagHSgLBxMsm6d7lY9g&oe=68928908&_nc_sid=6ff7c8,Seguir,ananery.ssb Ana Nery 16 posts 16 1.127 1.127 2.115 2.115 📍Aracaju/SE 🌵 👩🏻‍🎓 Bacharela em Administração 👩🏻‍💻Supervisora Administrativa Hospitalar,0,0,0,,False,Pública,0,,,False,0,0,0
jayllavitoria,,False,https://instagram.fpmw2-1.fna.fbcdn.net/v/t51.2885-19/249395250_591443955338564_367879988546623344_n.jpg?stp=dst-jpg_s150x150_tt6&efg=eyJ2ZW5jb2RlX3RhZyI6InByb2ZpbGVfcGljLmRqYW5nby42NDAuYzIifQ&_nc_ht=instagram.fpmw2-1.fna.fbcdn.net&_nc_cat=108&_nc_oc=Q6cZ2QFS1J31tNThyVF5B3eaXjzvw5mDyClKQyjgGvfrJykiXIUcTx_SGiQrQKokeyR_e4qvEil2paI_CuDLUUGblAsF&_nc_ohc=Oqq8KjpZM5gQ7kNvwGhAOHE&_nc_gid=nZqH72BDYYWvM79ZOivTSQ&edm=APQMUHMBAAAA&ccb=7-5&oh=00_AfR6aw44QZyeDbhcitZnjchtHjR8hSorYI06uUQmGEYNJQ&oe=68927A4C&_nc_sid=6ff7c8,Seguir,jayllavitoria Sarah Marques 73 posts 73 424 424 3.865 3.865 MINHA SAUDADE MARY KAY Destaques,0,0,0,https://www.threads.com/@jayllavitoria?xmt=AQF0N74xda07T4cm8gUdG4-kvvbU6yyrRRWM1SoBe0mrAdo,False,Pública,0,,,False,0,0,0
nrs_fotografia,,False,https://instagram.fpmw2-1.fna.fbcdn.net/v/t51.2885-19/291816540_564529425136261_8761457369316836405_n.jpg?stp=dst-jpg_s150x150_tt6&efg=eyJ2ZW5jb2RlX3RhZyI6InByb2ZpbGVfcGljLmRqYW5nby4xMDgwLmMyIn0&_nc_ht=instagram.fpmw2-1.fna.fbcdn.net&_nc_cat=101&_nc_oc=Q6cZ2QFS1J31tNThyVF5B3eaXjzvw5mDyClKQyjgGvfrJykiXIUcTx_SGiQrQKokeyR_e4qvEil2paI_CuDLUUGblAsF&_nc_ohc=5i9twhBC7SIQ7kNvwHCEB_0&_nc_gid=nZqH72BDYYWvM79ZOivTSQ&edm=APQMUHMBAAAA&ccb=7-5&oh=00_AfSaRdM4RgjcKeOQwmB-RSpu1vDR_99YxtdZgkfB7DJ6uQ&oe=68928976&_nc_sid=6ff7c8,Seguir,nrs_fotografia Nathalia Ribeiro Fotografia 376 posts 376 673 673 1.317 1.317 Fotógrafo(a) Fotografias é investimento são lembranças e memórias de algum momento especial e único. Recordar é viver. Fotografia é... mais Fotografias é investimento são lembranças e memórias de algum momento especial e único. Recordar é viver. Fotografia é ... mais mais api.whatsapp.com/send?phone=5527997478676,0,0,0,,False,Pública,0,,,False,0,0,0
daniely_vieira06,,False,https://instagram.fpmw2-1.fna.fbcdn.net/v/t51.2885-19/527301622_17895058404259291_9002770279462549799_n.jpg?stp=dst-jpg_s150x150_tt6&efg=eyJ2ZW5jb2RlX3RhZyI6InByb2ZpbGVfcGljLmRqYW5nby4xMDgwLmMyIn0&_nc_ht=instagram.fpmw2-1.fna.fbcdn.net&_nc_cat=107&_nc_oc=Q6cZ2QHrO7vWZ2D8TB-E6s96CBdwY1wJjapvu3Gfctj_QdbP-uqMNy59uIB9m5_Ebg0qrb_G5BziXWb69iLiF_JeB_PH&_nc_ohc=I-wWXiDBP8QQ7kNvwFOjv43&_nc_gid=IKDF6_hbgX6x_0QZWrju2A&edm=APQMUHMBAAAA&ccb=7-5&oh=00_AfTZhBfe_OZbrRuIPzAmIWEnubj0KRlWYhDXndUuWSagBA&oe=68929194&_nc_sid=6ff7c8,Seguir,,0,0,0,,False,Erro de carregamento,0,,,False,0,0,0
isabellimoura15,,False,https://instagram.fpmw2-1.fna.fbcdn.net/v/t51.2885-19/462310865_467896399017693_1917560769069776312_n.jpg?stp=dst-jpg_s150x150_tt6&efg=eyJ2ZW5jb2RlX3RhZyI6InByb2ZpbGVfcGljLmRqYW5nby4xMDgwLmMyIn0&_nc_ht=instagram.fpmw2-1.fna.fbcdn.net&_nc_cat=109&_nc_oc=Q6cZ2QHrO7vWZ2D8TB-E6s96CBdwY1wJjapvu3Gfctj_QdbP-uqMNy59uIB9m5_Ebg0qrb_G5BziXWb69iLiF_JeB_PH&_nc_ohc=igAwRf8vHMQQ7kNvwFm4aXk&_nc_gid=IKDF6_hbgX6x_0QZWrju2A&edm=APQMUHMBAAAA&ccb=7-5&oh=00_AfRe4TxJ7RR65ldEC_GBKV1Su5THI0QrfIlQ-UcHhWt2TQ&oe=68927301&_nc_sid=6ff7c8,Seguir,isabellimoura15 isabelli 0 posts 0 467 467 443 443 Salmo 17:8🙌 🌹🤍🥰,0,0,0,,False,Pública,0,,,False,0,0,0
elaineaparecidacardosodasilva,,False,https://instagram.fpmw2-1.fna.fbcdn.net/v/t51.2885-19/491585671_18138642784400183_7398985685580314106_n.jpg?stp=dst-jpg_s150x150_tt6&efg=eyJ2ZW5jb2RlX3RhZyI6InByb2ZpbGVfcGljLmRqYW5nby4xMDgwLmMyIn0&_nc_ht=instagram.fpmw2-1.fna.fbcdn.net&_nc_cat=111&_nc_oc=Q6cZ2QHrO7vWZ2D8TB-E6s96CBdwY1wJjapvu3Gfctj_QdbP-uqMNy59uIB9m5_Ebg0qrb_G5BziXWb69iLiF_JeB_PH&_nc_ohc=Dnf4THXLTqwQ7kNvwF53-kL&_nc_gid=IKDF6_hbgX6x_0QZWrju2A&edm=APQMUHMBAAAA&ccb=7-5&oh=00_AfRqUlmf-PP1XMV-FXb5OQQnmRw-pbdMcwSFgbHHUQObCA&oe=689267CD&_nc_sid=6ff7c8,Seguir,elaineaparecidacardosodasilva 25 posts 25 691 691 6.193 6.193 Destaques,0,0,0,,False,Pública,0,,,False,0,0,0
kassiamarinelli,,False,https://instagram.fpmw2-1.fna.fbcdn.net/v/t51.2885-19/485691002_1056256192982377_7723315488518863708_n.jpg?stp=dst-jpg_s150x150_tt6&efg=eyJ2ZW5jb2RlX3RhZyI6InByb2ZpbGVfcGljLmRqYW5nby4xMDgwLmMyIn0&_nc_ht=instagram.fpmw2-1.fna.fbcdn.net&_nc_cat=101&_nc_oc=Q6cZ2QHrO7vWZ2D8TB-E6s96CBdwY1wJjapvu3Gfctj_QdbP-uqMNy59uIB9m5_Ebg0qrb_G5BziXWb69iLiF_JeB_PH&_nc_ohc=x0NxqVJP-y8Q7kNvwGRs847&_nc_gid=IKDF6_hbgX6x_0QZWrju2A&edm=APQMUHMBAAAA&ccb=7-5&oh=00_AfTwG5f76OzyTbjdR-c99EOjQKY5DDU7ttxbBvOJ-rA3tw&oe=689267EE&_nc_sid=6ff7c8,Seguir,kassiamarinelli Kassia Marinelli 118 posts 118 2.582 2.582 2.135 2.135,0,0,0,,False,Pública,0,,,False,0,0,0
thata__barbosa,,False,https://instagram.fpmw2-1.fna.fbcdn.net/v/t51.2885-19/391321335_843475300617452_5876599456215449265_n.jpg?stp=dst-jpg_s150x150_tt6&efg=eyJ2ZW5jb2RlX3RhZyI6InByb2ZpbGVfcGljLmRqYW5nby41MTYuYzIifQ&_nc_ht=instagram.fpmw2-1.fna.fbcdn.net&_nc_cat=108&_nc_oc=Q6cZ2QHrO7vWZ2D8TB-E6s96CBdwY1wJjapvu3Gfctj_QdbP-uqMNy59uIB9m5_Ebg0qrb_G5BziXWb69iLiF_JeB_PH&_nc_ohc=d9koVB_iiCMQ7kNvwGkT23s&_nc_gid=IKDF6_hbgX6x_0QZWrju2A&edm=APQMUHMBAAAA&ccb=7-5&oh=00_AfTtpElhumRFQXEA3Wi6RMdlDbb9g-u911eUNDd7hTVywA&oe=68927E90&_nc_sid=6ff7c8,Seguir,thata__barbosa Tatiana Barbosa 10 posts 10 1.124 1.124 5.679 5.679,0,0,0,,False,Pública,0,,,False,0,0,0
eevilyn_k,,False,https://instagram.fpmw2-1.fna.fbcdn.net/v/t51.2885-19/517999225_18279327574281817_525690034983817790_n.jpg?stp=dst-jpg_s150x150_tt6&efg=eyJ2ZW5jb2RlX3RhZyI6InByb2ZpbGVfcGljLmRqYW5nby4xMDgwLmMyIn0&_nc_ht=instagram.fpmw2-1.fna.fbcdn.net&_nc_cat=101&_nc_oc=Q6cZ2QGbY6wvOZJ89RiqgJ4_AyksPByxuG6jVLoSJQDwIiaJvYtEXa41N5fp_bovUtHWuFI2qpsIWFOY1n1B_DJCbjgW&_nc_ohc=l2xdvkoHaeMQ7kNvwFy0-jz&_nc_gid=S1lB4Hlzf7cCNcUKyQ5p4w&edm=APQMUHMBAAAA&ccb=7-5&oh=00_AfTAur5mxI1er0ez5Z6No8QCyfvGBhkOPStC5-jwrvAreg&oe=68929202&_nc_sid=6ff7c8,Seguir,"eevilyn_k 3 posts 3 891 891 869 869 .Jesus,minha maior referência de amor🫀✝️🕊 .💍 .Eclesiastes 3🩶 E💜 💍 familia🫀 ❤️‍🔥",,,0,,False,Pública,0,,,False,0,0,0
ana.weisbach,,False,https://instagram.fpmw2-1.fna.fbcdn.net/v/t51.2885-19/277624415_924103398251350_925865773734139561_n.jpg?stp=dst-jpg_s150x150_tt6&efg=eyJ2ZW5jb2RlX3RhZyI6InByb2ZpbGVfcGljLmRqYW5nby43MjAuYzIifQ&_nc_ht=instagram.fpmw2-1.fna.fbcdn.net&_nc_cat=110&_nc_oc=Q6cZ2QGbY6wvOZJ89RiqgJ4_AyksPByxuG6jVLoSJQDwIiaJvYtEXa41N5fp_bovUtHWuFI2qpsIWFOY1n1B_DJCbjgW&_nc_ohc=2vuECHofLBsQ7kNvwFlOl_x&_nc_gid=S1lB4Hlzf7cCNcUKyQ5p4w&edm=APQMUHMBAAAA&ccb=7-5&oh=00_AfR0Y9AqcSNDVqExJpFwDDILMgiYFsRHRc5mrcqic63xrg&oe=6892643A&_nc_sid=6ff7c8,Seguir,ana.weisbach Ana Weisbach 0 posts 0 478 478 7.500 7.500,0,0,0,https://www.threads.com/@ana.weisbach?xmt=AQF0Ruz5GrvLWNZLqEMfSUbm4RWJqLL2GWjr7gwEfD5m1TQ,False,Pública,0,,,False,0,0,0
deise_marina_,,False,https://instagram.fpmw2-1.fna.fbcdn.net/v/t51.2885-19/283577350_2909811985983778_5915750459008577126_n.jpg?stp=dst-jpg_s150x150_tt6&efg=eyJ2ZW5jb2RlX3RhZyI6InByb2ZpbGVfcGljLmRqYW5nby43MjAuYzIifQ&_nc_ht=instagram.fpmw2-1.fna.fbcdn.net&_nc_cat=110&_nc_oc=Q6cZ2QGbY6wvOZJ89RiqgJ4_AyksPByxuG6jVLoSJQDwIiaJvYtEXa41N5fp_bovUtHWuFI2qpsIWFOY1n1B_DJCbjgW&_nc_ohc=upvsaUpBLYEQ7kNvwFmA7d-&_nc_gid=S1lB4Hlzf7cCNcUKyQ5p4w&edm=APQMUHMBAAAA&ccb=7-5&oh=00_AfS0kDicikINT7dFpkXuRUjDyJ73QkdIKQp3Bg_WYkYA2Q&oe=68927F56&_nc_sid=6ff7c8,Seguir,deise_marina_ Deise Marina Assunção 11 posts 11 494 494 3.158 3.158,0,0,0,https://www.threads.com/@deise_marina_?xmt=AQF0k8y0NjtLNfR5U5_U81qVkn00C73zhV7iKtF4Omrlsww,False,Pública,0,,,False,0,0,0
joao_paullo_prattes,,False,https://instagram.fpmw2-1.fna.fbcdn.net/v/t51.2885-19/347067529_231543616163888_6961805089258921317_n.jpg?stp=dst-jpg_s150x150_tt6&efg=eyJ2ZW5jb2RlX3RhZyI6InByb2ZpbGVfcGljLmRqYW5nby45NTUuYzIifQ&_nc_ht=instagram.fpmw2-1.fna.fbcdn.net&_nc_cat=108&_nc_oc=Q6cZ2QGbY6wvOZJ89RiqgJ4_AyksPByxuG6jVLoSJQDwIiaJvYtEXa41N5fp_bovUtHWuFI2qpsIWFOY1n1B_DJCbjgW&_nc_ohc=3PyUwuv7f6QQ7kNvwHMgyey&_nc_gid=S1lB4Hlzf7cCNcUKyQ5p4w&edm=APQMUHMBAAAA&ccb=7-5&oh=00_AfSE5aCSy7iHaxezQ8DygSGGTcbKuH496-1WGZoa5D2brg&oe=689260C1&_nc_sid=6ff7c8,Seguir,joao_paullo_prattes Joao Paullo Prattes 27 posts 27 254 254 2.188 2.188 Técnico de Enf. do trabalho ⛑️🩺 Instrumentador Cirúrgico 🪡 ✂️ Cuidador em Saúde Mental 🎭😵 APH Tático em Área de Risco... mais Técnico de Enf. do trabalho ⛑️🩺 Instrumentador Cirúrgico 🪡 ✂️ Cuidador em Saúde Mental 🎭😵 APH Tático em Área de Risco ... mais mais,0,0,0,https://www.threads.com/@joao_paullo_prattes?xmt=AQF0b2u21q-sUXzxGuGeSoWuMattQ9VQxscWGnf4H9t-kg4,False,Pública,0,,,False,0,0,0
kellyaguiaro,,False,https://instagram.fpmw2-1.fna.fbcdn.net/v/t51.2885-19/504017794_18050297183386315_3609299569413579009_n.jpg?stp=dst-jpg_s150x150_tt6&efg=eyJ2ZW5jb2RlX3RhZyI6InByb2ZpbGVfcGljLmRqYW5nby4xMDgwLmMyIn0&_nc_ht=instagram.fpmw2-1.fna.fbcdn.net&_nc_cat=107&_nc_oc=Q6cZ2QGbY6wvOZJ89RiqgJ4_AyksPByxuG6jVLoSJQDwIiaJvYtEXa41N5fp_bovUtHWuFI2qpsIWFOY1n1B_DJCbjgW&_nc_ohc=c0a4j0UYa9UQ7kNvwERrmhm&_nc_gid=S1lB4Hlzf7cCNcUKyQ5p4w&edm=APQMUHMBAAAA&ccb=7-5&oh=00_AfS8tDSbkIyXcShGh-SxWoFoNuwiiUJgwILdMwJw2QSvVg&oe=6892852A&_nc_sid=6ff7c8,Seguir,kellyaguiaro Kelly Aguiar 27 posts 27 143 143 678 678,0,0,0,,False,Pública,0,,,False,0,0,0
kahhw.bn,,False,https://instagram.fpmw2-1.fna.fbcdn.net/v/t51.2885-19/504491889_17870945193373012_983308507446461748_n.jpg?stp=dst-jpg_s150x150_tt6&efg=eyJ2ZW5jb2RlX3RhZyI6InByb2ZpbGVfcGljLmRqYW5nby4xMDc4LmMyIn0&_nc_ht=instagram.fpmw2-1.fna.fbcdn.net&_nc_cat=104&_nc_oc=Q6cZ2QGbY6wvOZJ89RiqgJ4_AyksPByxuG6jVLoSJQDwIiaJvYtEXa41N5fp_bovUtHWuFI2qpsIWFOY1n1B_DJCbjgW&_nc_ohc=KhHJlBz3ndMQ7kNvwFh-p3t&_nc_gid=S1lB4Hlzf7cCNcUKyQ5p4w&edm=APQMUHMBAAAA&ccb=7-5&oh=00_AfRFj9Oh6GI7NKRBQ4--HrLyIMcVlbY9VIWv4DDx6wu96A&oe=689276A7&_nc_sid=6ff7c8,Seguir,kahhw.bn 𝐊 . 2 posts 2 245 245 2.138 2.138,0,0,0,,False,Pública,0,,,False,0,0,0
dailly_da.lira,,False,https://instagram.fpmw2-1.fna.fbcdn.net/v/t51.2885-19/521577527_17914999056155602_8420175081382114183_n.jpg?stp=dst-jpg_s150x150_tt6&efg=eyJ2ZW5jb2RlX3RhZyI6InByb2ZpbGVfcGljLmRqYW5nby4xMDgwLmMyIn0&_nc_ht=instagram.fpmw2-1.fna.fbcdn.net&_nc_cat=110&_nc_oc=Q6cZ2QGbY6wvOZJ89RiqgJ4_AyksPByxuG6jVLoSJQDwIiaJvYtEXa41N5fp_bovUtHWuFI2qpsIWFOY1n1B_DJCbjgW&_nc_ohc=YFPP0FmtnwYQ7kNvwG0S0C4&_nc_gid=S1lB4Hlzf7cCNcUKyQ5p4w&edm=APQMUHMBAAAA&ccb=7-5&oh=00_AfQv_qiYXU-laZQ4LpKI1dnJarqiSbN3-rdgjmZi7NmMvw&oe=6892962A&_nc_sid=6ff7c8,Seguir,dailly_da.lira manu🙃 6 posts 6 134 134 2.564 2.564,0,0,0,,False,Pública,0,,,False,0,0,0
pedro._.rique,,False,https://instagram.fpmw2-1.fna.fbcdn.net/v/t51.2885-19/496825240_18474839593068344_282713537767583322_n.jpg?stp=dst-jpg_s150x150_tt6&efg=eyJ2ZW5jb2RlX3RhZyI6InByb2ZpbGVfcGljLmRqYW5nby4xMDgwLmMyIn0&_nc_ht=instagram.fpmw2-1.fna.fbcdn.net&_nc_cat=108&_nc_oc=Q6cZ2QGbY6wvOZJ89RiqgJ4_AyksPByxuG6jVLoSJQDwIiaJvYtEXa41N5fp_bovUtHWuFI2qpsIWFOY1n1B_DJCbjgW&_nc_ohc=7A1qAiAmE0AQ7kNvwG8z2qP&_nc_gid=S1lB4Hlzf7cCNcUKyQ5p4w&edm=APQMUHMBAAAA&ccb=7-5&oh=00_AfQJokwGM4Y7W0Tvh3LZpPAdmT8PkI1fZagjvQJZSqjPZw&oe=689273B3&_nc_sid=6ff7c8,Seguir,"pedro._.rique Pedro Henrique diamantino 54 posts 54 467 467 1.345 1.345 25 invernos 17/02/2021❤ Diretor do clube Estrela do Oriente 💛 Meu sangue não corre nas veias, ele marcha em ritmo... mais 25 invernos 17/02/2021❤ Diretor do clube Estrela do Oriente 💛 Meu sangue não corre nas veias, ele marcha em ritmo ... mais mais",0,0,0,https://www.threads.com/@pedro._.rique?xmt=AQF0KVYA2ztBgQ_OLjv-l5ADsYv0pVYgcM0X95x8FJQd-l0,False,Pública,0,,,False,0,0,0
catarinateixeira686,,False,https://instagram.fpmw2-1.fna.fbcdn.net/v/t51.2885-19/403862451_664288922483602_6443171597022814810_n.jpg?stp=dst-jpg_s150x150_tt6&efg=eyJ2ZW5jb2RlX3RhZyI6InByb2ZpbGVfcGljLmRqYW5nby40ODAuYzIifQ&_nc_ht=instagram.fpmw2-1.fna.fbcdn.net&_nc_cat=110&_nc_oc=Q6cZ2QGbY6wvOZJ89RiqgJ4_AyksPByxuG6jVLoSJQDwIiaJvYtEXa41N5fp_bovUtHWuFI2qpsIWFOY1n1B_DJCbjgW&_nc_ohc=msXkUU6JGUAQ7kNvwE-cTYs&_nc_gid=S1lB4Hlzf7cCNcUKyQ5p4w&edm=APQMUHMBAAAA&ccb=7-5&oh=00_AfRb2NkQ9BS7JgVVmk-kudj48rmyH21VRdyqEY7uV0-BpQ&oe=689281F2&_nc_sid=6ff7c8,Seguir,catarinateixeira686 Catarina Maia Teixeira 7 posts 7 558 558 5.393 5.393 jp amo te,0,0,0,https://www.threads.com/@catarinateixeira686?xmt=AQF0Tb9oR9GE0n7IT7mv21RHPeAOoqQQtEUQugIlDBm5Mqc,False,Pública,0,,,False,0,0,0
gleiserosacidrinig,,False,https://instagram.fpmw2-1.fna.fbcdn.net/v/t51.2885-19/369870194_970000304264349_7161123777173657979_n.jpg?stp=dst-jpg_s150x150_tt6&efg=eyJ2ZW5jb2RlX3RhZyI6InByb2ZpbGVfcGljLmRqYW5nby42NDAuYzIifQ&_nc_ht=instagram.fpmw2-1.fna.fbcdn.net&_nc_cat=109&_nc_oc=Q6cZ2QGbY6wvOZJ89RiqgJ4_AyksPByxuG6jVLoSJQDwIiaJvYtEXa41N5fp_bovUtHWuFI2qpsIWFOY1n1B_DJCbjgW&_nc_ohc=yHyQhRqnd_8Q7kNvwG6xGdI&_nc_gid=S1lB4Hlzf7cCNcUKyQ5p4w&edm=APQMUHMBAAAA&ccb=7-5&oh=00_AfT4jqsaTqy6MKtkZaUMqh38eKZF0gamDd1vofEhM0TFWQ&oe=689265A6&_nc_sid=6ff7c8,Seguir,gleiserosacidrinig Rosa Gonçalves 45 posts 45 265 265 4.111 4.111,0,0,0,https://www.threads.com/@gleiserosacidrinig?xmt=AQF0gSQI1_P8gyMdgkBktx7GV-Air85K9Nm0FzEV1t83-qw,False,Pública,0,,,False,0,0,0
manu_s.neves,,False,https://instagram.fpmw2-1.fna.fbcdn.net/v/t51.2885-19/471521230_1132670905311388_750413552781790401_n.jpg?stp=dst-jpg_s150x150_tt6&efg=eyJ2ZW5jb2RlX3RhZyI6InByb2ZpbGVfcGljLmRqYW5nby4xMDgwLmMyIn0&_nc_ht=instagram.fpmw2-1.fna.fbcdn.net&_nc_cat=104&_nc_oc=Q6cZ2QGbY6wvOZJ89RiqgJ4_AyksPByxuG6jVLoSJQDwIiaJvYtEXa41N5fp_bovUtHWuFI2qpsIWFOY1n1B_DJCbjgW&_nc_ohc=KAWtawD2zl8Q7kNvwHQu5ZU&_nc_gid=S1lB4Hlzf7cCNcUKyQ5p4w&edm=APQMUHMBAAAA&ccb=7-5&oh=00_AfR91I0u63reRsYjTgg-F52WHHjCL9pk_B5S70fbV_ws1Q&oe=68926A5A&_nc_sid=6ff7c8,Seguir,manu_s.neves Emanuelle Neves 236 posts 236 315 315 1.381 1.381,0,0,0,,False,Pública,0,,,False,0,0,0
mile.n4297,,False,https://instagram.fpmw2-1.fna.fbcdn.net/v/t51.2885-19/487393645_1990082038157386_1502975322828966348_n.jpg?stp=dst-jpg_s150x150_tt6&efg=eyJ2ZW5jb2RlX3RhZyI6InByb2ZpbGVfcGljLmRqYW5nby4xMDgwLmMyIn0&_nc_ht=instagram.fpmw2-1.fna.fbcdn.net&_nc_cat=110&_nc_oc=Q6cZ2QEAW9swuoEuVZM_Ghsq_MAuv1YDAFXZJyv5s9TbaeocT95FU1lVqpRdeMwKbDFSo-5MZTdpluxg4UNMo2qDtcCn&_nc_ohc=Ds6rKfnxlyAQ7kNvwH6fV7n&_nc_gid=MtizeX-W5VoS1y8DBrxJCw&edm=APQMUHMBAAAA&ccb=7-5&oh=00_AfSJbI1GZq4lEFJUzQKMohzcNEm2UVSbFE-jZcpjdYPX6g&oe=6892666D&_nc_sid=6ff7c8,Seguir,mile.n4297 𝑴𝒊𝒍𝒆𝒏𝒂😘❤️ 0 posts 0 1.176 1.176 6.174 6.174 cristã🕊❤ 12y👑💗 𝒃𝒆𝒄𝒂𝒖𝒔𝒆 𝒘𝒉𝒆𝒏 𝒕𝒉𝒆 𝒔𝒊𝒎 𝒔𝒉𝒊𝒏𝒆𝒔...💍❤,0,0,0,,False,Pública,0,,,False,0,0,0
gabii_valadares,,False,https://instagram.fpmw2-1.fna.fbcdn.net/v/t51.2885-19/370611718_1027490128257139_651189342608918604_n.jpg?stp=dst-jpg_s150x150_tt6&efg=eyJ2ZW5jb2RlX3RhZyI6InByb2ZpbGVfcGljLmRqYW5nby41ODMuYzIifQ&_nc_ht=instagram.fpmw2-1.fna.fbcdn.net&_nc_cat=107&_nc_oc=Q6cZ2QEAW9swuoEuVZM_Ghsq_MAuv1YDAFXZJyv5s9TbaeocT95FU1lVqpRdeMwKbDFSo-5MZTdpluxg4UNMo2qDtcCn&_nc_ohc=sI9R0vSXbgkQ7kNvwExtpFb&_nc_gid=MtizeX-W5VoS1y8DBrxJCw&edm=APQMUHMBAAAA&ccb=7-5&oh=00_AfRqL5BG4wuholVGmPk4-NScNl9LYpdhqrsD4eJBkaJaCQ&oe=68927543&_nc_sid=6ff7c8,Seguir,gabii_valadares Gabriela Valadares 58 posts 58 835 835 1.622 1.622 🍀,0,0,0,,False,Pública,0,,,False,0,0,0
larissatilapao,,False,https://instagram.fpmw2-1.fna.fbcdn.net/v/t51.2885-19/491469830_1000365912181059_1450406966926218551_n.jpg?stp=dst-jpg_s150x150_tt6&efg=eyJ2ZW5jb2RlX3RhZyI6InByb2ZpbGVfcGljLmRqYW5nby4xMDgwLmMyIn0&_nc_ht=instagram.fpmw2-1.fna.fbcdn.net&_nc_cat=103&_nc_oc=Q6cZ2QEAW9swuoEuVZM_Ghsq_MAuv1YDAFXZJyv5s9TbaeocT95FU1lVqpRdeMwKbDFSo-5MZTdpluxg4UNMo2qDtcCn&_nc_ohc=uxNhM2xZfDwQ7kNvwGDta8u&_nc_gid=MtizeX-W5VoS1y8DBrxJCw&edm=APQMUHMBAAAA&ccb=7-5&oh=00_AfRJZuAD17TUYPvPT66N7QWSZfkFcEnYgTiNU18rU2qASA&oe=68926E11&_nc_sid=6ff7c8,Seguir,larissatilapao Larissa Tilapão 40 posts 40 2.251 2.251 2.457 2.457 Apaixonada por Jesus ✨ Não sei como veio parar aqui mas sinta-se amado! Criadora de conteúdo não praticante.,0,0,0,,False,Pública,0,,,False,0,0,0
ingridcarolina51,,False,https://instagram.fpmw2-1.fna.fbcdn.net/v/t51.2885-19/524826466_17973250997918998_5061365960345381116_n.jpg?stp=dst-jpg_s150x150_tt6&efg=eyJ2ZW5jb2RlX3RhZyI6InByb2ZpbGVfcGljLmRqYW5nby4xMDc4LmMyIn0&_nc_ht=instagram.fpmw2-1.fna.fbcdn.net&_nc_cat=110&_nc_oc=Q6cZ2QEAW9swuoEuVZM_Ghsq_MAuv1YDAFXZJyv5s9TbaeocT95FU1lVqpRdeMwKbDFSo-5MZTdpluxg4UNMo2qDtcCn&_nc_ohc=0pD_dFPdBcIQ7kNvwFh9D3Q&_nc_gid=MtizeX-W5VoS1y8DBrxJCw&edm=APQMUHMBAAAA&ccb=7-5&oh=00_AfTgkqRoNlYHL3gkLIluOqjNgxk6ttIVUVmnkkSWAetBjg&oe=6892835A&_nc_sid=6ff7c8,Seguir,ingridcarolina51 Ingrid Carolina 3 posts 3 56 56 2.341 2.341 Deixa a vida me levar sou feliz e agradeço por tudo que Deus me deu.🎶,0,0,0,,False,Pública,0,,,False,0,0,0
pvd.dry.ll,,False,https://instagram.fpmw2-1.fna.fbcdn.net/v/t51.2885-19/504364544_17854605678465592_7647948226549421624_n.jpg?stp=dst-jpg_s150x150_tt6&efg=eyJ2ZW5jb2RlX3RhZyI6InByb2ZpbGVfcGljLmRqYW5nby4xMDgwLmMyIn0&_nc_ht=instagram.fpmw2-1.fna.fbcdn.net&_nc_cat=104&_nc_oc=Q6cZ2QEAW9swuoEuVZM_Ghsq_MAuv1YDAFXZJyv5s9TbaeocT95FU1lVqpRdeMwKbDFSo-5MZTdpluxg4UNMo2qDtcCn&_nc_ohc=7scgF2YVOKsQ7kNvwFwoppl&_nc_gid=MtizeX-W5VoS1y8DBrxJCw&edm=APQMUHMBAAAA&ccb=7-5&oh=00_AfTl6enxsY2MLjSN_JW2QCNg6DOKuGhxBkrm7jXns_K3gw&oe=68927CFA&_nc_sid=6ff7c8,Seguir,pvd.dry.ll 0 posts 0 588 588 2.027 2.027 ⚜️,0,0,0,https://www.threads.com/@pvd.dry.ll?xmt=AQF0gESrsHbvY2l1ONJ1qyEc4_J1ZZF_IS3pwzyIqxpkofI,False,Pública,0,,,False,0,0,0
_inacio.roberto,,False,https://instagram.fpmw2-1.fna.fbcdn.net/v/t51.2885-19/408700573_341963471790488_2055754874345155168_n.jpg?stp=dst-jpg_s150x150_tt6&efg=eyJ2ZW5jb2RlX3RhZyI6InByb2ZpbGVfcGljLmRqYW5nby43NTAuYzIifQ&_nc_ht=instagram.fpmw2-1.fna.fbcdn.net&_nc_cat=108&_nc_oc=Q6cZ2QEAW9swuoEuVZM_Ghsq_MAuv1YDAFXZJyv5s9TbaeocT95FU1lVqpRdeMwKbDFSo-5MZTdpluxg4UNMo2qDtcCn&_nc_ohc=yMGghf108cYQ7kNvwGJM_Oh&_nc_gid=MtizeX-W5VoS1y8DBrxJCw&edm=APQMUHMBAAAA&ccb=7-5&oh=00_AfQcEh4wrTCvN7YsG1DshmVvHfA4Qz7fp5fGwYfAyyxxig&oe=68927309&_nc_sid=6ff7c8,Seguir,_inacio.roberto Inacio Roberto 5 posts 5 569 569 1.485 1.485 Ac. Ciências Contábeis 📚 XXIV - PSP 🌹❤️‍🔥 🤍💍,0,0,0,,False,Pública,0,,,False,0,0,0
gaspar222oliveira,,False,https://instagram.fpmw2-1.fna.fbcdn.net/v/t51.2885-19/242960892_285444956472150_8819509609090938904_n.jpg?stp=dst-jpg_s150x150_tt6&efg=eyJ2ZW5jb2RlX3RhZyI6InByb2ZpbGVfcGljLmRqYW5nby4xMDgwLmMyIn0&_nc_ht=instagram.fpmw2-1.fna.fbcdn.net&_nc_cat=106&_nc_oc=Q6cZ2QEAW9swuoEuVZM_Ghsq_MAuv1YDAFXZJyv5s9TbaeocT95FU1lVqpRdeMwKbDFSo-5MZTdpluxg4UNMo2qDtcCn&_nc_ohc=6kW5eEkXvMMQ7kNvwGS5tJn&_nc_gid=MtizeX-W5VoS1y8DBrxJCw&edm=APQMUHMBAAAA&ccb=7-5&oh=00_AfSJT-WiiO61kIKOHJ3fHumTXeP2j5IM3QyIfIj9ASgXKw&oe=689286EA&_nc_sid=6ff7c8,Seguir,gaspar222oliveira Gabriel Gaspar Oliveira 7 posts 7 382 382 1.577 1.577,0,0,0,,False,Pública,0,,,False,0,0,0
vanessanunes_124,,False,https://instagram.fpmw2-1.fna.fbcdn.net/v/t51.2885-19/271937203_1110766563031097_4210844447820239454_n.jpg?stp=dst-jpg_s150x150_tt6&efg=eyJ2ZW5jb2RlX3RhZyI6InByb2ZpbGVfcGljLmRqYW5nby43MTYuYzIifQ&_nc_ht=instagram.fpmw2-1.fna.fbcdn.net&_nc_cat=105&_nc_oc=Q6cZ2QEAW9swuoEuVZM_Ghsq_MAuv1YDAFXZJyv5s9TbaeocT95FU1lVqpRdeMwKbDFSo-5MZTdpluxg4UNMo2qDtcCn&_nc_ohc=pa_g6tDCiV4Q7kNvwEsi9nn&_nc_gid=MtizeX-W5VoS1y8DBrxJCw&edm=APQMUHMBAAAA&ccb=7-5&oh=00_AfTuU7dan8ZAHiYFL5Op4P6FWB2BzEwCTE-bOFudJbZdNQ&oe=6892961B&_nc_sid=6ff7c8,Seguir,vanessanunes_124 Vanessa Nunes 2 posts 2 516 516 7.501 7.501,0,0,0,https://www.threads.com/@vanessanunes_124?xmt=AQF0Og7os_FxIpax8R4YAHsWaENsWlswF4HWtQZMtoxwi0E,False,Pública,0,,,False,0,0,0
andressasantos2169,,False,https://instagram.fpmw2-1.fna.fbcdn.net/v/t51.2885-19/452997336_3497451153733815_3378320392012275775_n.jpg?stp=dst-jpg_s150x150_tt6&efg=eyJ2ZW5jb2RlX3RhZyI6InByb2ZpbGVfcGljLmRqYW5nby43MjAuYzIifQ&_nc_ht=instagram.fpmw2-1.fna.fbcdn.net&_nc_cat=103&_nc_oc=Q6cZ2QEAW9swuoEuVZM_Ghsq_MAuv1YDAFXZJyv5s9TbaeocT95FU1lVqpRdeMwKbDFSo-5MZTdpluxg4UNMo2qDtcCn&_nc_ohc=fldW__e66mwQ7kNvwGVNGxv&_nc_gid=MtizeX-W5VoS1y8DBrxJCw&edm=APQMUHMBAAAA&ccb=7-5&oh=00_AfQlivW5HYW2MpRRx69Wr6_2EVgRaddp_jdMlsu2Ex8vTw&oe=68927D56&_nc_sid=6ff7c8,Seguir,andressasantos2169 Andressa Santos 14 posts 14 122 122 5.291 5.291,0,0,0,,False,Pública,0,,,False,0,0,0
wr_william14,,False,https://instagram.fpmw2-1.fna.fbcdn.net/v/t51.2885-19/463341614_861599512795558_3559540148521156073_n.jpg?stp=dst-jpg_s150x150_tt6&efg=eyJ2ZW5jb2RlX3RhZyI6InByb2ZpbGVfcGljLmRqYW5nby4xMDgwLmMyIn0&_nc_ht=instagram.fpmw2-1.fna.fbcdn.net&_nc_cat=110&_nc_oc=Q6cZ2QEAW9swuoEuVZM_Ghsq_MAuv1YDAFXZJyv5s9TbaeocT95FU1lVqpRdeMwKbDFSo-5MZTdpluxg4UNMo2qDtcCn&_nc_ohc=1ZZcqE0jOXUQ7kNvwEpzjMw&_nc_gid=MtizeX-W5VoS1y8DBrxJCw&edm=APQMUHMBAAAA&ccb=7-5&oh=00_AfTCAZwr0bibu0z3_0-Ie3AC5HPVwk0nDa-Pt-2NleNHeQ&oe=689292CE&_nc_sid=6ff7c8,Seguir,,0,0,0,,False,Erro de carregamento,0,,,False,0,0,0
marya_na0210,,False,https://instagram.fpmw2-1.fna.fbcdn.net/v/t51.2885-19/503617729_17879041293343282_3552404129311398514_n.jpg?stp=dst-jpg_s150x150_tt6&efg=eyJ2ZW5jb2RlX3RhZyI6InByb2ZpbGVfcGljLmRqYW5nby43MjAuYzIifQ&_nc_ht=instagram.fpmw2-1.fna.fbcdn.net&_nc_cat=110&_nc_oc=Q6cZ2QFE3M-d896J5KFprbXNOJFv_5npNdaFlh0WppARshqPPv-q3mjDDg2DCFKkOI1jtIezKXvdafz3KToBAuyAnqxO&_nc_ohc=F0zO6LUKdIMQ7kNvwGhAs1d&_nc_gid=5Zb-F-QO6wvYoPOO1O5mug&edm=APQMUHMBAAAA&ccb=7-5&oh=00_AfQs107_flgLZHaxlaCsnrtmSc6HhUBxQtKv3WxLkZ3Nig&oe=689286D7&_nc_sid=6ff7c8,Seguir,,0,0,0,,False,Erro de carregamento,0,,,False,0,0,0
daniele_1512,,False,https://instagram.fpmw2-1.fna.fbcdn.net/v/t51.2885-19/515479729_18514618054038064_7404605482821460312_n.jpg?stp=dst-jpg_s150x150_tt6&efg=eyJ2ZW5jb2RlX3RhZyI6InByb2ZpbGVfcGljLmRqYW5nby4xMDgwLmMyIn0&_nc_ht=instagram.fpmw2-1.fna.fbcdn.net&_nc_cat=104&_nc_oc=Q6cZ2QFE3M-d896J5KFprbXNOJFv_5npNdaFlh0WppARshqPPv-q3mjDDg2DCFKkOI1jtIezKXvdafz3KToBAuyAnqxO&_nc_ohc=pxBIPcGxp7IQ7kNvwHS2Ob1&_nc_gid=5Zb-F-QO6wvYoPOO1O5mug&edm=APQMUHMBAAAA&ccb=7-5&oh=00_AfSZV2C1LU-TQ1OJPf0VddaP-iSd9FSPsfeEkkW1rGegzw&oe=6892794B&_nc_sid=6ff7c8,Seguir,daniele_1512 Daniele Albuquerque 437 posts 437 242 242 630 630 ... mais mais,0,0,0,https://www.threads.com/@daniele_1512?xmt=AQF0zr7JCzeMFptUIugvXtrZEVDlG7ey4u8TvnTrVRSIUoY,False,Pública,0,,,False,0,0,0
gabrielly_mayanne,,False,https://instagram.fpmw2-1.fna.fbcdn.net/v/t51.2885-19/305789036_569412051645712_1392572797745741788_n.jpg?stp=dst-jpg_s150x150_tt6&efg=eyJ2ZW5jb2RlX3RhZyI6InByb2ZpbGVfcGljLmRqYW5nby45NjAuYzIifQ&_nc_ht=instagram.fpmw2-1.fna.fbcdn.net&_nc_cat=104&_nc_oc=Q6cZ2QFE3M-d896J5KFprbXNOJFv_5npNdaFlh0WppARshqPPv-q3mjDDg2DCFKkOI1jtIezKXvdafz3KToBAuyAnqxO&_nc_ohc=SbzUxf-G6rcQ7kNvwFspuJO&_nc_gid=5Zb-F-QO6wvYoPOO1O5mug&edm=APQMUHMBAAAA&ccb=7-5&oh=00_AfSB78vf3cSqhcY37w-a1-Sybqnm7Y9UdFa_mkLwRDEKkA&oe=68927968&_nc_sid=6ff7c8,Seguir,gabrielly_mayanne Mayanne Gabrielly 1 post 1 235 235 1.405 1.405,0,0,0,,False,Pública,0,,,False,0,0,0
vall_p.r,,False,https://instagram.fpmw2-1.fna.fbcdn.net/v/t51.2885-19/441540012_1628054757956483_8311938038539708457_n.jpg?stp=dst-jpg_s150x150_tt6&efg=eyJ2ZW5jb2RlX3RhZyI6InByb2ZpbGVfcGljLmRqYW5nby41MDAuYzIifQ&_nc_ht=instagram.fpmw2-1.fna.fbcdn.net&_nc_cat=111&_nc_oc=Q6cZ2QFE3M-d896J5KFprbXNOJFv_5npNdaFlh0WppARshqPPv-q3mjDDg2DCFKkOI1jtIezKXvdafz3KToBAuyAnqxO&_nc_ohc=vG1jKw4mRNAQ7kNvwEaMl_r&_nc_gid=5Zb-F-QO6wvYoPOO1O5mug&edm=APQMUHMBAAAA&ccb=7-5&oh=00_AfTX5OZ1oJwb5kw4WOLfxPdiJyokWAld7eV41U0lCkVWNw&oe=689277CF&_nc_sid=6ff7c8,Seguir,vall_p.r Val♡ 0 posts 0 7 7 3.242 3.242 📍Brasil| MA 🦋•🪴•✨ O segredo é ter fé 🤍,0,0,0,https://www.threads.com/@vall_p.r?xmt=AQF0A2Ij-WrZ6wOk3hEt-zG2Gq5GwwcN5RpSw1ZbEiLOI6s,False,Pública,0,,,False,0,0,0
andrea.breves,,False,https://instagram.fpmw2-1.fna.fbcdn.net/v/t51.2885-19/472426345_3857417351148104_6829195167398434298_n.jpg?stp=dst-jpg_s150x150_tt6&efg=eyJ2ZW5jb2RlX3RhZyI6InByb2ZpbGVfcGljLmRqYW5nby43MjAuYzIifQ&_nc_ht=instagram.fpmw2-1.fna.fbcdn.net&_nc_cat=108&_nc_oc=Q6cZ2QFE3M-d896J5KFprbXNOJFv_5npNdaFlh0WppARshqPPv-q3mjDDg2DCFKkOI1jtIezKXvdafz3KToBAuyAnqxO&_nc_ohc=28yaWwd1JiIQ7kNvwG8Hpaf&_nc_gid=5Zb-F-QO6wvYoPOO1O5mug&edm=APQMUHMBAAAA&ccb=7-5&oh=00_AfQ0t7Gt7Ez5sUYSPFU-hPb-pPaDqfqkn0MZbKr8T8AncA&oe=68927DD7&_nc_sid=6ff7c8,Seguir,"andrea.breves Andrea Breves 951 posts 951 1.170 1.170 7.499 7.499 Se viver requer coragem então Viva pra ser feliz, não viva em vão ❤️",0,0,0,https://www.facebook.com/profile.php?id=100002368104388&ref=_ig_profile_ac,False,Pública,0,,,False,0,0,0
a_gislainea,,False,https://instagram.fpmw2-1.fna.fbcdn.net/v/t51.2885-19/469037752_1062005319303758_2649739420590278240_n.jpg?stp=dst-jpg_s150x150_tt6&efg=eyJ2ZW5jb2RlX3RhZyI6InByb2ZpbGVfcGljLmRqYW5nby4zMjAuYzIifQ&_nc_ht=instagram.fpmw2-1.fna.fbcdn.net&_nc_cat=102&_nc_oc=Q6cZ2QFE3M-d896J5KFprbXNOJFv_5npNdaFlh0WppARshqPPv-q3mjDDg2DCFKkOI1jtIezKXvdafz3KToBAuyAnqxO&_nc_ohc=KzigXhoWdlAQ7kNvwEHf4jT&_nc_gid=5Zb-F-QO6wvYoPOO1O5mug&edm=APQMUHMBAAAA&ccb=7-5&oh=00_AfQLnrXqgRTeqNzPbYVRw-zLrezlDLPorq9hELwAQpEvqw&oe=689284B5&_nc_sid=6ff7c8,Seguir,"a_gislainea A_Gislaine 4 posts 4 139 139 5.062 5.062 🏢Assessoria, Consultoria Empresarial; 🧮Especialista Planejamento e Gestão; 🎓Bacharel Ciências Contábeis;... mais 🏢Assessoria, Consultoria Empresarial; 🧮Especialista Planejamento e Gestão; 🎓Bacharel Ciências Contábeis; ... mais mais",0,0,0,,False,Pública,0,,,False,0,0,0
nildavessoni,,False,https://instagram.fpmw2-1.fna.fbcdn.net/v/t51.2885-19/302180826_1288176128653064_6650000416139777235_n.jpg?stp=dst-jpg_s150x150_tt6&efg=eyJ2ZW5jb2RlX3RhZyI6InByb2ZpbGVfcGljLmRqYW5nby4xMDgwLmMyIn0&_nc_ht=instagram.fpmw2-1.fna.fbcdn.net&_nc_cat=108&_nc_oc=Q6cZ2QFE3M-d896J5KFprbXNOJFv_5npNdaFlh0WppARshqPPv-q3mjDDg2DCFKkOI1jtIezKXvdafz3KToBAuyAnqxO&_nc_ohc=IrOirhvuNxwQ7kNvwG9Js6Y&_nc_gid=5Zb-F-QO6wvYoPOO1O5mug&edm=APQMUHMBAAAA&ccb=7-5&oh=00_AfQIKgv1QhFHuFCmVBA9j8y0h1Zr9XXeESUpm6NyD2mjhg&oe=68926DFF&_nc_sid=6ff7c8,Seguir,,0,0,0,,False,Erro de carregamento,0,,,False,0,0,0
citaniacastro,,False,https://instagram.fpmw2-1.fna.fbcdn.net/v/t51.2885-19/521554033_18476850496079196_1181625648958641225_n.jpg?stp=dst-jpg_s150x150_tt6&efg=eyJ2ZW5jb2RlX3RhZyI6InByb2ZpbGVfcGljLmRqYW5nby43MjAuYzIifQ&_nc_ht=instagram.fpmw2-1.fna.fbcdn.net&_nc_cat=100&_nc_oc=Q6cZ2QEMMddYWG-H0vdo9YKmB7tfvmbYTBZxDYvrqHt1xxVidCP_jxtKFbA9CuTsEu-_s-5YACksH6gXjny9CBGvKzIT&_nc_ohc=j9WYAQZV8CQQ7kNvwHKDst0&_nc_gid=ullN6DSLkiH29cDpRn6TJQ&edm=APQMUHMBAAAA&ccb=7-5&oh=00_AfRndLyZ6uPS-GzHQYNX7w307LRwAA_S0CCSWkMG6FgnUw&oe=6892610E&_nc_sid=6ff7c8,Seguir,citaniacastro Citania Castro 30 posts 30 810 810 6.013 6.013,0,0,0,https://www.threads.com/@citaniacastro?xmt=AQF0Khx1XEjJyf6gdT_hhvr1_tiMH2m0kLbT_Y2_WFHnfHE,False,Pública,0,,,False,0,0,0
tamiresalves1606,,False,https://instagram.fpmw2-1.fna.fbcdn.net/v/t51.2885-19/461028721_879324944353305_4989588042121265120_n.jpg?stp=dst-jpg_s150x150_tt6&efg=eyJ2ZW5jb2RlX3RhZyI6InByb2ZpbGVfcGljLmRqYW5nby45NDguYzIifQ&_nc_ht=instagram.fpmw2-1.fna.fbcdn.net&_nc_cat=109&_nc_oc=Q6cZ2QEMMddYWG-H0vdo9YKmB7tfvmbYTBZxDYvrqHt1xxVidCP_jxtKFbA9CuTsEu-_s-5YACksH6gXjny9CBGvKzIT&_nc_ohc=Aby1GpK7V_sQ7kNvwEE7t2b&_nc_gid=ullN6DSLkiH29cDpRn6TJQ&edm=APQMUHMBAAAA&ccb=7-5&oh=00_AfROn3mE3glo2R5bFY-4Kv8hSG8pKXtCJGBgJF9B28HopQ&oe=689284C0&_nc_sid=6ff7c8,Seguir,tamiresalves1606 Tamires Alves 19 posts 19 698 698 7.463 7.463 Escorpiana🦂❤️ Casada👩‍❤️‍👨 As vezes nós encontramos nosso destino pelo caminho que tomamos para evitá-lo🦋💕,0,0,0,https://www.threads.com/@tamiresalves1606?xmt=AQF0Xt9yWyUJ5h0F9tfPr1uAwLkxkT3kYJWlwRMEJn-iTtU,False,Pública,0,,,False,0,0,0
leonnardo_378,,False,https://instagram.fpmw2-1.fna.fbcdn.net/v/t51.2885-19/115954655_295464728469257_3981000725779770579_n.jpg?stp=dst-jpg_s150x150_tt6&efg=eyJ2ZW5jb2RlX3RhZyI6InByb2ZpbGVfcGljLmRqYW5nby43MjAuYzIifQ&_nc_ht=instagram.fpmw2-1.fna.fbcdn.net&_nc_cat=105&_nc_oc=Q6cZ2QEMMddYWG-H0vdo9YKmB7tfvmbYTBZxDYvrqHt1xxVidCP_jxtKFbA9CuTsEu-_s-5YACksH6gXjny9CBGvKzIT&_nc_ohc=t-wOppsJcNQQ7kNvwGmhiV7&_nc_gid=ullN6DSLkiH29cDpRn6TJQ&edm=APQMUHMBAAAA&ccb=7-5&oh=00_AfS3Tkkh8hX7g7iKDBPqAtBgwx2g8pyVGpRugZYOZmiPlw&oe=6892962C&_nc_sid=6ff7c8,Seguir,leonnardo_378 Roberto 15 posts 15 55 55 4.836 4.836 Cristão,0,0,0,,False,Pública,0,,,False,0,0,0
sueli_rodrigues_cotrin,,False,https://instagram.fpmw2-1.fna.fbcdn.net/v/t51.2885-19/409217658_729305389085066_2456996970827060536_n.jpg?stp=dst-jpg_s150x150_tt6&efg=eyJ2ZW5jb2RlX3RhZyI6InByb2ZpbGVfcGljLmRqYW5nby4xMDgwLmMyIn0&_nc_ht=instagram.fpmw2-1.fna.fbcdn.net&_nc_cat=102&_nc_oc=Q6cZ2QEMMddYWG-H0vdo9YKmB7tfvmbYTBZxDYvrqHt1xxVidCP_jxtKFbA9CuTsEu-_s-5YACksH6gXjny9CBGvKzIT&_nc_ohc=rbJ9icrvqRIQ7kNvwGv2Isk&_nc_gid=ullN6DSLkiH29cDpRn6TJQ&edm=APQMUHMBAAAA&ccb=7-5&oh=00_AfQGsykd-fRwhGXkH-AhkqE63iJrbHSCFGTrTuW7Mhlj2Q&oe=689279D8&_nc_sid=6ff7c8,Seguir,sueli_rodrigues_cotrin Sueli Rodrigues 10 posts 10 365 365 3.594 3.594,0,0,0,,False,Pública,0,,,False,0,0,0
zuleidegomes912,,False,https://instagram.fpmw2-1.fna.fbcdn.net/v/t51.2885-19/311431741_1253633575470532_266106669441560940_n.jpg?stp=dst-jpg_s150x150_tt6&efg=eyJ2ZW5jb2RlX3RhZyI6InByb2ZpbGVfcGljLmRqYW5nby42NDAuYzIifQ&_nc_ht=instagram.fpmw2-1.fna.fbcdn.net&_nc_cat=104&_nc_oc=Q6cZ2QEMMddYWG-H0vdo9YKmB7tfvmbYTBZxDYvrqHt1xxVidCP_jxtKFbA9CuTsEu-_s-5YACksH6gXjny9CBGvKzIT&_nc_ohc=qycHcGGB4AkQ7kNvwFOGy1B&_nc_gid=ullN6DSLkiH29cDpRn6TJQ&edm=APQMUHMBAAAA&ccb=7-5&oh=00_AfScoBqFq2nzpQ_Erg7ckTy7mLIA7xZqlCA_wNeZMHauRQ&oe=689280D4&_nc_sid=6ff7c8,Seguir,zuleidegomes912 Zuleide Gomes 2 posts 2 53 53 6.291 6.291,0,0,0,,False,Pública,0,,,False,0,0,0
vi.ni3295,,False,https://instagram.fpmw2-1.fna.fbcdn.net/v/t51.2885-19/453842190_7846848485422950_387387528868393445_n.jpg?stp=dst-jpg_s150x150_tt6&efg=eyJ2ZW5jb2RlX3RhZyI6InByb2ZpbGVfcGljLmRqYW5nby4xMDgwLmMyIn0&_nc_ht=instagram.fpmw2-1.fna.fbcdn.net&_nc_cat=106&_nc_oc=Q6cZ2QEMMddYWG-H0vdo9YKmB7tfvmbYTBZxDYvrqHt1xxVidCP_jxtKFbA9CuTsEu-_s-5YACksH6gXjny9CBGvKzIT&_nc_ohc=X-QFitvy1TMQ7kNvwEl2wGC&_nc_gid=ullN6DSLkiH29cDpRn6TJQ&edm=APQMUHMBAAAA&ccb=7-5&oh=00_AfQRDnd8q4HKvyRxWZrOr-BffrtaoS6WhxFnp1XOD4N3Tw&oe=68926986&_nc_sid=6ff7c8,Seguir,vi.ni3295 vini 40 posts 40 329 329 7.493 7.493,0,0,0,https://www.threads.com/@vi.ni3295?xmt=AQF0x72h3I1zW9tax_wFP-lbyEcpiPgZUGwAICNjiuL0nlA,False,Pública,0,,,False,0,0,0
polyanabergamasco,,False,https://instagram.fpmw2-1.fna.fbcdn.net/v/t51.2885-19/356354978_634776471910220_9094843817887489508_n.jpg?stp=dst-jpg_s150x150_tt6&efg=eyJ2ZW5jb2RlX3RhZyI6InByb2ZpbGVfcGljLmRqYW5nby44MjguYzIifQ&_nc_ht=instagram.fpmw2-1.fna.fbcdn.net&_nc_cat=108&_nc_oc=Q6cZ2QEMMddYWG-H0vdo9YKmB7tfvmbYTBZxDYvrqHt1xxVidCP_jxtKFbA9CuTsEu-_s-5YACksH6gXjny9CBGvKzIT&_nc_ohc=MBD8jF_Fo0UQ7kNvwHfL5cX&_nc_gid=ullN6DSLkiH29cDpRn6TJQ&edm=APQMUHMBAAAA&ccb=7-5&oh=00_AfQeVGA78vB2Ca39FvqplE2eyDioc7--yTz-mgYxPFUzyw&oe=68928FE5&_nc_sid=6ff7c8,Seguir,polyanabergamasco Polyana Bergamasco 19 posts 19 232 232 2.596 2.596,0,0,0,https://www.threads.com/@polyanabergamasco?xmt=AQF0NfJ57eWTqHWLDi_FW7R6SwVfuNzssL8etqzwLfMZ3VI,False,Pública,0,,,False,0,0,0
fsgxbcb,,False,https://scontent-gru1-1.cdninstagram.com/v/t51.2885-19/464760996_1254146839119862_3605321457742435801_n.png?stp=dst-jpg_e0_s150x150_tt6&cb=8577c754-c2464923&efg=eyJ2ZW5jb2RlX3RhZyI6InByb2ZpbGVfcGljLmRqYW5nby4xNTAuYzIifQ&_nc_ht=scontent-gru1-1.cdninstagram.com&_nc_cat=1&_nc_oc=Q6cZ2QEJ3WoDAE8TjHwf5_650So58Kf_XDcdv-3kB7qRKxmP4pfsTc77c8yKJvwLeLnkO-0&_nc_ohc=cmGW-gSOmkoQ7kNvwFKqNo8&_nc_gid=BKm1hi6EqjRoa7E47K9WMw&edm=AA0lj5EBAAAA&ccb=7-5&ig_cache_key=YW5vbnltb3VzX3Byb2ZpbGVfcGlj.3-ccb7-5-cb8577c754-c2464923&oh=00_AfSN8mT60ggK3pF5nqZtMeRKZgdvT24X5HBse1gu9q5GQg&oe=68928E28&_nc_sid=0a490e,Seguir,fsgxbcb 0 posts 0 0 4.012 4.012,0,0,0,https://www.threads.com/@fsgxbcb?xmt=AQF0j6Jv8ZniIJdMvpsUXj1LNeHYRQoyyoMRLJnl7neisR0,False,Pública,0,,,False,0,0,0
amorim.toninha,,False,https://scontent-gru1-1.cdninstagram.com/v/t51.2885-19/464760996_1254146839119862_3605321457742435801_n.png?stp=dst-jpg_e0_s150x150_tt6&cb=8577c754-c2464923&efg=eyJ2ZW5jb2RlX3RhZyI6InByb2ZpbGVfcGljLmRqYW5nby4xNTAuYzIifQ&_nc_ht=scontent-gru1-1.cdninstagram.com&_nc_cat=1&_nc_oc=Q6cZ2QEJ3WoDAE8TjHwf5_650So58Kf_XDcdv-3kB7qRKxmP4pfsTc77c8yKJvwLeLnkO-0&_nc_ohc=cmGW-gSOmkoQ7kNvwFKqNo8&_nc_gid=BKm1hi6EqjRoa7E47K9WMw&edm=AA0lj5EBAAAA&ccb=7-5&ig_cache_key=YW5vbnltb3VzX3Byb2ZpbGVfcGlj.3-ccb7-5-cb8577c754-c2464923&oh=00_AfSN8mT60ggK3pF5nqZtMeRKZgdvT24X5HBse1gu9q5GQg&oe=68928E28&_nc_sid=0a490e,Seguir,amorim.toninha Toninha Amorim 0 posts 0 10 10 6.720 6.720,0,0,0,,False,Pública,0,,,False,0,0,0
horacerta_lanches,,False,https://instagram.fpmw2-1.fna.fbcdn.net/v/t51.2885-19/503691329_17844702441530135_8538207937648030055_n.jpg?stp=dst-jpg_s150x150_tt6&efg=eyJ2ZW5jb2RlX3RhZyI6InByb2ZpbGVfcGljLmRqYW5nby44NTIuYzIifQ&_nc_ht=instagram.fpmw2-1.fna.fbcdn.net&_nc_cat=111&_nc_oc=Q6cZ2QFh2gu5vo9u9ya5slOPyNkkJpWl83rfo1-NsT0UWWza6tAUXnP5XWmIARpDGWOrhVkaJ5VPszFIdAP8OqH3hlE_&_nc_ohc=yEtq9ZX8jIYQ7kNvwGuhF5s&_nc_gid=3qOdqyT_E4tEa2lV_bLpgQ&edm=APQMUHMBAAAA&ccb=7-5&oh=00_AfTGNRKwZ3cRAiv9HaYh3XMopV7xpSIBuR3AZi_17Vj3Qg&oe=68927C53&_nc_sid=6ff7c8,Seguir,horacerta_lanches Hora certa | Lanches 39 posts 39 223 223 359 359 Hambúrguer 🍔 pastel😋 Hot Dog 🌭 E muito mais😋😁,0,0,0,,False,Pública,0,,,False,0,0,0
silvamallu__,,False,https://instagram.fpmw2-1.fna.fbcdn.net/v/t51.2885-19/526207087_18080629619500680_9177161781411277679_n.jpg?stp=dst-jpg_s150x150_tt6&efg=eyJ2ZW5jb2RlX3RhZyI6InByb2ZpbGVfcGljLmRqYW5nby42NDAuYzIifQ&_nc_ht=instagram.fpmw2-1.fna.fbcdn.net&_nc_cat=100&_nc_oc=Q6cZ2QFh2gu5vo9u9ya5slOPyNkkJpWl83rfo1-NsT0UWWza6tAUXnP5XWmIARpDGWOrhVkaJ5VPszFIdAP8OqH3hlE_&_nc_ohc=h427vNAZHmQQ7kNvwEDb1Xe&_nc_gid=3qOdqyT_E4tEa2lV_bLpgQ&edm=APQMUHMBAAAA&ccb=7-5&oh=00_AfRDMmnkP8ulfV6RJ21T53q8B2LZK9sQ2hNMQIdCI2Cl7w&oe=68927FB3&_nc_sid=6ff7c8,Seguir,silvamallu__ Malu 14 posts 14 2.739 2.739 495 495,0,0,0,https://www.threads.com/@silvamallu__?xmt=AQF0Gmqm42vX8FEHHr7EVqM67Gtq09_whvz8oQnIYbqa-H0,False,Pública,0,,,False,0,0,0
bruna_coppi,,False,https://instagram.fpmw2-1.fna.fbcdn.net/v/t51.2885-19/472423665_605065362103705_828389363752568762_n.jpg?stp=dst-jpg_s150x150_tt6&efg=eyJ2ZW5jb2RlX3RhZyI6InByb2ZpbGVfcGljLmRqYW5nby4xMDgwLmMyIn0&_nc_ht=instagram.fpmw2-1.fna.fbcdn.net&_nc_cat=101&_nc_oc=Q6cZ2QFh2gu5vo9u9ya5slOPyNkkJpWl83rfo1-NsT0UWWza6tAUXnP5XWmIARpDGWOrhVkaJ5VPszFIdAP8OqH3hlE_&_nc_ohc=u75PtYTCBGYQ7kNvwFY2Lrv&_nc_gid=3qOdqyT_E4tEa2lV_bLpgQ&edm=APQMUHMBAAAA&ccb=7-5&oh=00_AfR1kdQBDhpw96wEUDitBvCdlBRg1KHoUrsrdr3Xp9lcuQ&oe=689274DF&_nc_sid=6ff7c8,Seguir,bruna_coppi Bruna Coppi 57 posts 57 1.811 1.811 1.750 1.750 📍São Paulo - SP 2025 2024 2023 2022 2021 2020 ♡ 2019.2 🇮🇹 2019.1 2018,2025,2024,2023,,False,Pública,0,,,False,0,0,0
paraiso.lagodosveados,,False,https://instagram.fpmw2-1.fna.fbcdn.net/v/t51.2885-19/175964219_1170795263362285_8381723640021939869_n.jpg?stp=dst-jpg_s150x150_tt6&efg=eyJ2ZW5jb2RlX3RhZyI6InByb2ZpbGVfcGljLmRqYW5nby43MjAuYzIifQ&_nc_ht=instagram.fpmw2-1.fna.fbcdn.net&_nc_cat=101&_nc_oc=Q6cZ2QFh2gu5vo9u9ya5slOPyNkkJpWl83rfo1-NsT0UWWza6tAUXnP5XWmIARpDGWOrhVkaJ5VPszFIdAP8OqH3hlE_&_nc_ohc=Fi6mMUP-twgQ7kNvwEkQIOv&_nc_gid=3qOdqyT_E4tEa2lV_bLpgQ&edm=APQMUHMBAAAA&ccb=7-5&oh=00_AfSAK9OyMKzzfdeK7q8jbm19zFNR_TBv5OmaEkzqZ1nCaQ&oe=689262E6&_nc_sid=6ff7c8,Seguir,,0,0,0,,False,Erro inesperado,0,,,False,0,0,0
pvd_duda1909,,False,https://instagram.fpmw2-1.fna.fbcdn.net/v/t51.2885-19/452472256_1225142612183146_3569500480144365058_n.jpg?stp=dst-jpg_s150x150_tt6&efg=eyJ2ZW5jb2RlX3RhZyI6InByb2ZpbGVfcGljLmRqYW5nby43MjAuYzIifQ&_nc_ht=instagram.fpmw2-1.fna.fbcdn.net&_nc_cat=110&_nc_oc=Q6cZ2QFh2gu5vo9u9ya5slOPyNkkJpWl83rfo1-NsT0UWWza6tAUXnP5XWmIARpDGWOrhVkaJ5VPszFIdAP8OqH3hlE_&_nc_ohc=s7OhB5qks00Q7kNvwHsCpwq&_nc_gid=3qOdqyT_E4tEa2lV_bLpgQ&edm=APQMUHMBAAAA&ccb=7-5&oh=00_AfSP1gQISBncRHQTMIUSFBawBRwXA1Q-CBBSnWdQ7_suFQ&oe=68928C34&_nc_sid=6ff7c8,Seguir,,0,0,0,,False,Erro de carregamento,0,,,False,0,0,0
ativodetox,,False,https://instagram.fpmw2-1.fna.fbcdn.net/v/t51.2885-19/457482580_875386977271753_9220006419375103867_n.jpg?stp=dst-jpg_s150x150_tt6&efg=eyJ2ZW5jb2RlX3RhZyI6InByb2ZpbGVfcGljLmRqYW5nby45MjAuYzIifQ&_nc_ht=instagram.fpmw2-1.fna.fbcdn.net&_nc_cat=101&_nc_oc=Q6cZ2QFh2gu5vo9u9ya5slOPyNkkJpWl83rfo1-NsT0UWWza6tAUXnP5XWmIARpDGWOrhVkaJ5VPszFIdAP8OqH3hlE_&_nc_ohc=o4tuHNBbKZcQ7kNvwEl1RhX&_nc_gid=3qOdqyT_E4tEa2lV_bLpgQ&edm=APQMUHMBAAAA&ccb=7-5&oh=00_AfSkECB-yvGUU0bqtI5qJ8GQzqruypG4upPLULffGS-F7Q&oe=6892766F&_nc_sid=6ff7c8,Seguir,wa.me/5566984527304 ativodetox Ativo detox 77 posts 77 656 656 688 688 Saúde/beleza ... mais mais Destaques,,,,,False,Pública,0,,,False,0,0,0
cfmellreis,,False,https://instagram.fpmw2-1.fna.fbcdn.net/v/t51.2885-19/498339521_17909635365133613_8975859791849797024_n.jpg?stp=dst-jpg_s150x150_tt6&efg=eyJ2ZW5jb2RlX3RhZyI6InByb2ZpbGVfcGljLmRqYW5nby4xMDgwLmMyIn0&_nc_ht=instagram.fpmw2-1.fna.fbcdn.net&_nc_cat=105&_nc_oc=Q6cZ2QFh2gu5vo9u9ya5slOPyNkkJpWl83rfo1-NsT0UWWza6tAUXnP5XWmIARpDGWOrhVkaJ5VPszFIdAP8OqH3hlE_&_nc_ohc=s_ULuTOMIj4Q7kNvwFb8yJT&_nc_gid=3qOdqyT_E4tEa2lV_bLpgQ&edm=APQMUHMBAAAA&ccb=7-5&oh=00_AfQ6BBIOuFiZwrrKHFuabZNNLhZD5sai_b2xlc04bRCNIw&oe=6892619C&_nc_sid=6ff7c8,Seguir,cfmellreis 4 posts 4 265 265 598 598 iesnof escola kids💚 ㅤ,,,0,https://www.threads.com/@cfmellreis?xmt=AQF07TPcu35USHVQkdCSIFgLAKr-Vg4R6neK2exWfocGyig,False,Pública,0,,,False,0,0,0
josianag_07,,False,https://instagram.fpmw2-1.fna.fbcdn.net/v/t51.2885-19/448036791_813656803726137_8465354486401425064_n.jpg?stp=dst-jpg_s150x150_tt6&efg=eyJ2ZW5jb2RlX3RhZyI6InByb2ZpbGVfcGljLmRqYW5nby42MDguYzIifQ&_nc_ht=instagram.fpmw2-1.fna.fbcdn.net&_nc_cat=109&_nc_oc=Q6cZ2QFh2gu5vo9u9ya5slOPyNkkJpWl83rfo1-NsT0UWWza6tAUXnP5XWmIARpDGWOrhVkaJ5VPszFIdAP8OqH3hlE_&_nc_ohc=noQLhl6RIiMQ7kNvwGrZ2o3&_nc_gid=3qOdqyT_E4tEa2lV_bLpgQ&edm=APQMUHMBAAAA&ccb=7-5&oh=00_AfQcerdc2irhYDipCnTioB2wp4DbeX38yygas-9o1JQ97Q&oe=68929314&_nc_sid=6ff7c8,Seguir,josianag_07 josiana 1 post 1 152 152 229 229,0,0,0,https://www.threads.com/@josianag_07?xmt=AQF0__dSdkNKtkRGDKIsGIWdhwOG4s33Ylkud7Clsmsa-rA,False,Pública,0,,,False,0,0,0
henryyemb,,False,https://instagram.fpmw2-1.fna.fbcdn.net/v/t51.2885-19/481969531_2107793572968215_7603389109687540185_n.jpg?stp=dst-jpg_s150x150_tt6&efg=eyJ2ZW5jb2RlX3RhZyI6InByb2ZpbGVfcGljLmRqYW5nby4xMDgwLmMyIn0&_nc_ht=instagram.fpmw2-1.fna.fbcdn.net&_nc_cat=111&_nc_oc=Q6cZ2QFh2gu5vo9u9ya5slOPyNkkJpWl83rfo1-NsT0UWWza6tAUXnP5XWmIARpDGWOrhVkaJ5VPszFIdAP8OqH3hlE_&_nc_ohc=NBh7uROGljcQ7kNvwFbtxF5&_nc_gid=3qOdqyT_E4tEa2lV_bLpgQ&edm=APQMUHMBAAAA&ccb=7-5&oh=00_AfQI_61U2-IZkV8vaTYaXJIkPwier9et7TkZr3jgvMadMg&oe=6892826F&_nc_sid=6ff7c8,Seguir,,0,0,0,,False,Erro inesperado,0,,,False,0,0,0
daniel.silv.03,,False,https://instagram.fpmw2-1.fna.fbcdn.net/v/t51.2885-19/524787753_18036827171664349_2303633690176155216_n.jpg?stp=dst-jpg_s150x150_tt6&efg=eyJ2ZW5jb2RlX3RhZyI6InByb2ZpbGVfcGljLmRqYW5nby4xMDgwLmMyIn0&_nc_ht=instagram.fpmw2-1.fna.fbcdn.net&_nc_cat=101&_nc_oc=Q6cZ2QFh2gu5vo9u9ya5slOPyNkkJpWl83rfo1-NsT0UWWza6tAUXnP5XWmIARpDGWOrhVkaJ5VPszFIdAP8OqH3hlE_&_nc_ohc=qPfTXvQnZNYQ7kNvwGFE8jM&_nc_gid=3qOdqyT_E4tEa2lV_bLpgQ&edm=APQMUHMBAAAA&ccb=7-5&oh=00_AfTwZv2ZVqqbBJwBVDb2NY75n6SqbHKppiXuQRH8wKKIQQ&oe=689286FD&_nc_sid=6ff7c8,Seguir,daniel.silv.03 Daniel Anjos 0 posts 0 156 156 170 170,0,0,0,,False,Pública,0,,,False,0,0,0
jaquechagaaas,,False,https://instagram.fpmw2-1.fna.fbcdn.net/v/t51.2885-19/523257778_18076464491500190_2738966759462666279_n.jpg?stp=dst-jpg_s150x150_tt6&efg=eyJ2ZW5jb2RlX3RhZyI6InByb2ZpbGVfcGljLmRqYW5nby4xMDgwLmMyIn0&_nc_ht=instagram.fpmw2-1.fna.fbcdn.net&_nc_cat=102&_nc_oc=Q6cZ2QFh2gu5vo9u9ya5slOPyNkkJpWl83rfo1-NsT0UWWza6tAUXnP5XWmIARpDGWOrhVkaJ5VPszFIdAP8OqH3hlE_&_nc_ohc=bKSe1jqZbtIQ7kNvwHaeAuq&_nc_gid=3qOdqyT_E4tEa2lV_bLpgQ&edm=APQMUHMBAAAA&ccb=7-5&oh=00_AfShRV5BZEhFRq0kwGf1P0T7-1VPZvxmoJwVfjE9oQEaWQ&oe=6892647F&_nc_sid=6ff7c8,Seguir,jaquechagaaas Jaqueline Jesus Das Chagas 192 posts 192 1.102 1.102 1.974 1.974 Criador(a) de conteúdo digital aqui compartilho meu dia a dia e também achadinhos baratinho e eficiente que compro na shope🧡🧡🥰🥰 chat.whatsapp.com/IeldwHEFpYJ7S5cWyK4niQ?mode=ems_copy_t FILHA shein 🛍️ Reflexão 🪞 Maternidade *MEUS CACHOS 🪮* PENTEADO 🩷 COZINHA LOOKS E + Destaques Eu SHOPee🧡 ELETRÔNICOS MÓVEIS DECORAÇÃO acessórios,0,0,0,,False,Pública,0,,,False,0,0,0
alissonandradecruzeiro,,False,https://instagram.fpmw2-1.fna.fbcdn.net/v/t51.2885-19/525738374_18051116330433158_5980788535287334005_n.jpg?stp=dst-jpg_s150x150_tt6&efg=eyJ2ZW5jb2RlX3RhZyI6InByb2ZpbGVfcGljLmRqYW5nby4xMDgwLmMyIn0&_nc_ht=instagram.fpmw2-1.fna.fbcdn.net&_nc_cat=102&_nc_oc=Q6cZ2QFh2gu5vo9u9ya5slOPyNkkJpWl83rfo1-NsT0UWWza6tAUXnP5XWmIARpDGWOrhVkaJ5VPszFIdAP8OqH3hlE_&_nc_ohc=9-cEkYBkEdEQ7kNvwGlGmEF&_nc_gid=3qOdqyT_E4tEa2lV_bLpgQ&edm=APQMUHMBAAAA&ccb=7-5&oh=00_AfRYGGi4mkxr-ohq5a6IiaTv_jRBNX8Qdr0sM6Zowh2qFQ&oe=6892738A&_nc_sid=6ff7c8,Seguir,alissonandradecruzeiro Alisson Andrade 179 posts 179 787 787 2.569 2.569,0,0,0,https://www.threads.com/@alissonandradecruzeiro?xmt=AQF0WoMW2bO88knWr7Scqd6JCygYBVYyINUtIo4yqFqXiJU,False,Pública,0,,,False,0,0,0
rayssaxyz__,,False,https://instagram.fpmw2-1.fna.fbcdn.net/v/t51.2885-19/524712091_18012069269758762_7679037243565646995_n.jpg?stp=dst-jpg_s150x150_tt6&efg=eyJ2ZW5jb2RlX3RhZyI6InByb2ZpbGVfcGljLmRqYW5nby43NTAuYzIifQ&_nc_ht=instagram.fpmw2-1.fna.fbcdn.net&_nc_cat=110&_nc_oc=Q6cZ2QEdh-oMeUJpE7RVuzsA2w1josRg2jgZdqn0ik_fSDtVO3hKVw7M0FWQynuzggHJnMb12IkBKNL2TPtXRZyCuiJw&_nc_ohc=rKq-NAl65LQQ7kNvwFK3LSz&_nc_gid=VVnpPeuttKKh5hfXH3aY5w&edm=APQMUHMBAAAA&ccb=7-5&oh=00_AfT37yVWtzWEwxUpCpsVMwXJRdHEmknMMOFzWs_enbDMvw&oe=68926198&_nc_sid=6ff7c8,Seguir,rayssaxyz__ Rayssa De Oliveira Herculano 3 posts 3 803 803 1.891 1.891 . lugares.,,,0,,False,Pública,0,,,False,0,0,0
abellaiafera,,False,https://instagram.fpmw2-1.fna.fbcdn.net/v/t51.2885-19/518591630_17881113705345056_3780617038552633340_n.jpg?stp=dst-jpg_s150x150_tt6&efg=eyJ2ZW5jb2RlX3RhZyI6InByb2ZpbGVfcGljLmRqYW5nby43NTAuYzIifQ&_nc_ht=instagram.fpmw2-1.fna.fbcdn.net&_nc_cat=108&_nc_oc=Q6cZ2QEdh-oMeUJpE7RVuzsA2w1josRg2jgZdqn0ik_fSDtVO3hKVw7M0FWQynuzggHJnMb12IkBKNL2TPtXRZyCuiJw&_nc_ohc=9YqdSuC_TsMQ7kNvwGAvaCU&_nc_gid=VVnpPeuttKKh5hfXH3aY5w&edm=APQMUHMBAAAA&ccb=7-5&oh=00_AfRkcDZJDmh4ZxxtULFeLOPy0Q8qKRzVNzUXnm9-rJsRSw&oe=6892796D&_nc_sid=6ff7c8,Seguir,,0,0,0,,False,Erro de carregamento,0,,,False,0,0,0
sabrinamariasoares,,False,https://instagram.fpmw2-1.fna.fbcdn.net/v/t51.2885-19/474981789_3036507066496799_1056143312593158062_n.jpg?stp=dst-jpg_s150x150_tt6&efg=eyJ2ZW5jb2RlX3RhZyI6InByb2ZpbGVfcGljLmRqYW5nby4xMDYzLmMyIn0&_nc_ht=instagram.fpmw2-1.fna.fbcdn.net&_nc_cat=111&_nc_oc=Q6cZ2QEdh-oMeUJpE7RVuzsA2w1josRg2jgZdqn0ik_fSDtVO3hKVw7M0FWQynuzggHJnMb12IkBKNL2TPtXRZyCuiJw&_nc_ohc=cc3SVZDPN40Q7kNvwFbw7-j&_nc_gid=VVnpPeuttKKh5hfXH3aY5w&edm=APQMUHMBAAAA&ccb=7-5&oh=00_AfRamX6v-5I-Pb7T2xNyn7kIg8k2BcJbMilk_-Hxr5m5-Q&oe=68926D40&_nc_sid=6ff7c8,Seguir,sabrinamariasoares Sabrina Soares 0 posts 0 261 261 624 624,0,0,0,https://www.threads.com/@sabrinamariasoares?xmt=AQF0g3awQP_pd3SnyNFXE98mSOIMuNPSc3_GaujO0ql98P8,False,Pública,0,,,False,0,0,0
grasyeleaparecida,,False,https://instagram.fpmw2-1.fna.fbcdn.net/v/t51.2885-19/517335101_17853376017472690_4222547788648394693_n.jpg?stp=dst-jpg_s150x150_tt6&efg=eyJ2ZW5jb2RlX3RhZyI6InByb2ZpbGVfcGljLmRqYW5nby4xMDgwLmMyIn0&_nc_ht=instagram.fpmw2-1.fna.fbcdn.net&_nc_cat=110&_nc_oc=Q6cZ2QEdh-oMeUJpE7RVuzsA2w1josRg2jgZdqn0ik_fSDtVO3hKVw7M0FWQynuzggHJnMb12IkBKNL2TPtXRZyCuiJw&_nc_ohc=cfbYJ9lo-BUQ7kNvwHKJs_y&_nc_gid=VVnpPeuttKKh5hfXH3aY5w&edm=APQMUHMBAAAA&ccb=7-5&oh=00_AfR1jJOhV3nojH5oOwToa5voTaXZH-zWQzKuA-6jdEiuaQ&oe=68928E7B&_nc_sid=6ff7c8,Seguir,,0,0,0,,False,Erro de carregamento,0,,,False,0,0,0
jordana_agro,,False,https://instagram.fpmw2-1.fna.fbcdn.net/v/t51.2885-19/457244852_1034146101354418_2342376352412994880_n.jpg?stp=dst-jpg_s150x150_tt6&efg=eyJ2ZW5jb2RlX3RhZyI6InByb2ZpbGVfcGljLmRqYW5nby4xMDgwLmMyIn0&_nc_ht=instagram.fpmw2-1.fna.fbcdn.net&_nc_cat=110&_nc_oc=Q6cZ2QEdh-oMeUJpE7RVuzsA2w1josRg2jgZdqn0ik_fSDtVO3hKVw7M0FWQynuzggHJnMb12IkBKNL2TPtXRZyCuiJw&_nc_ohc=D6fkJ90CEfkQ7kNvwHEudyG&_nc_gid=VVnpPeuttKKh5hfXH3aY5w&edm=APQMUHMBAAAA&ccb=7-5&oh=00_AfQlmjBW8PW5Y4vh4zXG09y5X0nE-NMhWUIfrqSv2fEOZw&oe=68925F8A&_nc_sid=6ff7c8,Seguir,,0,0,0,,False,Erro de carregamento,0,,,False,0,0,0
duartemanoela2024,,False,https://instagram.fpmw2-1.fna.fbcdn.net/v/t51.2885-19/434128245_772368501520721_7816853313718517349_n.jpg?stp=dst-jpg_s150x150_tt6&efg=eyJ2ZW5jb2RlX3RhZyI6InByb2ZpbGVfcGljLmRqYW5nby4xMDgwLmMyIn0&_nc_ht=instagram.fpmw2-1.fna.fbcdn.net&_nc_cat=105&_nc_oc=Q6cZ2QEdh-oMeUJpE7RVuzsA2w1josRg2jgZdqn0ik_fSDtVO3hKVw7M0FWQynuzggHJnMb12IkBKNL2TPtXRZyCuiJw&_nc_ohc=nVYlygocEEoQ7kNvwEwL6RR&_nc_gid=VVnpPeuttKKh5hfXH3aY5w&edm=APQMUHMBAAAA&ccb=7-5&oh=00_AfTZimr8_mJ12NP0TG86yRS_Us3CNEmxbHA4ifshXJ_tuw&oe=68928EBF&_nc_sid=6ff7c8,Seguir,duartemanoela2024 Maria Manoela 11 posts 11 208 208 7.442 7.442 Aquariana♒️ Patos❤️ Deus é fiel🙏🏻,0,0,0,https://www.threads.com/@duartemanoela2024?xmt=AQF0_tPj049CCCG8MqXkmmaQ5TmBvZKzRbSLsL0SM7jkv0U,False,Pública,0,,,False,0,0,0
noemywzz_,,False,https://instagram.fpmw2-1.fna.fbcdn.net/v/t51.2885-19/496962165_17946726350974413_6843996247315671676_n.jpg?stp=dst-jpg_s150x150_tt6&efg=eyJ2ZW5jb2RlX3RhZyI6InByb2ZpbGVfcGljLmRqYW5nby4xMDgwLmMyIn0&_nc_ht=instagram.fpmw2-1.fna.fbcdn.net&_nc_cat=109&_nc_oc=Q6cZ2QEdh-oMeUJpE7RVuzsA2w1josRg2jgZdqn0ik_fSDtVO3hKVw7M0FWQynuzggHJnMb12IkBKNL2TPtXRZyCuiJw&_nc_ohc=rzyjZKpIX70Q7kNvwHXafx8&_nc_gid=VVnpPeuttKKh5hfXH3aY5w&edm=APQMUHMBAAAA&ccb=7-5&oh=00_AfSPuKkmMWPX7QkVCFY3kK_XPs2jeEwznT8PURrplu8cww&oe=6892799D&_nc_sid=6ff7c8,Seguir,noemywzz_ 🥀 3 posts 3 237 237 497 497 💍❤️,0,0,0,https://www.threads.com/@noemywzz_?xmt=AQF04UfIsZmzNXmHq_vAzc3oLpfKUiMIqbHVhOsRjtbdqQw,False,Pública,0,,,False,0,0,0
yasmim_izabelly0482,,False,https://instagram.fpmw2-1.fna.fbcdn.net/v/t51.2885-19/523240878_17880461436359090_3421900089880771934_n.jpg?stp=dst-jpg_s150x150_tt6&efg=eyJ2ZW5jb2RlX3RhZyI6InByb2ZpbGVfcGljLmRqYW5nby4xMDc4LmMyIn0&_nc_ht=instagram.fpmw2-1.fna.fbcdn.net&_nc_cat=102&_nc_oc=Q6cZ2QEdh-oMeUJpE7RVuzsA2w1josRg2jgZdqn0ik_fSDtVO3hKVw7M0FWQynuzggHJnMb12IkBKNL2TPtXRZyCuiJw&_nc_ohc=Vb-c9Z8MzvoQ7kNvwH-nC4J&_nc_gid=VVnpPeuttKKh5hfXH3aY5w&edm=APQMUHMBAAAA&ccb=7-5&oh=00_AfSNkwTIL9evjmA47EsTZ2-Vd4jDkXHky-dsuhaDVv0thw&oe=68926C19&_nc_sid=6ff7c8,Seguir,yasmim_izabelly0482 Belly_.01 0 posts 0 256 256 1.849 1.849 ... mais mais,0,0,0,https://www.threads.com/@yasmim_izabelly0482?xmt=AQF08kEK02lhOiJ1hEyfWIbootIF7o5RaZ4bgexVOHEQ6a0,False,Pública,0,,,False,0,0,0
ea_branquinha_014,,False,https://instagram.fpmw2-1.fna.fbcdn.net/v/t51.2885-19/524460718_17873588022394250_650970770450882759_n.jpg?stp=dst-jpg_s150x150_tt6&efg=eyJ2ZW5jb2RlX3RhZyI6InByb2ZpbGVfcGljLmRqYW5nby4xMDgwLmMyIn0&_nc_ht=instagram.fpmw2-1.fna.fbcdn.net&_nc_cat=102&_nc_oc=Q6cZ2QEdh-oMeUJpE7RVuzsA2w1josRg2jgZdqn0ik_fSDtVO3hKVw7M0FWQynuzggHJnMb12IkBKNL2TPtXRZyCuiJw&_nc_ohc=hTfNvKQDaXYQ7kNvwGVWMt2&_nc_gid=VVnpPeuttKKh5hfXH3aY5w&edm=APQMUHMBAAAA&ccb=7-5&oh=00_AfTcvkqqcOq_mbvild0a-INtGedA6M_sGnnZZLsjElGs2Q&oe=6892778C&_nc_sid=6ff7c8,Seguir,,0,0,0,,False,Erro de carregamento,0,,,False,0,0,0
dandara.mendess,,False,https://instagram.fpmw2-1.fna.fbcdn.net/v/t51.2885-19/511565717_18064116374515343_2036059986038250961_n.jpg?stp=dst-jpg_s150x150_tt6&efg=eyJ2ZW5jb2RlX3RhZyI6InByb2ZpbGVfcGljLmRqYW5nby4xMDgwLmMyIn0&_nc_ht=instagram.fpmw2-1.fna.fbcdn.net&_nc_cat=111&_nc_oc=Q6cZ2QEdh-oMeUJpE7RVuzsA2w1josRg2jgZdqn0ik_fSDtVO3hKVw7M0FWQynuzggHJnMb12IkBKNL2TPtXRZyCuiJw&_nc_ohc=aBtk6rvvTfUQ7kNvwHlxlFS&_nc_gid=VVnpPeuttKKh5hfXH3aY5w&edm=APQMUHMBAAAA&ccb=7-5&oh=00_AfQIqY7j0ZQfHETEjtfsSBe-1lKx_J1j-h_zSqMk209_Ww&oe=68928D49&_nc_sid=6ff7c8,Seguir,dandara.mendess Dandara Azevedo Mendes 1 post 1 2.254 2.254 353 353,0,0,0,,False,Pública,0,,,False,0,0,0
elianevieira9937,,False,https://instagram.fpmw2-1.fna.fbcdn.net/v/t51.2885-19/505410562_17846694207497951_5908195307687498826_n.jpg?stp=dst-jpg_s150x150_tt6&efg=eyJ2ZW5jb2RlX3RhZyI6InByb2ZpbGVfcGljLmRqYW5nby4zMjAuYzIifQ&_nc_ht=instagram.fpmw2-1.fna.fbcdn.net&_nc_cat=111&_nc_oc=Q6cZ2QEdh-oMeUJpE7RVuzsA2w1josRg2jgZdqn0ik_fSDtVO3hKVw7M0FWQynuzggHJnMb12IkBKNL2TPtXRZyCuiJw&_nc_ohc=D_1S7JzTCbkQ7kNvwFwBn8w&_nc_gid=VVnpPeuttKKh5hfXH3aY5w&edm=APQMUHMBAAAA&ccb=7-5&oh=00_AfTprCd67Gia5dgjSNTpISVJB9vfZ6MTy0IcRrILEY_acA&oe=68926EC0&_nc_sid=6ff7c8,Seguir,elianevieira9937 Eliane Vieira da Costa 24 posts 24 404 404 1.817 1.817 acadêmica de pedagogia mamãe do príncipe Dominik 💙 cristã ⛪📖,0,0,0,https://www.threads.com/@elianevieira9937?xmt=AQF01g9KV12AaJR1JfeGPARlFckA9nP7BB3rx5AYrFkJUMM,False,Pública,0,,,False,0,0,0
borgesbonfimangella,,False,https://instagram.fpmw2-1.fna.fbcdn.net/v/t51.2885-19/500305241_17868077574381350_1083293108833407312_n.jpg?stp=dst-jpg_s150x150_tt6&efg=eyJ2ZW5jb2RlX3RhZyI6InByb2ZpbGVfcGljLmRqYW5nby4xMDgwLmMyIn0&_nc_ht=instagram.fpmw2-1.fna.fbcdn.net&_nc_cat=102&_nc_oc=Q6cZ2QEdh-oMeUJpE7RVuzsA2w1josRg2jgZdqn0ik_fSDtVO3hKVw7M0FWQynuzggHJnMb12IkBKNL2TPtXRZyCuiJw&_nc_ohc=Dm3Toz912w4Q7kNvwFkZgbD&_nc_gid=VVnpPeuttKKh5hfXH3aY5w&edm=APQMUHMBAAAA&ccb=7-5&oh=00_AfS11QP2fIBc21V2u9Vl_UdWM_d8gy1CnolSwegIGOdh5w&oe=689265EA&_nc_sid=6ff7c8,Seguir,borgesbonfimangella Angella BorgesBonfim 2 posts 2 251 251 2.257 2.257 Criador de reels meu eterno anjo gustavo💫 minha eterna mãezinha💫,0,0,0,https://www.threads.com/@borgesbonfimangella?xmt=AQF0QffI11YeuNv1dBT0mx5-IAtrkPlfuwf_1mU-Vz-778U,False,Pública,0,,,False,0,0,0
_.lalmeida,,False,https://instagram.fpmw2-1.fna.fbcdn.net/v/t51.2885-19/503107986_18054270674581329_1091404689230310947_n.jpg?stp=dst-jpg_s150x150_tt6&efg=eyJ2ZW5jb2RlX3RhZyI6InByb2ZpbGVfcGljLmRqYW5nby4xMDgwLmMyIn0&_nc_ht=instagram.fpmw2-1.fna.fbcdn.net&_nc_cat=109&_nc_oc=Q6cZ2QFqbivedUTLiK5GMtaAql82JKuzBJXAiackoevgNuHhWX969v5jXcOGSzqAgCApno0fBhzsmgrLLU6hnzpVgi7d&_nc_ohc=HofOZTi_p1sQ7kNvwFJdCKl&_nc_gid=zBGKDbSawrrw0NIMFC_5pw&edm=APQMUHMBAAAA&ccb=7-5&oh=00_AfSjYOi6KbZJM5zzFrpcVGGOT9c7TITRSRw8PjpjpLVIMQ&oe=68926981&_nc_sid=6ff7c8,Seguir,_.lalmeida Laris ✨ 22 posts 22 431 431 1.905 1.905 Meu mundo particular ✨🪐 🦋♑♒,0,0,0,https://www.threads.com/@_.lalmeida?xmt=AQF0cZCFei2fBD1SSafdCY_H6zVfFit2w1SyVWtOHl-YOYw,False,Pública,0,,,False,0,0,0
arianimartinss,,False,https://instagram.fpmw2-1.fna.fbcdn.net/v/t51.2885-19/462808761_3471804329786521_5019560843054328802_n.jpg?stp=dst-jpg_s150x150_tt6&efg=eyJ2ZW5jb2RlX3RhZyI6InByb2ZpbGVfcGljLmRqYW5nby4xMDgwLmMyIn0&_nc_ht=instagram.fpmw2-1.fna.fbcdn.net&_nc_cat=101&_nc_oc=Q6cZ2QFqbivedUTLiK5GMtaAql82JKuzBJXAiackoevgNuHhWX969v5jXcOGSzqAgCApno0fBhzsmgrLLU6hnzpVgi7d&_nc_ohc=p4-0RcSoIsYQ7kNvwHtynft&_nc_gid=zBGKDbSawrrw0NIMFC_5pw&edm=APQMUHMBAAAA&ccb=7-5&oh=00_AfQwDfp2EX_6BrlQJmyyOg5Ew5hJTSRjEg49HR04-H-zQw&oe=68927536&_nc_sid=6ff7c8,Seguir,"arianimartinss Ariani Martins 6 posts 6 5.115 5.115 3.558 3.558 Blog pessoal Direito ⚖️. Tudo vem a mim com facilidade, fé e glória.✨ ... mais Blog pessoal Direito ⚖️. Tudo vem a mim com facilidade, fé e glória.✨ ... mais Direito ⚖️. Tudo vem a mim com facilidade, fé e glória.✨ ... mais mais Livros📚 🌾👩‍🌾 ✨ 💪 ⚖️ 📚 🤓",,,,,False,Pública,0,,,False,0,0,0
moniquerochalima,,False,https://instagram.fpmw2-1.fna.fbcdn.net/v/t51.2885-19/520790972_17863455576430785_5538256764539816795_n.jpg?stp=dst-jpg_s150x150_tt6&efg=eyJ2ZW5jb2RlX3RhZyI6InByb2ZpbGVfcGljLmRqYW5nby4xMDgwLmMyIn0&_nc_ht=instagram.fpmw2-1.fna.fbcdn.net&_nc_cat=109&_nc_oc=Q6cZ2QFqbivedUTLiK5GMtaAql82JKuzBJXAiackoevgNuHhWX969v5jXcOGSzqAgCApno0fBhzsmgrLLU6hnzpVgi7d&_nc_ohc=jsYGNkK9a9UQ7kNvwH-GpbG&_nc_gid=zBGKDbSawrrw0NIMFC_5pw&edm=APQMUHMBAAAA&ccb=7-5&oh=00_AfR_mVvIkcFvfsxdkUpoNf76g6EZNfCx9c9NOAa9gRGpuA&oe=68926266&_nc_sid=6ff7c8,Seguir,moniquerochalima M.🤍 0 posts 0 437 437 1.123 1.123,0,0,0,https://www.threads.com/@moniquerochalima?xmt=AQF09pvDwInclp6I3a0hLE4gL5UGYV_A0nvI7k0kJQ7Lsjg,False,Pública,0,,,False,0,0,0
geussileneveloso,,False,https://instagram.fpmw2-1.fna.fbcdn.net/v/t51.2885-19/504532015_18068409098020821_5258736760740940717_n.jpg?stp=dst-jpg_s150x150_tt6&efg=eyJ2ZW5jb2RlX3RhZyI6InByb2ZpbGVfcGljLmRqYW5nby4xMDgwLmMyIn0&_nc_ht=instagram.fpmw2-1.fna.fbcdn.net&_nc_cat=109&_nc_oc=Q6cZ2QFqbivedUTLiK5GMtaAql82JKuzBJXAiackoevgNuHhWX969v5jXcOGSzqAgCApno0fBhzsmgrLLU6hnzpVgi7d&_nc_ohc=6PO26rDIiTUQ7kNvwEb0NXu&_nc_gid=zBGKDbSawrrw0NIMFC_5pw&edm=APQMUHMBAAAA&ccb=7-5&oh=00_AfQxDQxNdkSXqhE7TpmZlzqIL7FKo5CJrr6s66W9qN9tKA&oe=68928912&_nc_sid=6ff7c8,Seguir,geussileneveloso Geussilene Veloso 6 posts 6 1.347 1.347 2.531 2.531 ♡♡,0,0,0,,False,Pública,0,,,False,0,0,0
gianna.fell,,False,https://instagram.fpmw2-1.fna.fbcdn.net/v/t51.2885-19/491425440_1217844046594197_2710454846756803492_n.jpg?stp=dst-jpg_s150x150_tt6&efg=eyJ2ZW5jb2RlX3RhZyI6InByb2ZpbGVfcGljLmRqYW5nby4xMDgwLmMyIn0&_nc_ht=instagram.fpmw2-1.fna.fbcdn.net&_nc_cat=109&_nc_oc=Q6cZ2QFqbivedUTLiK5GMtaAql82JKuzBJXAiackoevgNuHhWX969v5jXcOGSzqAgCApno0fBhzsmgrLLU6hnzpVgi7d&_nc_ohc=oUJvnPTj6f8Q7kNvwGW5W2y&_nc_gid=zBGKDbSawrrw0NIMFC_5pw&edm=APQMUHMBAAAA&ccb=7-5&oh=00_AfT0ZMuf0QdB2aj6DKGd8798rWXrXjfeDhuWzZrMHwkfaQ&oe=689268F5&_nc_sid=6ff7c8,Seguir,gianna.fell GIANNA FELL 10 posts 10 1.005 1.005 176 176,,,,,False,Pública,0,,,False,0,0,0
calytasousa,,False,https://instagram.fpmw2-1.fna.fbcdn.net/v/t51.2885-19/455108053_368690199611485_6356999327537196890_n.jpg?stp=dst-jpg_s150x150_tt6&efg=eyJ2ZW5jb2RlX3RhZyI6InByb2ZpbGVfcGljLmRqYW5nby4xMDgwLmMyIn0&_nc_ht=instagram.fpmw2-1.fna.fbcdn.net&_nc_cat=101&_nc_oc=Q6cZ2QFqbivedUTLiK5GMtaAql82JKuzBJXAiackoevgNuHhWX969v5jXcOGSzqAgCApno0fBhzsmgrLLU6hnzpVgi7d&_nc_ohc=-M7pXBnNmrMQ7kNvwG-By51&_nc_gid=zBGKDbSawrrw0NIMFC_5pw&edm=APQMUHMBAAAA&ccb=7-5&oh=00_AfRVoL9VP7eP-jkwa_ebXIpQbi7XGPbEtGQXxj1mwzTApQ&oe=68927FC6&_nc_sid=6ff7c8,Seguir,calytasousa Calyta Sousa Santos 27 posts 27 649 649 2.160 2.160 ❤ Mamãe do Arthur e Do Álvaro ❤ Arthur 💙 Arthur e Alvaro Destaques,,,,https://www.threads.com/@calytasousa?xmt=AQF0Skv5dLYwN6UIVQIGjPlQVOgABktc1J3BcZ9SJ9nIszQ,False,Pública,0,,,False,0,0,0
cristine_weffort,,False,https://instagram.fpmw2-1.fna.fbcdn.net/v/t51.2885-19/306631588_790013555575037_4653851246376720697_n.jpg?stp=dst-jpg_s150x150_tt6&efg=eyJ2ZW5jb2RlX3RhZyI6InByb2ZpbGVfcGljLmRqYW5nby4xMDgwLmMyIn0&_nc_ht=instagram.fpmw2-1.fna.fbcdn.net&_nc_cat=105&_nc_oc=Q6cZ2QFqbivedUTLiK5GMtaAql82JKuzBJXAiackoevgNuHhWX969v5jXcOGSzqAgCApno0fBhzsmgrLLU6hnzpVgi7d&_nc_ohc=_c73qBGF3S8Q7kNvwF-Cy3Z&_nc_gid=zBGKDbSawrrw0NIMFC_5pw&edm=APQMUHMBAAAA&ccb=7-5&oh=00_AfRBvsU93XKDsUmvaEYSknugoEHM0c2f_cRpyodGn8H1TA&oe=68928BB4&_nc_sid=6ff7c8,Seguir,cristine_weffort Cristine Chiarello Weffort 33 posts 33 693 693 1.894 1.894 As 24 viradas!,0,0,0,https://www.threads.com/@cristine_weffort?xmt=AQF0c4qcDFb5kYoZHDbroqAh10RIVjEQDwtuW3x9RNxXChc,False,Pública,0,,,False,0,0,0
jo.sy575,,False,https://instagram.fpmw2-1.fna.fbcdn.net/v/t51.2885-19/503101826_18275052913286468_7452714968528623255_n.jpg?stp=dst-jpg_s150x150_tt6&efg=eyJ2ZW5jb2RlX3RhZyI6InByb2ZpbGVfcGljLmRqYW5nby4xMDgwLmMyIn0&_nc_ht=instagram.fpmw2-1.fna.fbcdn.net&_nc_cat=108&_nc_oc=Q6cZ2QFqbivedUTLiK5GMtaAql82JKuzBJXAiackoevgNuHhWX969v5jXcOGSzqAgCApno0fBhzsmgrLLU6hnzpVgi7d&_nc_ohc=S597M9U0c1wQ7kNvwHAFeY5&_nc_gid=zBGKDbSawrrw0NIMFC_5pw&edm=APQMUHMBAAAA&ccb=7-5&oh=00_AfTijvoerWz5N6Y6nqOJgpV3oCnFqOBnJIMoME4lCzTZIA&oe=6892866D&_nc_sid=6ff7c8,Seguir,jo.sy575 Josenilda Cardoso 112 posts 112 1.922 1.922 5.089 5.089 Produto/serviço Tecnóloga em direito Notarial e Registral . Especialista em Direito Notarial e Registral. Bacharel em Direito... mais Tecnóloga em direito Notarial e Registral . Especialista em Direito Notarial e Registral. Bacharel em Direito ... mais mais Destaques,,,,https://www.facebook.com/profile.php?id=100035013979633&ref=_ig_profile_ac,False,Pública,0,,,False,0,0,0
sarita9352023,,False,https://instagram.fpmw2-1.fna.fbcdn.net/v/t51.2885-19/521529038_17924490279070123_189630605442973716_n.jpg?stp=dst-jpg_s150x150_tt6&efg=eyJ2ZW5jb2RlX3RhZyI6InByb2ZpbGVfcGljLmRqYW5nby4xMDgwLmMyIn0&_nc_ht=instagram.fpmw2-1.fna.fbcdn.net&_nc_cat=107&_nc_oc=Q6cZ2QFqbivedUTLiK5GMtaAql82JKuzBJXAiackoevgNuHhWX969v5jXcOGSzqAgCApno0fBhzsmgrLLU6hnzpVgi7d&_nc_ohc=3Ej3RE7TzJYQ7kNvwEffkqb&_nc_gid=zBGKDbSawrrw0NIMFC_5pw&edm=APQMUHMBAAAA&ccb=7-5&oh=00_AfRDcdqY-VJRXFIbp3cSiZohhE2XCWoOX5lQN3et1fM-Pg&oe=6892638F&_nc_sid=6ff7c8,Seguir,sarita9352023 Sara Braga 0 posts 0 1.889 1.889 7.389 7.389 27 anos 🥳💖 Mãe da Olivia Vitória ❤️ Caxias Maranhão,0,0,0,,False,Pública,0,,,False,0,0,0
shay_e_familia,,False,https://instagram.fpmw2-1.fna.fbcdn.net/v/t51.2885-19/491445193_17956525463932542_8288547126811604380_n.jpg?stp=dst-jpg_s150x150_tt6&efg=eyJ2ZW5jb2RlX3RhZyI6InByb2ZpbGVfcGljLmRqYW5nby42OTAuYzIifQ&_nc_ht=instagram.fpmw2-1.fna.fbcdn.net&_nc_cat=106&_nc_oc=Q6cZ2QFqbivedUTLiK5GMtaAql82JKuzBJXAiackoevgNuHhWX969v5jXcOGSzqAgCApno0fBhzsmgrLLU6hnzpVgi7d&_nc_ohc=lUM7RhaX7uoQ7kNvwFzdSci&_nc_gid=zBGKDbSawrrw0NIMFC_5pw&edm=APQMUHMBAAAA&ccb=7-5&oh=00_AfRq4a43dqOs7JkN4EjT1PlKirHh4FQdPxjlkW0Mi1iSsw&oe=689272F6&_nc_sid=6ff7c8,Seguir,shay_e_familia Família 79 posts 79 318 318 1.425 1.425 Eternizando nossos momentos em familia ❤️,0,0,0,,False,Pública,0,,,False,0,0,0
sotam.perfil,,False,https://instagram.fpmw2-1.fna.fbcdn.net/v/t51.2885-19/520480215_18288916426271296_8877579668859912840_n.jpg?stp=dst-jpg_s150x150_tt6&efg=eyJ2ZW5jb2RlX3RhZyI6InByb2ZpbGVfcGljLmRqYW5nby43NTAuYzIifQ&_nc_ht=instagram.fpmw2-1.fna.fbcdn.net&_nc_cat=104&_nc_oc=Q6cZ2QFqbivedUTLiK5GMtaAql82JKuzBJXAiackoevgNuHhWX969v5jXcOGSzqAgCApno0fBhzsmgrLLU6hnzpVgi7d&_nc_ohc=OrRfz-MgKQQQ7kNvwEfW2ZY&_nc_gid=zBGKDbSawrrw0NIMFC_5pw&edm=APQMUHMBAAAA&ccb=7-5&oh=00_AfRAnvMkEw-CxCsevkTTY2S1TM7Sa1O7JiLEteN8dmbN2g&oe=689275B0&_nc_sid=6ff7c8,Seguir,,0,0,0,,False,Erro de carregamento,0,,,False,0,0,0
taisagomes09,,False,https://instagram.fpmw2-1.fna.fbcdn.net/v/t51.2885-19/472736301_1663364954217846_174999095285725404_n.jpg?stp=dst-jpg_s150x150_tt6&efg=eyJ2ZW5jb2RlX3RhZyI6InByb2ZpbGVfcGljLmRqYW5nby4xMDgwLmMyIn0&_nc_ht=instagram.fpmw2-1.fna.fbcdn.net&_nc_cat=106&_nc_oc=Q6cZ2QGb78Vsg91O4BreQU7M9-m-PpQFYbBoAFLQMPaK2CtW0l_jhqN-PRA_AdWfIDPLnlpGJRS7Nhq1pGzcEePyDN07&_nc_ohc=SmSOnxJaOngQ7kNvwFlZYRs&_nc_gid=EEfVI7KPO6oOTglgQnb2BA&edm=APQMUHMBAAAA&ccb=7-5&oh=00_AfTTOKlN-PjrjYgMftR-00LjW0D0k31vq52HrdQhdxs9iA&oe=689290B3&_nc_sid=6ff7c8,Seguir,taisagomes09 Taisa Gomes 21 posts 21 433 433 545 545 Deus se revela em cada detalhe.🌹 @jonasbayerl.agro ❤,0,0,0,https://www.threads.com/@taisagomes09?xmt=AQF0kq-y53zc8wDBPI9aFztgxyN0GE3MhHTJ_Uer3YJcAEI,False,Pública,0,,,False,0,0,0
elainesantanaa_,,False,https://instagram.fpmw2-1.fna.fbcdn.net/v/t51.2885-19/471793232_380523438451955_1752751909516024365_n.jpg?stp=dst-jpg_s150x150_tt6&efg=eyJ2ZW5jb2RlX3RhZyI6InByb2ZpbGVfcGljLmRqYW5nby4xMDgwLmMyIn0&_nc_ht=instagram.fpmw2-1.fna.fbcdn.net&_nc_cat=111&_nc_oc=Q6cZ2QGb78Vsg91O4BreQU7M9-m-PpQFYbBoAFLQMPaK2CtW0l_jhqN-PRA_AdWfIDPLnlpGJRS7Nhq1pGzcEePyDN07&_nc_ohc=3BeCvLMnCiMQ7kNvwESr47i&_nc_gid=EEfVI7KPO6oOTglgQnb2BA&edm=APQMUHMBAAAA&ccb=7-5&oh=00_AfTVi50PhmqmOFNmVSVnMbLh6zAEz5_opwgvyia0baqEPw&oe=68927F2E&_nc_sid=6ff7c8,Seguir,17 posts 17 273 273 3.173 3.173 elainesantanaa_,0,0,0,https://www.threads.com/@elainesantanaa_?xmt=AQF0fCmP37V9rlKsiQJu3gRr-S1AQ3y9HWDgf9iJ7KKfk0Y,False,Pública,0,,,False,0,0,0
nata.siqueira.79,,False,https://instagram.fpmw2-1.fna.fbcdn.net/v/t51.2885-19/515264685_18272281411262883_6031916033437730528_n.jpg?stp=dst-jpg_s150x150_tt6&efg=eyJ2ZW5jb2RlX3RhZyI6InByb2ZpbGVfcGljLmRqYW5nby4xMDgwLmMyIn0&_nc_ht=instagram.fpmw2-1.fna.fbcdn.net&_nc_cat=103&_nc_oc=Q6cZ2QGb78Vsg91O4BreQU7M9-m-PpQFYbBoAFLQMPaK2CtW0l_jhqN-PRA_AdWfIDPLnlpGJRS7Nhq1pGzcEePyDN07&_nc_ohc=pZbvDArL3TgQ7kNvwGAvAt1&_nc_gid=EEfVI7KPO6oOTglgQnb2BA&edm=APQMUHMBAAAA&ccb=7-5&oh=00_AfRfmvdk3PF6g5VC7yQMeTyUGV9felP2srDlLEOAcpPI5g&oe=68926A44&_nc_sid=6ff7c8,Seguir,"nata.siqueira.79 Natã Siqueira 45 posts 45 216 216 601 601 Cristo vive em mim✝️🙌🛐💪 Biólogo/Prof. 🌿🌎🐼🐥🐝🦠 Esporte e natureza é de Deus🌄🌊🏊🚵🤸⚽ Amigos, família, e sabedoria... mais Cristo vive em mim✝️🙌🛐💪 Biólogo/Prof. 🌿🌎🐼🐥🐝🦠 Esporte e natureza é de Deus🌄🌊🏊🚵🤸⚽ Amigos, família, e sabedoria ... mais mais",0,0,0,,False,Pública,0,,,False,0,0,0
angelicat1239x,,False,https://instagram.fpmw2-1.fna.fbcdn.net/v/t51.2885-19/485929775_651575567522732_5985510595801402587_n.jpg?stp=dst-jpg_s150x150_tt6&efg=eyJ2ZW5jb2RlX3RhZyI6InByb2ZpbGVfcGljLmRqYW5nby4xMDgwLmMyIn0&_nc_ht=instagram.fpmw2-1.fna.fbcdn.net&_nc_cat=108&_nc_oc=Q6cZ2QGb78Vsg91O4BreQU7M9-m-PpQFYbBoAFLQMPaK2CtW0l_jhqN-PRA_AdWfIDPLnlpGJRS7Nhq1pGzcEePyDN07&_nc_ohc=BhRpQnZrGLcQ7kNvwFIZwtu&_nc_gid=EEfVI7KPO6oOTglgQnb2BA&edm=APQMUHMBAAAA&ccb=7-5&oh=00_AfSICVJxA7aFMNIFyOWDQG6UbeO4G_NoHNI576MQWT5fWw&oe=68927887&_nc_sid=6ff7c8,Seguir,"angelicat1239x Angelicat Ftf 152 posts 152 10,2 mil 10,2 mil 4.966 4.966 Criador(a) de conteúdo digital ⏬SOMENTE ESSE PERFIL É OFICIAL⏬ NAO SOMOS MAIS LOJINHA DE FLEE PERFIL SOCIAL DE ANGELICAT1239X youtube.com/@Angelicat1239?si=oiCnubb-DZwCvWkt EU MESMA!",0,0,0,https://www.threads.com/@angelicat1239x?xmt=AQF021rg5weS3VadQ7fwbrNTprA2iPzgguteg__hf5RRYVA,False,Pública,0,,,False,0,0,0
desousasilvataisa,,False,https://instagram.fpmw2-1.fna.fbcdn.net/v/t51.2885-19/472655079_988625633119468_7802572164117684148_n.jpg?stp=dst-jpg_s150x150_tt6&efg=eyJ2ZW5jb2RlX3RhZyI6InByb2ZpbGVfcGljLmRqYW5nby4xMDgwLmMyIn0&_nc_ht=instagram.fpmw2-1.fna.fbcdn.net&_nc_cat=104&_nc_oc=Q6cZ2QGb78Vsg91O4BreQU7M9-m-PpQFYbBoAFLQMPaK2CtW0l_jhqN-PRA_AdWfIDPLnlpGJRS7Nhq1pGzcEePyDN07&_nc_ohc=Vbi-WA9WbBMQ7kNvwG1D0FJ&_nc_gid=EEfVI7KPO6oOTglgQnb2BA&edm=APQMUHMBAAAA&ccb=7-5&oh=00_AfQ-W5aRyo6EcTH44R9vfIipvycZFPqVB8lrbO6UQCWLnQ&oe=6892883C&_nc_sid=6ff7c8,Seguir,desousasilvataisa Sabores da Vida 69 posts 69 206 206 2.339 2.339,0,0,0,https://www.threads.com/@desousasilvataisa?xmt=AQF030T3-LAiCvG_XQDi3M1NiXmZMedKv-UrCQf0iBeZu8o,False,Pública,0,,,False,0,0,0
khaio28,,False,https://instagram.fpmw2-1.fna.fbcdn.net/v/t51.2885-19/471493320_451416027953564_327920931032267412_n.jpg?stp=dst-jpg_s150x150_tt6&efg=eyJ2ZW5jb2RlX3RhZyI6InByb2ZpbGVfcGljLmRqYW5nby4xMDIyLmMyIn0&_nc_ht=instagram.fpmw2-1.fna.fbcdn.net&_nc_cat=108&_nc_oc=Q6cZ2QEGZ1o4gwDJPIYMHY6rbVne1ROMAWb2BQIr9qHM78eztVLzXhtT72-EkVEPFiBcEReUl-snuzAYjlHJAxb7n4r8&_nc_ohc=KwH6WSw2HFYQ7kNvwGpBnRT&_nc_gid=Vdtxn9HgQquMBEzcwoPMmw&edm=APQMUHMBAAAA&ccb=7-5&oh=00_AfQX8NXlAfXfRFl86oED87CdxUyFhAWAdElkgqZxOzUfzw&oe=68927A71&_nc_sid=6ff7c8,Seguir,khaio28 Khaio Ferraz Pereira 37 posts 37 596 596 930 930 www.tiktok.com/@khaio_28?_t=8s1Jn9L4uUI&_r=1 NK Meu trabalho Amores❤ love me Khaio aleatório 🫱🏾‍🫲🏾 Letras minhas🧠 Natureza memóriagustativa 💭,0,0,0,https://www.threads.com/@khaio28?xmt=AQF0MKhYzyc61DabC2AAUOh7DDSybO_XWKS3UdmfqNMIpmY,False,Pública,0,,,False,0,0,0
wis_sandra,,False,https://instagram.fpmw2-1.fna.fbcdn.net/v/t51.2885-19/491467642_18390350500114048_7153364138116846672_n.jpg?stp=dst-jpg_s150x150_tt6&efg=eyJ2ZW5jb2RlX3RhZyI6InByb2ZpbGVfcGljLmRqYW5nby4xMDgwLmMyIn0&_nc_ht=instagram.fpmw2-1.fna.fbcdn.net&_nc_cat=104&_nc_oc=Q6cZ2QEGZ1o4gwDJPIYMHY6rbVne1ROMAWb2BQIr9qHM78eztVLzXhtT72-EkVEPFiBcEReUl-snuzAYjlHJAxb7n4r8&_nc_ohc=spsHN4qAqO8Q7kNvwEcpeaw&_nc_gid=Vdtxn9HgQquMBEzcwoPMmw&edm=APQMUHMBAAAA&ccb=7-5&oh=00_AfSHDYevLYS1or8q8N_fSQUz3H-SknnSsw0np4oXF8nBxQ&oe=68926FC0&_nc_sid=6ff7c8,Seguir,wis_sandra Wisllayne Sandra 116 posts 116 2.450 2.450 6.891 6.891 💒 Católica Apostólica Romana 🌾🐄🐎 @_blogalejandro_ 💙😇# 2026 🙏🏼 2025 ❤️‍🩹 Alejandro♡ 🐴❤️ ♡ 🐴💄 Destaques 🌾 👩🏾‍❤️‍💋‍👨🏽 😊 🍻 Alejandro💙 2024 🔥 🤳,2026,2025,,https://www.threads.com/@wis_sandra?xmt=AQF02MexqHJ0BNxyGyeSzTWyW6uoij8LCPnzszc7Ya8TcRc,False,Pública,0,,,False,0,0,0
jessicacavalierifernanda,,False,https://instagram.fpmw2-1.fna.fbcdn.net/v/t51.2885-19/475585733_1181814693285761_1331987007084490099_n.jpg?stp=dst-jpg_s150x150_tt6&efg=eyJ2ZW5jb2RlX3RhZyI6InByb2ZpbGVfcGljLmRqYW5nby43MjEuYzIifQ&_nc_ht=instagram.fpmw2-1.fna.fbcdn.net&_nc_cat=105&_nc_oc=Q6cZ2QGb78Vsg91O4BreQU7M9-m-PpQFYbBoAFLQMPaK2CtW0l_jhqN-PRA_AdWfIDPLnlpGJRS7Nhq1pGzcEePyDN07&_nc_ohc=y1scfTtYkBcQ7kNvwF75g9M&_nc_gid=EEfVI7KPO6oOTglgQnb2BA&edm=APQMUHMBAAAA&ccb=7-5&oh=00_AfSA-a_wxoFcTIwNMHnKR98LumVCPnqmcxEYN0nAb7DPRg&oe=68928BD5&_nc_sid=6ff7c8,Seguir,,0,0,0,,False,Erro de carregamento,0,,,False,0,0,0
_yasminee_abdul21,,False,https://instagram.fpmw2-1.fna.fbcdn.net/v/t51.2885-19/369626240_1571075096755871_6913555046373964637_n.jpg?stp=dst-jpg_s150x150_tt6&efg=eyJ2ZW5jb2RlX3RhZyI6InByb2ZpbGVfcGljLmRqYW5nby4xMDgwLmMyIn0&_nc_ht=instagram.fpmw2-1.fna.fbcdn.net&_nc_cat=111&_nc_oc=Q6cZ2QGb78Vsg91O4BreQU7M9-m-PpQFYbBoAFLQMPaK2CtW0l_jhqN-PRA_AdWfIDPLnlpGJRS7Nhq1pGzcEePyDN07&_nc_ohc=DTWjDgWI6mUQ7kNvwGcAE-8&_nc_gid=EEfVI7KPO6oOTglgQnb2BA&edm=APQMUHMBAAAA&ccb=7-5&oh=00_AfRx7Ok-Hih-MDfFgKcUC3qR9bm6_2rFulHs2irXNh6rLQ&oe=6892916C&_nc_sid=6ff7c8,Seguir,_yasminee_abdul21 _yasminee_Abdul21 5 posts 5 130 130 2.111 2.111 Não pretendo ser mais do que ninguém; minha luta é para descobrir o melhor de mim! ...❤️🎥,0,0,0,https://www.threads.com/@_yasminee_abdul21?xmt=AQF0MGxNgmiZ0iuZPqkoZ5XUViRlAZNrPk6HW_SjdlZ2db0,False,Pública,0,,,False,0,0,0
selma.o.azevedo,,False,https://instagram.fpmw2-1.fna.fbcdn.net/v/t51.2885-19/466408689_949803480537044_3554036125168222667_n.jpg?stp=dst-jpg_s150x150_tt6&efg=eyJ2ZW5jb2RlX3RhZyI6InByb2ZpbGVfcGljLmRqYW5nby40NzkuYzIifQ&_nc_ht=instagram.fpmw2-1.fna.fbcdn.net&_nc_cat=108&_nc_oc=Q6cZ2QGb78Vsg91O4BreQU7M9-m-PpQFYbBoAFLQMPaK2CtW0l_jhqN-PRA_AdWfIDPLnlpGJRS7Nhq1pGzcEePyDN07&_nc_ohc=EL9FuODVvQsQ7kNvwEzQq2M&_nc_gid=EEfVI7KPO6oOTglgQnb2BA&edm=APQMUHMBAAAA&ccb=7-5&oh=00_AfSwFw70hwbv-TlS_r33BtT3kt2o5vgKo4_DguGzcyBlbw&oe=68926D13&_nc_sid=6ff7c8,Seguir,selma.o.azevedo Selma De Fátima De Oliveira Azevedo 36 posts 36 181 181 446 446,0,0,0,https://www.threads.com/@selma.o.azevedo?xmt=AQF0OoP4A_XwbZdQ2NHqa1bb1IVvpKo2sxrFdqpwu7Pvdko,False,Pública,0,,,False,0,0,0
francaplussize,,False,https://instagram.fpmw2-1.fna.fbcdn.net/v/t51.2885-19/418421644_776852274253822_4035650160131190894_n.jpg?stp=dst-jpg_s150x150_tt6&efg=eyJ2ZW5jb2RlX3RhZyI6InByb2ZpbGVfcGljLmRqYW5nby43MjAuYzIifQ&_nc_ht=instagram.fpmw2-1.fna.fbcdn.net&_nc_cat=110&_nc_oc=Q6cZ2QEYQDUva9ufoGlF9KapaQssdjlPgQsPM-gnsnzvbM1LoT8lg316hmVK5rd-9LbqpJdzL8RKGP0jmmAhcIGLMqgG&_nc_ohc=bVxwfzICij8Q7kNvwGjo1b4&_nc_gid=rzLM0vLjs-rbUHB3sPCKBw&edm=APQMUHMBAAAA&ccb=7-5&oh=00_AfTi7wJ2d3psTKsMr03MBfM_cs-UghS06feU_bourOMa5g&oe=68926070&_nc_sid=6ff7c8,Seguir,francaplussize Deny França 49 posts 49 694 694 574 574 📍 Vitória da conquista/ BA,0,0,0,,False,Pública,0,,,False,0,0,0
fabiana_almeidaah,,False,https://instagram.fpmw2-1.fna.fbcdn.net/v/t51.2885-19/518170894_17963267015941241_8719019340967621177_n.jpg?stp=dst-jpg_s150x150_tt6&efg=eyJ2ZW5jb2RlX3RhZyI6InByb2ZpbGVfcGljLmRqYW5nby4xMDgwLmMyIn0&_nc_ht=instagram.fpmw2-1.fna.fbcdn.net&_nc_cat=105&_nc_oc=Q6cZ2QEGZ1o4gwDJPIYMHY6rbVne1ROMAWb2BQIr9qHM78eztVLzXhtT72-EkVEPFiBcEReUl-snuzAYjlHJAxb7n4r8&_nc_ohc=cm-sLVDKZQAQ7kNvwEvJJMJ&_nc_gid=Vdtxn9HgQquMBEzcwoPMmw&edm=APQMUHMBAAAA&ccb=7-5&oh=00_AfS0H8-OtaTG9xLr4XfbufosmEu7uUqk0YHaYN-4__BaPw&oe=68927B6E&_nc_sid=6ff7c8,Seguir,fabiana_almeidaah Fah_sant.s 50 posts 50 649 649 3.931 3.931 Criador(a) de conteúdo digital 🤌🏻 Amor❤️ 🙇🏼‍♀️ ❤️‍🩹 Trabalho 💨⛈️😶‍🌫️ …💍 Cunhada 🥰 Round 6,,0,0,,False,Pública,0,,,False,0,0,0
ellenreluzente,,False,https://instagram.fpmw2-1.fna.fbcdn.net/v/t51.2885-19/446264756_1742081692992450_7388358785392359180_n.jpg?stp=dst-jpg_s150x150_tt6&efg=eyJ2ZW5jb2RlX3RhZyI6InByb2ZpbGVfcGljLmRqYW5nby45MjIuYzIifQ&_nc_ht=instagram.fpmw2-1.fna.fbcdn.net&_nc_cat=106&_nc_oc=Q6cZ2QEGZ1o4gwDJPIYMHY6rbVne1ROMAWb2BQIr9qHM78eztVLzXhtT72-EkVEPFiBcEReUl-snuzAYjlHJAxb7n4r8&_nc_ohc=wCuGP8EnynwQ7kNvwExSYzE&_nc_gid=Vdtxn9HgQquMBEzcwoPMmw&edm=APQMUHMBAAAA&ccb=7-5&oh=00_AfSydjXh8-UikVJZi1C2R8-E9amw-lQUBM2ugYnIYtlQMA&oe=689280C8&_nc_sid=6ff7c8,Seguir,ellenreluzente ellie 48 posts 48 689 689 990 990,0,0,0,https://www.threads.com/@ellenreluzente?xmt=AQF06z8IvRp74tnG_CfUo9kg-W9b2vXRhb5O049ljFGC6Ug,False,Pública,0,,,False,0,0,0
anatavares1_,,False,https://instagram.fpmw2-1.fna.fbcdn.net/v/t51.2885-19/505751480_18398442322117443_678372893747509421_n.jpg?stp=dst-jpg_s150x150_tt6&efg=eyJ2ZW5jb2RlX3RhZyI6InByb2ZpbGVfcGljLmRqYW5nby4xMDgwLmMyIn0&_nc_ht=instagram.fpmw2-1.fna.fbcdn.net&_nc_cat=103&_nc_oc=Q6cZ2QEGZ1o4gwDJPIYMHY6rbVne1ROMAWb2BQIr9qHM78eztVLzXhtT72-EkVEPFiBcEReUl-snuzAYjlHJAxb7n4r8&_nc_ohc=_OAukRulD-0Q7kNvwG73N3B&_nc_gid=Vdtxn9HgQquMBEzcwoPMmw&edm=APQMUHMBAAAA&ccb=7-5&oh=00_AfTfthKYc0Th1oeXfGddBrO6zpTj2lPfIm9VlUl6UxeO_g&oe=68928A4B&_nc_sid=6ff7c8,Seguir,anatavares1_ Ana Vitória 8 posts 8 350 350 307 307 Mato Grosso,0,0,0,,False,Pública,0,,,False,0,0,0
beatrizzsc16,,False,https://instagram.fpmw2-1.fna.fbcdn.net/v/t51.2885-19/450635961_1140876870539645_3144377036811698149_n.jpg?stp=dst-jpg_s150x150_tt6&efg=eyJ2ZW5jb2RlX3RhZyI6InByb2ZpbGVfcGljLmRqYW5nby4xMDgwLmMyIn0&_nc_ht=instagram.fpmw2-1.fna.fbcdn.net&_nc_cat=105&_nc_oc=Q6cZ2QEGZ1o4gwDJPIYMHY6rbVne1ROMAWb2BQIr9qHM78eztVLzXhtT72-EkVEPFiBcEReUl-snuzAYjlHJAxb7n4r8&_nc_ohc=UgMmK8oCiPAQ7kNvwFcrXxl&_nc_gid=Vdtxn9HgQquMBEzcwoPMmw&edm=APQMUHMBAAAA&ccb=7-5&oh=00_AfS63QbAzDyd46uum_BbXoaVRzg5NLHL28Mrb_nFWbTHEQ&oe=689265C1&_nc_sid=6ff7c8,Seguir,beatrizzsc16 Beatriz Sousa 6 posts 6 1.004 1.004 788 788,0,0,0,,False,Pública,0,,,False,0,0,0
tatty_moura2,,False,https://instagram.fpmw2-1.fna.fbcdn.net/v/t51.2885-19/522631875_18522358231003644_5379066807708752459_n.jpg?stp=dst-jpg_s150x150_tt6&efg=eyJ2ZW5jb2RlX3RhZyI6InByb2ZpbGVfcGljLmRqYW5nby4xMDgwLmMyIn0&_nc_ht=instagram.fpmw2-1.fna.fbcdn.net&_nc_cat=100&_nc_oc=Q6cZ2QEGZ1o4gwDJPIYMHY6rbVne1ROMAWb2BQIr9qHM78eztVLzXhtT72-EkVEPFiBcEReUl-snuzAYjlHJAxb7n4r8&_nc_ohc=1OIsae4dUmMQ7kNvwFZLM-G&_nc_gid=Vdtxn9HgQquMBEzcwoPMmw&edm=APQMUHMBAAAA&ccb=7-5&oh=00_AfSoZNLRFvz5W_21e1WKDeA2L1C70Q7f9l2rdu0MCW8mwQ&oe=6892956C&_nc_sid=6ff7c8,Seguir,tatty_moura2 Tatyely Moura 🦋 30 posts 30 1.273 1.273 1.056 1.056 Tudo Vira Memória 🌻📸🐆🙇🏻‍♀️ @westt_silv💍,0,0,0,,False,Pública,0,,,False,0,0,0
taly_dos_santos,,False,https://instagram.fpmw2-1.fna.fbcdn.net/v/t51.2885-19/471854257_1105022487895269_9069813471900031459_n.jpg?stp=dst-jpg_s150x150_tt6&efg=eyJ2ZW5jb2RlX3RhZyI6InByb2ZpbGVfcGljLmRqYW5nby4xMDgwLmMyIn0&_nc_ht=instagram.fpmw2-1.fna.fbcdn.net&_nc_cat=109&_nc_oc=Q6cZ2QEGZ1o4gwDJPIYMHY6rbVne1ROMAWb2BQIr9qHM78eztVLzXhtT72-EkVEPFiBcEReUl-snuzAYjlHJAxb7n4r8&_nc_ohc=uI_B7mVYj98Q7kNvwGZfVSY&_nc_gid=Vdtxn9HgQquMBEzcwoPMmw&edm=APQMUHMBAAAA&ccb=7-5&oh=00_AfS77ZSgC5NWxlUcFyprfV8HjMcmzBWgL8GK0ihBN4ftpg&oe=68927262&_nc_sid=6ff7c8,Seguir,,0,0,0,,False,Erro de carregamento,0,,,False,0,0,0
diarlypereira,,False,https://instagram.fpmw2-1.fna.fbcdn.net/v/t51.2885-19/480726471_1650258206373630_3333614021862948477_n.jpg?stp=dst-jpg_s150x150_tt6&efg=eyJ2ZW5jb2RlX3RhZyI6InByb2ZpbGVfcGljLmRqYW5nby4xMDgwLmMyIn0&_nc_ht=instagram.fpmw2-1.fna.fbcdn.net&_nc_cat=106&_nc_oc=Q6cZ2QEGZ1o4gwDJPIYMHY6rbVne1ROMAWb2BQIr9qHM78eztVLzXhtT72-EkVEPFiBcEReUl-snuzAYjlHJAxb7n4r8&_nc_ohc=Dyyo0Xi6qhoQ7kNvwHJb05f&_nc_gid=Vdtxn9HgQquMBEzcwoPMmw&edm=APQMUHMBAAAA&ccb=7-5&oh=00_AfQtVfBvZy-FRNj8xZogRNNiVRm72FQ9DM27Y0MuOt5CEA&oe=68928934&_nc_sid=6ff7c8,Seguir,diarlypereira Diarly Pereira Dos Santos 3 posts 3 446 446 507 507,0,0,0,https://www.threads.com/@diarlypereira?xmt=AQF0j7_NTdFL7HyMEdOrbmsYCe1P1XXNic0081stdV2uZlk,False,Pública,0,,,False,0,0,0
alexandra.paulistinhatintas,,False,https://instagram.fpmw2-1.fna.fbcdn.net/v/t51.2885-19/516241047_17939601423030124_6174527478974700644_n.jpg?stp=dst-jpg_s150x150_tt6&efg=eyJ2ZW5jb2RlX3RhZyI6InByb2ZpbGVfcGljLmRqYW5nby4zMjAuYzIifQ&_nc_ht=instagram.fpmw2-1.fna.fbcdn.net&_nc_cat=104&_nc_oc=Q6cZ2QEGZ1o4gwDJPIYMHY6rbVne1ROMAWb2BQIr9qHM78eztVLzXhtT72-EkVEPFiBcEReUl-snuzAYjlHJAxb7n4r8&_nc_ohc=5ZvwLIuVqV4Q7kNvwFNgdYy&_nc_gid=Vdtxn9HgQquMBEzcwoPMmw&edm=APQMUHMBAAAA&ccb=7-5&oh=00_AfRcGZMssdFVYsRGGA_ZtBjqN-CaPmhmLxn9nGgr5CLzTQ&oe=68928BEA&_nc_sid=6ff7c8,Seguir,wa.me/5598984799393 alexandra.paulistinhatintas alexandra.paulistinhatintas Alexandra Sfalcin 156 posts 156 424 424 975 975 ... mais mais wa.me/5598984799393 Na UNIVERSIDADE Cores,,,0,https://www.threads.com/@alexandra.paulistinhatintas?xmt=AQF08y3bp-OsMB1ZPslkjtIm4-4hbpsqVjJWB71t9Rc2vCE,False,Pública,0,,,False,0,0,0
kialaiacosta,,False,https://instagram.fpmw2-1.fna.fbcdn.net/v/t51.2885-19/467154442_2919071504928721_7084510016104294679_n.jpg?stp=dst-jpg_s150x150_tt6&efg=eyJ2ZW5jb2RlX3RhZyI6InByb2ZpbGVfcGljLmRqYW5nby4xMDgwLmMyIn0&_nc_ht=instagram.fpmw2-1.fna.fbcdn.net&_nc_cat=101&_nc_oc=Q6cZ2QEGZ1o4gwDJPIYMHY6rbVne1ROMAWb2BQIr9qHM78eztVLzXhtT72-EkVEPFiBcEReUl-snuzAYjlHJAxb7n4r8&_nc_ohc=QI-9qzpvDcsQ7kNvwFW6oz6&_nc_gid=Vdtxn9HgQquMBEzcwoPMmw&edm=APQMUHMBAAAA&ccb=7-5&oh=00_AfTNetu_GcT17H6NCWaBArGIFIhrh5m78FH39gCZEkODww&oe=68928C79&_nc_sid=6ff7c8,Seguir,kialaiacosta Ana da Costa 6 posts 6 356 356 1.753 1.753 Destaques my💋 sábado 🙏✝️ Aventura 😇 natureza 😍 primeiro Deus✝️ meu aniversário🥳,,,,https://www.threads.com/@kialaiacosta?xmt=AQF0Hn2bWWXSHSjQBflfLZZP1o76wDH7s4NEBBKNEw_nMUo,False,Pública,0,,,False,0,0,0
dudekaz_sx,,False,https://instagram.fpmw2-1.fna.fbcdn.net/v/t51.2885-19/521122893_17915484090116999_7809931201012335642_n.jpg?stp=dst-jpg_s150x150_tt6&efg=eyJ2ZW5jb2RlX3RhZyI6InByb2ZpbGVfcGljLmRqYW5nby4xMDgwLmMyIn0&_nc_ht=instagram.fpmw2-1.fna.fbcdn.net&_nc_cat=111&_nc_oc=Q6cZ2QEYQDUva9ufoGlF9KapaQssdjlPgQsPM-gnsnzvbM1LoT8lg316hmVK5rd-9LbqpJdzL8RKGP0jmmAhcIGLMqgG&_nc_ohc=Wje80LDNwncQ7kNvwGVzGOL&_nc_gid=rzLM0vLjs-rbUHB3sPCKBw&edm=APQMUHMBAAAA&ccb=7-5&oh=00_AfQXdGYVBQz9q1FMhY5AXdHJRmxGfjQ8WeRSSA4gEPPA9g&oe=6892786E&_nc_sid=6ff7c8,Seguir,"dudekaz_sx 𝕽amalho 5 posts 5 498 498 1.924 1.924 Ballet💗 ""Quem dança seus males espanta""",0,0,0,https://www.threads.com/@dudekaz_sx?xmt=AQF09Vr-YW3MAXnPR846QcpPF4sPuWLY5Y3eKsCVPpDa7iU,False,Pública,0,,,False,0,0,0
elloysasantosdasilvagmail,,False,https://instagram.fpmw2-1.fna.fbcdn.net/v/t51.2885-19/476789675_1721358168726846_7959142273463147_n.jpg?stp=dst-jpg_s150x150_tt6&efg=eyJ2ZW5jb2RlX3RhZyI6InByb2ZpbGVfcGljLmRqYW5nby4xMDgwLmMyIn0&_nc_ht=instagram.fpmw2-1.fna.fbcdn.net&_nc_cat=106&_nc_oc=Q6cZ2QEYQDUva9ufoGlF9KapaQssdjlPgQsPM-gnsnzvbM1LoT8lg316hmVK5rd-9LbqpJdzL8RKGP0jmmAhcIGLMqgG&_nc_ohc=SbouaVyFJewQ7kNvwHouc1r&_nc_gid=rzLM0vLjs-rbUHB3sPCKBw&edm=APQMUHMBAAAA&ccb=7-5&oh=00_AfSrVjsouWqhtvtRkqS9ISGfb3cQdaS3F-jji-2o5-_1eg&oe=68927F3C&_nc_sid=6ff7c8,Seguir,elloysasantosdasilvagmail cris 1 post 1 281 281 1.949 1.949 R SOU SO DELE 💍💍💑💑,0,0,0,https://www.threads.com/@elloysasantosdasilvagmail?xmt=AQF0vbh9DMh0KswD2ModrX3uzGo1RPEj40wRjk6BXZUfPwE,False,Pública,0,,,False,0,0,0
meury.reis.3386,,False,https://instagram.fpmw2-1.fna.fbcdn.net/v/t51.2885-19/523057291_18042890954644332_337605346582837314_n.jpg?stp=dst-jpg_s150x150_tt6&efg=eyJ2ZW5jb2RlX3RhZyI6InByb2ZpbGVfcGljLmRqYW5nby4xMDgwLmMyIn0&_nc_ht=instagram.fpmw2-1.fna.fbcdn.net&_nc_cat=100&_nc_oc=Q6cZ2QEYQDUva9ufoGlF9KapaQssdjlPgQsPM-gnsnzvbM1LoT8lg316hmVK5rd-9LbqpJdzL8RKGP0jmmAhcIGLMqgG&_nc_ohc=HFkOgQSY5FMQ7kNvwG_4IuR&_nc_gid=rzLM0vLjs-rbUHB3sPCKBw&edm=APQMUHMBAAAA&ccb=7-5&oh=00_AfQxJVKR2KIohvwHhR5tGNXHSNn6BkUKQjHK9HMdzWX6oA&oe=68929041&_nc_sid=6ff7c8,Seguir,"meury.reis.3386 Meury Reis 4 posts 4 157 157 1.581 1.581 A positividade no pensamento pode melhorar a sua vida,pois vai ajudar superar problemas e acima de tudo irá fazer você... mais A positividade no pensamento pode melhorar a sua vida,pois vai ajudar superar problemas e acima de tudo irá fazer você ... mais mais",0,0,0,https://www.threads.com/@meury.reis.3386?xmt=AQF0Qz65AuaMq4YGBItUrZTpn_WO0T0cUWn5wegA7W-K9jw,False,Pública,0,,,False,0,0,0
dasilvaivoneantonia,,False,https://instagram.fpmw2-1.fna.fbcdn.net/v/t51.2885-19/361890786_1316626409252452_852757225482466628_n.jpg?stp=dst-jpg_s150x150_tt6&efg=eyJ2ZW5jb2RlX3RhZyI6InByb2ZpbGVfcGljLmRqYW5nby45NTguYzIifQ&_nc_ht=instagram.fpmw2-1.fna.fbcdn.net&_nc_cat=104&_nc_oc=Q6cZ2QHTvGiCtTyT7HDf2L6cVpXg-m7dvlma9jg3W1THU13kGu3xzUwpr00fPByRYl9L659p7Gb1lYpg39hqrbi-p6Q-&_nc_ohc=vlIEauB8CX0Q7kNvwHrHq2b&_nc_gid=H-BK3cdN47Hvv-BjCzEe9Q&edm=APQMUHMBAAAA&ccb=7-5&oh=00_AfSYTjOUxN0wqolTTn3T3a-tL_6aacgTsuVur77mKyIUfA&oe=68926FEB&_nc_sid=6ff7c8,Seguir,dasilvaivoneantonia Ivone Antonia da Silva 22 posts 22 263 263 1.358 1.358 Destaques,,,0,https://www.threads.com/@dasilvaivoneantonia?xmt=AQF0QBcdoA533SDTl7M2LoOC43bNNDiK-zD5hCrgmXWvPH4,False,Pública,0,,,False,0,0,0
maitepblanco,,False,https://instagram.fpmw2-1.fna.fbcdn.net/v/t51.2885-19/499631475_18078161728832406_2494071245174547759_n.jpg?stp=dst-jpg_s150x150_tt6&efg=eyJ2ZW5jb2RlX3RhZyI6InByb2ZpbGVfcGljLmRqYW5nby43MjAuYzIifQ&_nc_ht=instagram.fpmw2-1.fna.fbcdn.net&_nc_cat=106&_nc_oc=Q6cZ2QHTvGiCtTyT7HDf2L6cVpXg-m7dvlma9jg3W1THU13kGu3xzUwpr00fPByRYl9L659p7Gb1lYpg39hqrbi-p6Q-&_nc_ohc=i3r2w7TB4nsQ7kNvwG3iA1e&_nc_gid=H-BK3cdN47Hvv-BjCzEe9Q&edm=APQMUHMBAAAA&ccb=7-5&oh=00_AfTvz2T5n9LhmjTTOpRTLH_UZTSbrsijd1eM5gC8cik3IA&oe=68928A65&_nc_sid=6ff7c8,Seguir,maitepblanco Maite Blanco 95 posts 95 343 343 3.335 3.335 pessoal Destaques,0,0,0,https://www.threads.com/@maitepblanco?xmt=AQF0EWo2XN5L2tK-64ukzeOw0bEnAIhEaU7TRq8J_UXg_FA,False,Pública,0,,,False,0,0,0
iveth_amelia,,False,https://instagram.fpmw2-1.fna.fbcdn.net/v/t51.2885-19/497763572_18293394160221781_7921568304511088880_n.jpg?stp=dst-jpg_s150x150_tt6&efg=eyJ2ZW5jb2RlX3RhZyI6InByb2ZpbGVfcGljLmRqYW5nby44MjguYzIifQ&_nc_ht=instagram.fpmw2-1.fna.fbcdn.net&_nc_cat=101&_nc_oc=Q6cZ2QHTvGiCtTyT7HDf2L6cVpXg-m7dvlma9jg3W1THU13kGu3xzUwpr00fPByRYl9L659p7Gb1lYpg39hqrbi-p6Q-&_nc_ohc=BAkIvi7b3VoQ7kNvwFmVjp2&_nc_gid=H-BK3cdN47Hvv-BjCzEe9Q&edm=APQMUHMBAAAA&ccb=7-5&oh=00_AfSaGsYD7TTIxfY3FMgzCLnDoKvC6IwZuZ_a_8RyzP3ytg&oe=68927463&_nc_sid=6ff7c8,Seguir,iveth_amelia Iveth Amélia 24 posts 24 716 716 3.458 3.458 #nossapelesobrealuzpareceouro🌻🪄,0,0,0,https://www.threads.com/@iveth_amelia?xmt=AQF0apkf9XyMXDwrQPbPsdbQ0txz0KrXWZ1vBMZJ1Y0rwGc,False,Pública,0,,,False,0,0,0
alessadra123456,,False,https://instagram.fpmw2-1.fna.fbcdn.net/v/t51.2885-19/511529841_17870642373390518_7815809631224574433_n.jpg?stp=dst-jpg_s150x150_tt6&efg=eyJ2ZW5jb2RlX3RhZyI6InByb2ZpbGVfcGljLmRqYW5nby4xMDgwLmMyIn0&_nc_ht=instagram.fpmw2-1.fna.fbcdn.net&_nc_cat=102&_nc_oc=Q6cZ2QHTvGiCtTyT7HDf2L6cVpXg-m7dvlma9jg3W1THU13kGu3xzUwpr00fPByRYl9L659p7Gb1lYpg39hqrbi-p6Q-&_nc_ohc=JUwQB-H894gQ7kNvwELt2kw&_nc_gid=H-BK3cdN47Hvv-BjCzEe9Q&edm=APQMUHMBAAAA&ccb=7-5&oh=00_AfSthKlt20U09u54602nGbKCo9r85rLbm8QT_Dh4jtixCA&oe=6892607A&_nc_sid=6ff7c8,Seguir,alessadra123456 Alessandra Chaves 2 posts 2 234 234 6.195 6.195 Destaques 😍🌹,,,0,,False,Pública,0,,,False,0,0,0
ee_matheusss,,False,https://instagram.fpmw2-1.fna.fbcdn.net/v/t51.2885-19/503285824_18046403189620424_3465792488818364194_n.jpg?stp=dst-jpg_s150x150_tt6&efg=eyJ2ZW5jb2RlX3RhZyI6InByb2ZpbGVfcGljLmRqYW5nby4xMDcwLmMyIn0&_nc_ht=instagram.fpmw2-1.fna.fbcdn.net&_nc_cat=108&_nc_oc=Q6cZ2QHTvGiCtTyT7HDf2L6cVpXg-m7dvlma9jg3W1THU13kGu3xzUwpr00fPByRYl9L659p7Gb1lYpg39hqrbi-p6Q-&_nc_ohc=ZzFMmpC1WQYQ7kNvwEiRo1g&_nc_gid=H-BK3cdN47Hvv-BjCzEe9Q&edm=APQMUHMBAAAA&ccb=7-5&oh=00_AfTfBq1nWA9wX9wADMxTLtlggNnsQF8_hA91j5RPO9zB7A&oe=689289AA&_nc_sid=6ff7c8,Seguir,"ee_matheusss 𝙼𝚊𝚝𝚑𝚎𝚞𝚜 𝚂𝚘𝚞𝚜𝚊 3 posts 3 1.627 1.627 4.831 4.831 • 01/06 • Isaías Coelho, Pi • Pv 18:24🙇‍♂️ • adm 2/3📚 ⠀⠀⠀",,,,,False,Pública,0,,,False,0,0,0
mariaisabelpereirafortes,,False,https://instagram.fpmw2-1.fna.fbcdn.net/v/t51.2885-19/474886415_585823287667525_7801459777415159562_n.jpg?stp=dst-jpg_s150x150_tt6&efg=eyJ2ZW5jb2RlX3RhZyI6InByb2ZpbGVfcGljLmRqYW5nby4zMjAuYzIifQ&_nc_ht=instagram.fpmw2-1.fna.fbcdn.net&_nc_cat=101&_nc_oc=Q6cZ2QEYQDUva9ufoGlF9KapaQssdjlPgQsPM-gnsnzvbM1LoT8lg316hmVK5rd-9LbqpJdzL8RKGP0jmmAhcIGLMqgG&_nc_ohc=Cu6Mjyzh9CYQ7kNvwE7E1OP&_nc_gid=rzLM0vLjs-rbUHB3sPCKBw&edm=APQMUHMBAAAA&ccb=7-5&oh=00_AfQzQBBOj0oTEjqv2sk1b0WHB4VLmkMPAeXnk811DCPb0Q&oe=689294F1&_nc_sid=6ff7c8,Seguir,mariaisabelpereirafortes Maria Isabel pereira fortes 3 posts 3 123 123 732 732,0,0,0,https://www.threads.com/@mariaisabelpereirafortes?xmt=AQF0FAf93ka4eHCdOb5pEAIgHbZVcvYhgUpasEaINElX3eU,False,Pública,0,,,False,0,0,0
anna_injala,,False,https://instagram.fpmw2-1.fna.fbcdn.net/v/t51.2885-19/325254957_2191493504385453_2870562823153615344_n.jpg?stp=dst-jpg_s150x150_tt6&efg=eyJ2ZW5jb2RlX3RhZyI6InByb2ZpbGVfcGljLmRqYW5nby43NTAuYzIifQ&_nc_ht=instagram.fpmw2-1.fna.fbcdn.net&_nc_cat=109&_nc_oc=Q6cZ2QHTvGiCtTyT7HDf2L6cVpXg-m7dvlma9jg3W1THU13kGu3xzUwpr00fPByRYl9L659p7Gb1lYpg39hqrbi-p6Q-&_nc_ohc=PiTTY_tcol8Q7kNvwFYtI7D&_nc_gid=H-BK3cdN47Hvv-BjCzEe9Q&edm=APQMUHMBAAAA&ccb=7-5&oh=00_AfR7jvCutBHM6J7WnXPNgLQbDYV3plHIA4p_zL2aJAfACA&oe=6892805B&_nc_sid=6ff7c8,Seguir,anna_injala Chocomimo_mz 95 posts 95 355 355 4.720 4.720 Loja de doces Localização Tete(Moatize) Para encomendas 📦 86 237 1383 / 845280308 Doces & Presentes Tendência💕 Cakes Bolas de berlim Bolo no pote Slice cake Mini bolo 🥰🥰 Cake 🥺🙏🏿❤️❤️ Bolachinhas Fatias húngaras Mini cake Pães recheados,,0,0,https://www.threads.com/@anna_injala?xmt=AQF0Zasysxl1TqzRhBWTtyvF97eb2QZxnsNnQJ4RqJsHYLw,False,Pública,0,,,False,0,0,0
mariadenazaremoreira9,,False,https://instagram.fpmw2-1.fna.fbcdn.net/v/t51.2885-19/458371422_556859893666614_4399810666771020653_n.jpg?stp=dst-jpg_s150x150_tt6&efg=eyJ2ZW5jb2RlX3RhZyI6InByb2ZpbGVfcGljLmRqYW5nby4xMDgwLmMyIn0&_nc_ht=instagram.fpmw2-1.fna.fbcdn.net&_nc_cat=106&_nc_oc=Q6cZ2QHTvGiCtTyT7HDf2L6cVpXg-m7dvlma9jg3W1THU13kGu3xzUwpr00fPByRYl9L659p7Gb1lYpg39hqrbi-p6Q-&_nc_ohc=mmCIteRJMOYQ7kNvwHTi8gz&_nc_gid=H-BK3cdN47Hvv-BjCzEe9Q&edm=APQMUHMBAAAA&ccb=7-5&oh=00_AfQvHaP6ExyaFAn-J297GDWCKvECZyGhlZ9jVzgIxYOpBA&oe=68929564&_nc_sid=6ff7c8,Seguir,mariadenazaremoreira9 5 posts 5 268 268 2.975 2.975 Maria de nazare,0,0,0,,False,Pública,0,,,False,0,0,0
_bysanchez.i,,False,https://instagram.fpmw2-1.fna.fbcdn.net/v/t51.2885-19/524594164_17976706013880247_1250028270183769426_n.jpg?stp=dst-jpg_s150x150_tt6&efg=eyJ2ZW5jb2RlX3RhZyI6InByb2ZpbGVfcGljLmRqYW5nby4xMDgwLmMyIn0&_nc_ht=instagram.fpmw2-1.fna.fbcdn.net&_nc_cat=107&_nc_oc=Q6cZ2QHTvGiCtTyT7HDf2L6cVpXg-m7dvlma9jg3W1THU13kGu3xzUwpr00fPByRYl9L659p7Gb1lYpg39hqrbi-p6Q-&_nc_ohc=cIAvQrAW1XcQ7kNvwE7wyaO&_nc_gid=H-BK3cdN47Hvv-BjCzEe9Q&edm=APQMUHMBAAAA&ccb=7-5&oh=00_AfTE6zzg8UnX9oNhuLBZPwxCMJxF3y9BPdj_4hI_cNyBEQ&oe=68928D44&_nc_sid=6ff7c8,Seguir,_bysanchez.i 𝓢anchez ‘ 0 posts 0 96 96 186 186 𐔌՞ ܸ.ˬ.ܸ՞𐦯,0,0,0,,False,Pública,0,,,False,0,0,0
lannakarynaildsigner,,False,https://instagram.fpmw2-1.fna.fbcdn.net/v/t51.2885-19/280282558_375323744544379_8116863951888454775_n.jpg?stp=dst-jpg_s150x150_tt6&efg=eyJ2ZW5jb2RlX3RhZyI6InByb2ZpbGVfcGljLmRqYW5nby45NjAuYzIifQ&_nc_ht=instagram.fpmw2-1.fna.fbcdn.net&_nc_cat=107&_nc_oc=Q6cZ2QHTvGiCtTyT7HDf2L6cVpXg-m7dvlma9jg3W1THU13kGu3xzUwpr00fPByRYl9L659p7Gb1lYpg39hqrbi-p6Q-&_nc_ohc=JgYL0fKKqNgQ7kNvwHwnU-v&_nc_gid=H-BK3cdN47Hvv-BjCzEe9Q&edm=APQMUHMBAAAA&ccb=7-5&oh=00_AfQOOZeGHi9Y8xCxxEP_JbyY8CD3rQ3Zi8fxKI5epc6i4g&oe=689295C8&_nc_sid=6ff7c8,Seguir,,0,0,0,,False,Erro inesperado,0,,,False,0,0,0
carolinarosa276,,False,https://instagram.fpmw2-1.fna.fbcdn.net/v/t51.2885-19/135777606_847225796119732_6278669589885298772_n.jpg?stp=dst-jpg_s150x150_tt6&efg=eyJ2ZW5jb2RlX3RhZyI6InByb2ZpbGVfcGljLmRqYW5nby4xMDgwLmMyIn0&_nc_ht=instagram.fpmw2-1.fna.fbcdn.net&_nc_cat=104&_nc_oc=Q6cZ2QHTvGiCtTyT7HDf2L6cVpXg-m7dvlma9jg3W1THU13kGu3xzUwpr00fPByRYl9L659p7Gb1lYpg39hqrbi-p6Q-&_nc_ohc=A8MbRRJbzqsQ7kNvwFd1hdc&_nc_gid=H-BK3cdN47Hvv-BjCzEe9Q&edm=APQMUHMBAAAA&ccb=7-5&oh=00_AfQsp4C3IXq5DHyL0MfkjkB4T6IplyuEwozy8Fo6mwnNbw&oe=68927BCF&_nc_sid=6ff7c8,Seguir,carolinarosa276 Carolina Rosa 7 posts 7 586 586 1.108 1.108 Todavia eu me alegrarei❤,0,0,0,https://www.threads.com/@carolinarosa276?xmt=AQF0K6li2JAP_7FTyZKNqu7k1OOibJb7O2eDLep4cQ9GlsQ,False,Pública,0,,,False,0,0,0
sabrinafreitasg,,False,https://instagram.fpmw2-1.fna.fbcdn.net/v/t51.2885-19/485367595_650029191318968_3372274656080126327_n.jpg?stp=dst-jpg_s150x150_tt6&efg=eyJ2ZW5jb2RlX3RhZyI6InByb2ZpbGVfcGljLmRqYW5nby4xMDgwLmMyIn0&_nc_ht=instagram.fpmw2-1.fna.fbcdn.net&_nc_cat=108&_nc_oc=Q6cZ2QGnpIZEiUZDiYLd__7Gvv1sT8gC-FRZ0TlWtcOBERlUOiHyD8FEO-n0nP3vwsalkWM&_nc_ohc=r2iFk5Npc08Q7kNvwFORtZ4&_nc_gid=YwbXou8qrnFbhQ_8T2Jn5Q&edm=APQMUHMBAAAA&ccb=7-5&oh=00_AfRCzUUnxgLY-629_9gZZkLIsihMbwNvaGOyMc4aO0llow&oe=68927837&_nc_sid=6ff7c8,Seguir,sabrinafreitasg Sabrina Gomes 72 posts 72 1.500 1.500 1.983 1.983 Mi guía y Dios🙏 Direito 8/10 🥏🧚‍♀️ offenmgt.com.br/modelo/sabrinagomes,0,0,0,https://www.threads.com/@sabrinafreitasg?xmt=AQF0DFNtgP01B3Gk7k8PEnu_7hflOpnI0s_q19VlRSmFkzo,False,Pública,0,,,False,0,0,0
lainebiten,,False,https://instagram.fpmw2-1.fna.fbcdn.net/v/t51.2885-19/476192822_604960105630921_4592798305629386879_n.jpg?stp=dst-jpg_s150x150_tt6&efg=eyJ2ZW5jb2RlX3RhZyI6InByb2ZpbGVfcGljLmRqYW5nby4xMDgwLmMyIn0&_nc_ht=instagram.fpmw2-1.fna.fbcdn.net&_nc_cat=101&_nc_oc=Q6cZ2QGnpIZEiUZDiYLd__7Gvv1sT8gC-FRZ0TlWtcOBERlUOiHyD8FEO-n0nP3vwsalkWM&_nc_ohc=vwJoCLzCyKUQ7kNvwG4JP25&_nc_gid=YwbXou8qrnFbhQ_8T2Jn5Q&edm=APQMUHMBAAAA&ccb=7-5&oh=00_AfTRwOLkH7kmr2Up_oVHG4-evl6TKorYHnXiTIai9IKELg&oe=689264DD&_nc_sid=6ff7c8,Seguir,lainebiten Laine Bitencourt 45 posts 45 964 964 1.943 1.943 ✨ Em busca da minha melhor versão ✨ 🎂| 29 📍| Torres/RS 👩‍💻| Marketing ❤️| Cássio Vargas,0,0,0,https://www.threads.com/@lainebiten?xmt=AQF0qijah8grqQ-syaYeza3V6CUyqbbfFba64KjCia5wlsk,False,Pública,0,,,False,0,0,0
rodrigues.sandra.00,,False,https://instagram.fpmw2-1.fna.fbcdn.net/v/t51.2885-19/30855447_1499685943487928_3108538466594455552_n.jpg?stp=dst-jpg_s150x150_tt6&efg=eyJ2ZW5jb2RlX3RhZyI6InByb2ZpbGVfcGljLmRqYW5nby4xMDgwLmMyIn0&_nc_ht=instagram.fpmw2-1.fna.fbcdn.net&_nc_cat=100&_nc_oc=Q6cZ2QGnpIZEiUZDiYLd__7Gvv1sT8gC-FRZ0TlWtcOBERlUOiHyD8FEO-n0nP3vwsalkWM&_nc_ohc=xWldLKng5boQ7kNvwFFOUuN&_nc_gid=YwbXou8qrnFbhQ_8T2Jn5Q&edm=APQMUHMBAAAA&ccb=7-5&oh=00_AfQKCbQzTIh7vG-kg79wpFey5wykLsgZMGQACq24yIql_g&oe=689287E9&_nc_sid=6ff7c8,Seguir,"rodrigues.sandra.00 Sandra Rodrigues 28 posts 28 1.118 1.118 2.192 2.192 Aumenta minha fé em Ti, não me deixa fraquejar jamais... 🏕️ Campista 💕 🐴🎸🔫💃🎭🇻🇦 🌚 sal para adoçar 👦👧 🐝 🎭 😂🔇🎵🎶",,,,,False,Pública,0,,,False,0,0,0
ciceramaximogomes,,False,https://instagram.fpmw2-1.fna.fbcdn.net/v/t51.2885-19/469278053_4690741064485061_6675701760842455229_n.jpg?stp=dst-jpg_s150x150_tt6&efg=eyJ2ZW5jb2RlX3RhZyI6InByb2ZpbGVfcGljLmRqYW5nby43MjMuYzIifQ&_nc_ht=instagram.fpmw2-1.fna.fbcdn.net&_nc_cat=105&_nc_oc=Q6cZ2QGnpIZEiUZDiYLd__7Gvv1sT8gC-FRZ0TlWtcOBERlUOiHyD8FEO-n0nP3vwsalkWM&_nc_ohc=y38QfK5e6pkQ7kNvwFLsU4x&_nc_gid=YwbXou8qrnFbhQ_8T2Jn5Q&edm=APQMUHMBAAAA&ccb=7-5&oh=00_AfSan7Mywho2QEGqnbBtjvntG-4qNWnMwP4qDOul0cp7Hg&oe=6892747C&_nc_sid=6ff7c8,Seguir,ciceramaximogomes Cicera Máximo Gomes 186 posts 186 152 152 292 292 Destaques saudassde lembranças. 9.25,,,,,False,Pública,0,,,False,0,0,0
adrianafortunato000,,False,https://instagram.fpmw2-1.fna.fbcdn.net/v/t51.2885-19/357359207_276237391619945_8020821740831461067_n.jpg?stp=dst-jpg_s150x150_tt6&efg=eyJ2ZW5jb2RlX3RhZyI6InByb2ZpbGVfcGljLmRqYW5nby45NDcuYzIifQ&_nc_ht=instagram.fpmw2-1.fna.fbcdn.net&_nc_cat=105&_nc_oc=Q6cZ2QGnpIZEiUZDiYLd__7Gvv1sT8gC-FRZ0TlWtcOBERlUOiHyD8FEO-n0nP3vwsalkWM&_nc_ohc=ASSx3KjA93AQ7kNvwE-b5Ql&_nc_gid=YwbXou8qrnFbhQ_8T2Jn5Q&edm=APQMUHMBAAAA&ccb=7-5&oh=00_AfSOo2TGpGUQICUCWsDbLZ12Cmf9FLm1rqy-gVmMyL9o2A&oe=6892932E&_nc_sid=6ff7c8,Seguir,adrianafortunato000 Adriana Silva 880 posts 880 3.907 3.907 3.209 3.209 CRIADORA DE CONTEÚDO 🏡 mãe Diarista manicure i am amigos família Belinha 🐾🐕,0,0,0,https://www.threads.com/@adrianafortunato000?xmt=AQF0csA0zCqyik4Qb2IWA3MthL97X7QHAFrwrr7HJPXGfBY,False,Pública,0,,,False,0,0,0
catiaandreia10,,False,https://instagram.fpmw2-1.fna.fbcdn.net/v/t51.2885-19/463014378_1072445567749927_7544402461895865599_n.jpg?stp=dst-jpg_s150x150_tt6&efg=eyJ2ZW5jb2RlX3RhZyI6InByb2ZpbGVfcGljLmRqYW5nby43MjAuYzIifQ&_nc_ht=instagram.fpmw2-1.fna.fbcdn.net&_nc_cat=107&_nc_oc=Q6cZ2QGnpIZEiUZDiYLd__7Gvv1sT8gC-FRZ0TlWtcOBERlUOiHyD8FEO-n0nP3vwsalkWM&_nc_ohc=l-IA2qCapbYQ7kNvwE8kzgP&_nc_gid=YwbXou8qrnFbhQ_8T2Jn5Q&edm=APQMUHMBAAAA&ccb=7-5&oh=00_AfSby4LNmWk75b2TcZdswlWE-jHsOWOlIrIBUo-ztAb-VQ&oe=689289A7&_nc_sid=6ff7c8,Seguir,catiaandreia10 Andreia Dos Santos Pacifico 169 posts 169 1.133 1.133 5.275 5.275 Destaques,,,,https://www.threads.com/@catiaandreia10?xmt=AQF0sSMUlTyn5bon3Fl-d_2DynWRMNMqqY5UzBK7Ye9yVHE,False,Pública,0,,,False,0,0,0
rosilenyjps,,False,https://instagram.fpmw2-1.fna.fbcdn.net/v/t51.2885-19/487102811_839854088340514_509610650858756598_n.jpg?stp=dst-jpg_s150x150_tt6&efg=eyJ2ZW5jb2RlX3RhZyI6InByb2ZpbGVfcGljLmRqYW5nby4xMDgwLmMyIn0&_nc_ht=instagram.fpmw2-1.fna.fbcdn.net&_nc_cat=110&_nc_oc=Q6cZ2QGnpIZEiUZDiYLd__7Gvv1sT8gC-FRZ0TlWtcOBERlUOiHyD8FEO-n0nP3vwsalkWM&_nc_ohc=L8Xf0WQ1hUYQ7kNvwH-EIsq&_nc_gid=YwbXou8qrnFbhQ_8T2Jn5Q&edm=APQMUHMBAAAA&ccb=7-5&oh=00_AfRounlADSYWGtm7CuD4Ek2LuGfdq7wh1QC0Jwu1ZCxuLA&oe=68927E61&_nc_sid=6ff7c8,Seguir,,0,0,0,,False,Erro de carregamento,0,,,False,0,0,0
raquely_vitoria23,,False,https://instagram.fpmw2-1.fna.fbcdn.net/v/t51.2885-19/519589015_17950211888989650_390567609543570265_n.jpg?stp=dst-jpg_s150x150_tt6&efg=eyJ2ZW5jb2RlX3RhZyI6InByb2ZpbGVfcGljLmRqYW5nby4xMDgwLmMyIn0&_nc_ht=instagram.fpmw2-1.fna.fbcdn.net&_nc_cat=106&_nc_oc=Q6cZ2QGnpIZEiUZDiYLd__7Gvv1sT8gC-FRZ0TlWtcOBERlUOiHyD8FEO-n0nP3vwsalkWM&_nc_ohc=wNFHnEwHfywQ7kNvwFkLODr&_nc_gid=YwbXou8qrnFbhQ_8T2Jn5Q&edm=APQMUHMBAAAA&ccb=7-5&oh=00_AfRlePbbNwmDSyprQW0TfKOhFE7CIdQCz2UstTbPj7WEsA&oe=68927F41&_nc_sid=6ff7c8,Seguir,raquely_vitoria23 Raquelly Vitoria 11 posts 11 1.416 1.416 6.336 6.336 Blog pessoal Bike ❤️‍🔥 ❤️‍🔥 🫦 💞 💖 🤍 💕 ✨ TBT 💗 🐈‍⬛,0,0,0,https://www.threads.com/@raquely_vitoria23?xmt=AQF0PdFyoTcuAww_M_yZ3ReB129p8NDilooIUTcA_ceXz-E,False,Pública,0,,,False,0,0,0
saragprado,,False,https://instagram.fpmw2-1.fna.fbcdn.net/v/t51.2885-19/454031968_466507192966522_4698325683029309158_n.jpg?stp=dst-jpg_s150x150_tt6&efg=eyJ2ZW5jb2RlX3RhZyI6InByb2ZpbGVfcGljLmRqYW5nby4xMDgwLmMyIn0&_nc_ht=instagram.fpmw2-1.fna.fbcdn.net&_nc_cat=110&_nc_oc=Q6cZ2QGnpIZEiUZDiYLd__7Gvv1sT8gC-FRZ0TlWtcOBERlUOiHyD8FEO-n0nP3vwsalkWM&_nc_ohc=cjV1czX96pUQ7kNvwFQatb_&_nc_gid=YwbXou8qrnFbhQ_8T2Jn5Q&edm=APQMUHMBAAAA&ccb=7-5&oh=00_AfS_lHjPe8h28tvvAJI5FKm0it_O0l7iKaFWZX8TfxGyow&oe=68927527&_nc_sid=6ff7c8,Seguir,saragprado Sara Prado 344 posts 344 7.853 7.853 861 861 Jornalista Look do dia Bom dia! Trancoso - BA,0,0,0,,False,Pública,0,,,False,0,0,0
santa_silva_martins,,False,https://instagram.fpoa19-1.fna.fbcdn.net/v/t51.2885-19/464760996_1254146839119862_3605321457742435801_n.png?stp=dst-jpg_e0_s150x150_tt6&cb=8577c754-c2464923&efg=eyJ2ZW5jb2RlX3RhZyI6InByb2ZpbGVfcGljLmRqYW5nby4xNTAuYzIifQ&_nc_ad=z-m&_nc_ht=instagram.fpoa19-1.fna.fbcdn.net&_nc_cat=1&_nc_oc=Q6cZ2QHYT3jA5bs7QK_aKabK6Is1pdGaRHQKyDi6opllq2IRt9U40pcrSdVbF7GQU8fJMveMh6Kn4Wxyf22XCk49uvSK&_nc_ohc=cmGW-gSOmkoQ7kNvwGWENNb&_nc_gid=uPTqgoVUsHhWJEA0POJ9IA&edm=AL4D0a4BAAAA&ccb=7-5&ig_cache_key=YW5vbnltb3VzX3Byb2ZpbGVfcGlj.3-ccb7-5-cb8577c754-c2464923&oh=00_AfRvZiBU2piZCmEimazf4pvYLxdn5UMwEIb4Vv00xYGiYw&oe=68928E28&_nc_sid=9e8221,Seguir,santa_silva_martins Santa Silva Martins 0 posts 0 14 14 130 130,0,0,0,,False,Pública,0,,,False,0,0,0
kapedagogaa,,False,https://instagram.fpmw2-1.fna.fbcdn.net/v/t51.2885-19/523659876_17887707177319800_3164669704271908547_n.jpg?stp=dst-jpg_s150x150_tt6&efg=eyJ2ZW5jb2RlX3RhZyI6InByb2ZpbGVfcGljLmRqYW5nby43MjAuYzIifQ&_nc_ht=instagram.fpmw2-1.fna.fbcdn.net&_nc_cat=100&_nc_oc=Q6cZ2QGnpIZEiUZDiYLd__7Gvv1sT8gC-FRZ0TlWtcOBERlUOiHyD8FEO-n0nP3vwsalkWM&_nc_ohc=Udr4e3Nh1t0Q7kNvwHXPnnY&_nc_gid=YwbXou8qrnFbhQ_8T2Jn5Q&edm=APQMUHMBAAAA&ccb=7-5&oh=00_AfQmSY6E_IpjmjqohRxdmuL9ZGdP3S9dih4AkYc5yHtg7w&oe=68926528&_nc_sid=6ff7c8,Seguir,"kapedagogaa ❤️ 79 posts 79 18 18 1.423 1.423 ❤️ 📍PEDAGOGA, & TUDO O QUE EU QUISER SER 🤭 📚🎓😍 📍Amo crianças🥰",0,0,0,https://www.threads.com/@kapedagogaa?xmt=AQF0DqsUq6SE-Ar1Brnh5_o_MDnp9IaDL6oNtOk7RmkLXiY,False,Pública,0,,,False,0,0,0
analuisadantas,,False,https://instagram.fpmw2-1.fna.fbcdn.net/v/t51.2885-19/504392082_18511221205025315_483309059779725729_n.jpg?stp=dst-jpg_s150x150_tt6&efg=eyJ2ZW5jb2RlX3RhZyI6InByb2ZpbGVfcGljLmRqYW5nby4xMDgwLmMyIn0&_nc_ht=instagram.fpmw2-1.fna.fbcdn.net&_nc_cat=111&_nc_oc=Q6cZ2QGnpIZEiUZDiYLd__7Gvv1sT8gC-FRZ0TlWtcOBERlUOiHyD8FEO-n0nP3vwsalkWM&_nc_ohc=-2egTg-kKqEQ7kNvwE7tbRC&_nc_gid=YwbXou8qrnFbhQ_8T2Jn5Q&edm=APQMUHMBAAAA&ccb=7-5&oh=00_AfTtcBYXpxxfodldZN6uBBa8dOwJc4cnyxe-1UOzhABKHg&oe=68926BFC&_nc_sid=6ff7c8,Seguir,analuisadantas Ana Luisa Dantas | Anestesista 164 posts 164 3.572 3.572 4.134 4.134 | Médica Anestesiologista SBA - RQE 16.977 | CRM 39821 | CRMPB 13142 | Coopanest - PE 🇧🇷 🇦🇷🗻 🇨🇭🇮🇹🇵🇹 🇺🇾 🇳🇱 🇩🇪 🇵🇹🇫🇷,,,,https://www.threads.com/@analuisadantas?xmt=AQF0ypqzpgbb9M5_LyS6-5kfxhZYvpjuycXC1L7zRNmOrRY,False,Pública,0,,,False,0,0,0
atelilovecroche_daianasantos,,False,https://instagram.fpmw2-1.fna.fbcdn.net/v/t51.2885-19/425589980_897321571873259_3852923744204566914_n.jpg?stp=dst-jpg_s150x150_tt6&efg=eyJ2ZW5jb2RlX3RhZyI6InByb2ZpbGVfcGljLmRqYW5nby4xMDgwLmMyIn0&_nc_ht=instagram.fpmw2-1.fna.fbcdn.net&_nc_cat=111&_nc_oc=Q6cZ2QGnp-wg9qYISES945GXkGonk_kkFrZxzBqifTg2skaXUOAAKBetdDr6rCbzTGnWTqIhxevgrAWzAWtxfCyeBrNe&_nc_ohc=fhV8QLrFpC0Q7kNvwE9OP7r&_nc_gid=ndeEY7GGkYKqCdVI9k3WvA&edm=APQMUHMBAAAA&ccb=7-5&oh=00_AfSjRtX9pTn_bXlmzgG_oSzlJNzvfB-cOZxoysNWqPD6kQ&oe=68927942&_nc_sid=6ff7c8,Seguir,atelilovedaianasantos.offstore.me atelilovecroche_daianasantos atelilovecroche_daianasantos 𝑨𝒕𝒆𝒍𝒊𝒍𝒐𝒗𝒆 𝒄𝒓𝒐𝒄𝒉ê / 𝑫𝒂𝒊𝒂𝒏𝒂 𝑺𝒂𝒏𝒕𝒐𝒔 19 posts 19 181 181 1.147 1.147 💖 CROCHÊ MODERNO Feito á mão do início ao fim Sob encomenda Enviamos para todo 🇧🇷 Conheça o catalago ⬇️ atelilovedaianasantos.offstore.me como comprar ? Reels 🎬💖,0,0,0,https://www.threads.com/@atelilovecroche_daianasantos?xmt=AQF0pBLlcAZXXJaZNurnahCC0knoHrD_Wa15QWGjDww3QKg,False,Pública,0,,,False,0,0,0
marisa_souza_2503,,False,https://instagram.fpmw2-1.fna.fbcdn.net/v/t51.2885-19/370444916_1007688174018459_8022513217283796711_n.jpg?stp=dst-jpg_s150x150_tt6&efg=eyJ2ZW5jb2RlX3RhZyI6InByb2ZpbGVfcGljLmRqYW5nby43NTAuYzIifQ&_nc_ht=instagram.fpmw2-1.fna.fbcdn.net&_nc_cat=103&_nc_oc=Q6cZ2QGnp-wg9qYISES945GXkGonk_kkFrZxzBqifTg2skaXUOAAKBetdDr6rCbzTGnWTqIhxevgrAWzAWtxfCyeBrNe&_nc_ohc=9feUeRAHEo4Q7kNvwGOal7I&_nc_gid=ndeEY7GGkYKqCdVI9k3WvA&edm=APQMUHMBAAAA&ccb=7-5&oh=00_AfSf0YX4xMjA1Z5psDh7oWvIeDPBpCszCBToaktebnJ_uQ&oe=689295B5&_nc_sid=6ff7c8,Seguir,,0,0,0,,False,Erro inesperado,0,,,False,0,0,0
sz_marianaa,,False,https://instagram.fpmw2-1.fna.fbcdn.net/v/t51.2885-19/504700280_18276089464272962_5399137357871660226_n.jpg?stp=dst-jpg_s150x150_tt6&efg=eyJ2ZW5jb2RlX3RhZyI6InByb2ZpbGVfcGljLmRqYW5nby4xMDgwLmMyIn0&_nc_ht=instagram.fpmw2-1.fna.fbcdn.net&_nc_cat=102&_nc_oc=Q6cZ2QGnp-wg9qYISES945GXkGonk_kkFrZxzBqifTg2skaXUOAAKBetdDr6rCbzTGnWTqIhxevgrAWzAWtxfCyeBrNe&_nc_ohc=74dD0cfae28Q7kNvwFOlj7v&_nc_gid=ndeEY7GGkYKqCdVI9k3WvA&edm=APQMUHMBAAAA&ccb=7-5&oh=00_AfQ0Y0M05dRtfBHIaoAmhmhYH8R--Rfp4S4DzQVANNxLmQ&oe=68929159&_nc_sid=6ff7c8,Seguir,sz_marianaa Mariana_Santos🇧🇷 14 posts 14 1.616 1.616 943 943 🇧🇷🚀 Eng.Agrônoma em formação.🌱⚙️📚,0,0,0,,False,Pública,0,,,False,0,0,0
antoniaedu,,False,https://instagram.fpmw2-1.fna.fbcdn.net/v/t51.2885-19/418381229_215328048315623_4181120785747979709_n.jpg?stp=dst-jpg_s150x150_tt6&efg=eyJ2ZW5jb2RlX3RhZyI6InByb2ZpbGVfcGljLmRqYW5nby43MTMuYzIifQ&_nc_ht=instagram.fpmw2-1.fna.fbcdn.net&_nc_cat=111&_nc_oc=Q6cZ2QGnp-wg9qYISES945GXkGonk_kkFrZxzBqifTg2skaXUOAAKBetdDr6rCbzTGnWTqIhxevgrAWzAWtxfCyeBrNe&_nc_ohc=ba5jJOAJUq4Q7kNvwHOJUm5&_nc_gid=ndeEY7GGkYKqCdVI9k3WvA&edm=APQMUHMBAAAA&ccb=7-5&oh=00_AfTP1aRRallqQH2jRWLZY58ymp_8tGdFRNV46-uHBCV8PQ&oe=689292E2&_nc_sid=6ff7c8,Seguir,antoniaedu Tonya Edu Nhantumbo 21 posts 21 1.016 1.016 1.162 1.162 Destaques,,,,,False,Pública,0,,,False,0,0,0
adriely4935,,False,https://instagram.fpmw2-1.fna.fbcdn.net/v/t51.2885-19/352370072_953241522790937_360195290875406556_n.jpg?stp=dst-jpg_s150x150_tt6&efg=eyJ2ZW5jb2RlX3RhZyI6InByb2ZpbGVfcGljLmRqYW5nby44MTAuYzIifQ&_nc_ht=instagram.fpmw2-1.fna.fbcdn.net&_nc_cat=105&_nc_oc=Q6cZ2QE3xBkbmq6omtchOAqQNlsGPm4g1DCTQDgdTUiicWyaEDoMC0Qbxvo7T3_S3nDImqiv6dZ6LfB30otSHiiXLWW6&_nc_ohc=R8qZnGgH0wsQ7kNvwGDXYLF&_nc_gid=J6SbwvnNoAUtG70Q8hgo5g&edm=APQMUHMBAAAA&ccb=7-5&oh=00_AfRybbxYQkoszIyChBIBt_ghg3ze0wK0UjD02WgCT-JXbw&oe=68926C92&_nc_sid=6ff7c8,Seguir,adriely4935 adriely romero 39 posts 39 731 731 2.822 2.822,0,0,0,,False,Pública,0,,,False,0,0,0
alexandreportoficial,,False,https://instagram.fpmw2-1.fna.fbcdn.net/v/t51.2885-19/466992927_922041102716106_7861372374608689875_n.jpg?stp=dst-jpg_s150x150_tt6&efg=eyJ2ZW5jb2RlX3RhZyI6InByb2ZpbGVfcGljLmRqYW5nby4xMDgwLmMyIn0&_nc_ht=instagram.fpmw2-1.fna.fbcdn.net&_nc_cat=106&_nc_oc=Q6cZ2QE3xBkbmq6omtchOAqQNlsGPm4g1DCTQDgdTUiicWyaEDoMC0Qbxvo7T3_S3nDImqiv6dZ6LfB30otSHiiXLWW6&_nc_ohc=zS29xvbBGX4Q7kNvwEnbKRq&_nc_gid=J6SbwvnNoAUtG70Q8hgo5g&edm=APQMUHMBAAAA&ccb=7-5&oh=00_AfSK_LOjF-Ow-SBwwCNVO4k_09_QA_jPeToi-imKbsQt1w&oe=6892890A&_nc_sid=6ff7c8,Seguir,nopontodanoticia.rds.land/no-ponto-da-noticia-56535878ff16ad5edde1 e mais 1 alexandreportoficial alexandreportoficial Alexandre Porto 239 posts 239 6.062 6.062 7.497 7.497 Empresa de mídia/notícias nopontodanoticia.rds.land/no-ponto-da-noticia-56535878ff16ad5edde1 e mais 1 Eventos Família Palestras,,0,0,https://www.threads.com/@alexandreportoficial?xmt=AQF0nyT233yKMkjoEo46ECaHxk1GqzNJX7ve-vfd-ApkWXk,False,Pública,0,Empresa de mídia/notícias,,True,0,0,0
laurym_aury,,False,https://instagram.fpmw2-1.fna.fbcdn.net/v/t51.2885-19/523873344_17885026698341778_1575189321578234962_n.jpg?stp=dst-jpg_s150x150_tt6&efg=eyJ2ZW5jb2RlX3RhZyI6InByb2ZpbGVfcGljLmRqYW5nby4xMDgwLmMyIn0&_nc_ht=instagram.fpmw2-1.fna.fbcdn.net&_nc_cat=106&_nc_oc=Q6cZ2QE3xBkbmq6omtchOAqQNlsGPm4g1DCTQDgdTUiicWyaEDoMC0Qbxvo7T3_S3nDImqiv6dZ6LfB30otSHiiXLWW6&_nc_ohc=bweIZNiIGl0Q7kNvwF9-Wxk&_nc_gid=J6SbwvnNoAUtG70Q8hgo5g&edm=APQMUHMBAAAA&ccb=7-5&oh=00_AfSwphEFhTCF1bm-Otuta54_E6ph6ua5rucVb3EdLjHXMg&oe=68927962&_nc_sid=6ff7c8,Seguir,laurym_aury 🕷️ 4 posts 4 1.073 1.073 3.854 3.854,0,0,0,,False,Pública,0,,,False,0,0,0
morenatrm7,,False,https://instagram.fpmw2-1.fna.fbcdn.net/v/t51.2885-19/504318476_18035663252647737_6181598389534435687_n.jpg?stp=dst-jpg_s150x150_tt6&efg=eyJ2ZW5jb2RlX3RhZyI6InByb2ZpbGVfcGljLmRqYW5nby43NTAuYzIifQ&_nc_ht=instagram.fpmw2-1.fna.fbcdn.net&_nc_cat=109&_nc_oc=Q6cZ2QE3xBkbmq6omtchOAqQNlsGPm4g1DCTQDgdTUiicWyaEDoMC0Qbxvo7T3_S3nDImqiv6dZ6LfB30otSHiiXLWW6&_nc_ohc=pzNLIqYsOyEQ7kNvwHxjGhp&_nc_gid=J6SbwvnNoAUtG70Q8hgo5g&edm=APQMUHMBAAAA&ccb=7-5&oh=00_AfSZTjq5cO27zJRW-MAId9yZ2Askkgva0ZWhCxmdDPRsdw&oe=6892835C&_nc_sid=6ff7c8,Seguir,morenatrm7 Ana Beatriz 40 posts 40 835 835 6.161 6.161 A luz que ilumina o meu caminho é mais forte que os olhos que querem apagá-lo 🧿🦋 @slipmami posturada e gostosa!! 💋... mais A luz que ilumina o meu caminho é mais forte que os olhos que querem apagá-lo 🧿🦋 @slipmami posturada e gostosa!! 💋 ... mais mais EU! 💋 Paz. 🆘✨ 🔝💞,,,,https://www.threads.com/@morenatrm7?xmt=AQF0SMUtcfRe0wSESrz0ijni5OJyX8jU6GnMa2XwWnxUB8U,False,Pública,0,,,False,0,0,0
aliciamatias38,,False,https://instagram.fpmw2-1.fna.fbcdn.net/v/t51.2885-19/491418375_18010079606724674_127232318774637642_n.jpg?stp=dst-jpg_s150x150_tt6&efg=eyJ2ZW5jb2RlX3RhZyI6InByb2ZpbGVfcGljLmRqYW5nby4xMDgwLmMyIn0&_nc_ht=instagram.fpmw2-1.fna.fbcdn.net&_nc_cat=102&_nc_oc=Q6cZ2QE3xBkbmq6omtchOAqQNlsGPm4g1DCTQDgdTUiicWyaEDoMC0Qbxvo7T3_S3nDImqiv6dZ6LfB30otSHiiXLWW6&_nc_ohc=SC_AkoMTOeEQ7kNvwHL-fpv&_nc_gid=J6SbwvnNoAUtG70Q8hgo5g&edm=APQMUHMBAAAA&ccb=7-5&oh=00_AfTtWoJVmdIwCCQubplP8gM34iP35X2723DEuW7kzDV0nA&oe=68927581&_nc_sid=6ff7c8,Seguir,aliciamatias38 Älïcïä Mätiäs 1 post 1 759 759 2.455 2.455 Prefiro ficar sozinha do que mal acompanhada 😌✨. ... mais Prefiro ficar sozinha do que mal acompanhada 😌✨. ... mais mais,0,0,0,https://www.threads.com/@aliciamatias38?xmt=AQF0qb1PunSa5-PH7bG3BdQrgNA2iUyeihooNI8UGs243Fw,False,Pública,0,,,False,0,0,0
belvithsuares,,False,https://instagram.fpmw2-1.fna.fbcdn.net/v/t51.2885-19/526292097_17908892883189772_88737797120436313_n.jpg?stp=dst-jpg_s150x150_tt6&efg=eyJ2ZW5jb2RlX3RhZyI6InByb2ZpbGVfcGljLmRqYW5nby4xMDAwLmMyIn0&_nc_ht=instagram.fpmw2-1.fna.fbcdn.net&_nc_cat=104&_nc_oc=Q6cZ2QE3xBkbmq6omtchOAqQNlsGPm4g1DCTQDgdTUiicWyaEDoMC0Qbxvo7T3_S3nDImqiv6dZ6LfB30otSHiiXLWW6&_nc_ohc=1RqvjKFArCYQ7kNvwF_Edva&_nc_gid=J6SbwvnNoAUtG70Q8hgo5g&edm=APQMUHMBAAAA&ccb=7-5&oh=00_AfTLS1rmwVpVuuRkkuGJ9B_9apA1D14QSDOh8om56tR3fA&oe=68928A0D&_nc_sid=6ff7c8,Seguir,belvithsuares Belvith Suares 8 posts 8 113 113 1.782 1.782 ɠძz Destaques,0,0,0,https://www.threads.com/@belvithsuares?xmt=AQF0SUDiyf0Oqg0wMDXHqBVU36bLPKmnmEBLRULNteZvAyg,False,Pública,0,,,False,0,0,0
carinerh,,False,https://instagram.fpmw2-1.fna.fbcdn.net/v/t51.2885-19/472301961_1944448932706534_2582875829056638203_n.jpg?stp=dst-jpg_s150x150_tt6&efg=eyJ2ZW5jb2RlX3RhZyI6InByb2ZpbGVfcGljLmRqYW5nby43MjAuYzIifQ&_nc_ht=instagram.fpmw2-1.fna.fbcdn.net&_nc_cat=110&_nc_oc=Q6cZ2QE3xBkbmq6omtchOAqQNlsGPm4g1DCTQDgdTUiicWyaEDoMC0Qbxvo7T3_S3nDImqiv6dZ6LfB30otSHiiXLWW6&_nc_ohc=8XL8V33nvcYQ7kNvwFcGln1&_nc_gid=J6SbwvnNoAUtG70Q8hgo5g&edm=APQMUHMBAAAA&ccb=7-5&oh=00_AfRJTJVzLulG00jbZysRHEIugJqQSXJuEGykbI1VgrxZ9A&oe=689260FD&_nc_sid=6ff7c8,Seguir,carinerh Carine Silva 30 posts 30 727 727 2.337 2.337,0,0,0,,False,Pública,0,,,False,0,0,0
kteixeiranoleto,,False,https://instagram.fpmw2-1.fna.fbcdn.net/v/t51.2885-19/517345972_17956705349986314_2650143604779945050_n.jpg?stp=dst-jpg_s150x150_tt6&efg=eyJ2ZW5jb2RlX3RhZyI6InByb2ZpbGVfcGljLmRqYW5nby4xMDgwLmMyIn0&_nc_ht=instagram.fpmw2-1.fna.fbcdn.net&_nc_cat=106&_nc_oc=Q6cZ2QE3xBkbmq6omtchOAqQNlsGPm4g1DCTQDgdTUiicWyaEDoMC0Qbxvo7T3_S3nDImqiv6dZ6LfB30otSHiiXLWW6&_nc_ohc=IjbJeSRSboEQ7kNvwGVeBH9&_nc_gid=J6SbwvnNoAUtG70Q8hgo5g&edm=APQMUHMBAAAA&ccb=7-5&oh=00_AfQKbveVSTmlu5_4LWnFH28E34bD4QiIAq110O768KUCSQ&oe=6892719A&_nc_sid=6ff7c8,Seguir,,0,0,0,,False,Erro de carregamento,0,,,False,0,0,0
johney_gomes_cardoso,,False,https://instagram.fpmw2-1.fna.fbcdn.net/v/t51.2885-19/497809657_18045373925432494_739177602804186704_n.jpg?stp=dst-jpg_s150x150_tt6&efg=eyJ2ZW5jb2RlX3RhZyI6InByb2ZpbGVfcGljLmRqYW5nby4xMDgwLmMyIn0&_nc_ht=instagram.fpmw2-1.fna.fbcdn.net&_nc_cat=110&_nc_oc=Q6cZ2QE3xBkbmq6omtchOAqQNlsGPm4g1DCTQDgdTUiicWyaEDoMC0Qbxvo7T3_S3nDImqiv6dZ6LfB30otSHiiXLWW6&_nc_ohc=nQe4GipzeJwQ7kNvwF4GjlW&_nc_gid=J6SbwvnNoAUtG70Q8hgo5g&edm=APQMUHMBAAAA&ccb=7-5&oh=00_AfTFJBSzahLI19LyHrOl3NYfgNhzm2WEBycUHsz1p9Y5Ww&oe=689279C7&_nc_sid=6ff7c8,Seguir,johney_gomes_cardoso Johney Gomes Cardoso 1 post 1 461 461 1.110 1.110 Prosseguindo em busca do inatingível 🌐Êxodo 20:1/26 Deuteronômio 5:1/7 🌐 Produtor Rural 🐄🏇 🌐 Pescador 🎣 🌐 Amante de... mais Prosseguindo em busca do inatingível 🌐Êxodo 20:1/26 Deuteronômio 5:1/7 🌐 Produtor Rural 🐄🏇 🌐 Pescador 🎣 🌐 Amante de ... mais mais,0,0,0,https://www.threads.com/@johney_gomes_cardoso?xmt=AQF0-WbshQm3p2WH3AGfjWcc8qPHNvYFAmbpFKZQXrZvPS0,False,Pública,0,,,False,0,0,0
laylachristyna,,False,https://instagram.fpmw2-1.fna.fbcdn.net/v/t51.2885-19/520243672_18016269068732870_896794099389022738_n.jpg?stp=dst-jpg_s150x150_tt6&efg=eyJ2ZW5jb2RlX3RhZyI6InByb2ZpbGVfcGljLmRqYW5nby4xMDc5LmMyIn0&_nc_ht=instagram.fpmw2-1.fna.fbcdn.net&_nc_cat=102&_nc_oc=Q6cZ2QE3xBkbmq6omtchOAqQNlsGPm4g1DCTQDgdTUiicWyaEDoMC0Qbxvo7T3_S3nDImqiv6dZ6LfB30otSHiiXLWW6&_nc_ohc=dyqLs9GZwGIQ7kNvwHY-COg&_nc_gid=J6SbwvnNoAUtG70Q8hgo5g&edm=APQMUHMBAAAA&ccb=7-5&oh=00_AfRjpNHFtXKFXiuyL2ya0ZB4Yl7cRXmqBdvOo84V_tzSzw&oe=689287A1&_nc_sid=6ff7c8,Seguir,"laylachristyna Layla Sousa 22 posts 22 730 730 2.731 2.731 ""Morro para o velho e renasço para o novo.""",0,0,0,https://www.threads.com/@laylachristyna?xmt=AQF0noF4-3vZAWwVPWLLCgnV12MnCO6SKBRxxT_Fi1ppY_w,False,Pública,0,,,False,0,0,0
renildalimmaa,,False,https://instagram.fpmw2-1.fna.fbcdn.net/v/t51.2885-19/308568458_5466840516759678_8300360568177173389_n.jpg?stp=dst-jpg_s150x150_tt6&efg=eyJ2ZW5jb2RlX3RhZyI6InByb2ZpbGVfcGljLmRqYW5nby45NTYuYzIifQ&_nc_ht=instagram.fpmw2-1.fna.fbcdn.net&_nc_cat=106&_nc_oc=Q6cZ2QGb6rk7Rzypaegib_QyZx2vpCRk7utdkCMMVl6oYqXohVOOYfytQT9X3hCEkBEPRJ-1rRqZ1DrDl1W4o-p2A8Fo&_nc_ohc=E2QKVUnIkWAQ7kNvwEe3aE5&_nc_gid=QurHafL-RWpWH4vUPX1asA&edm=APQMUHMBAAAA&ccb=7-5&oh=00_AfQFs07OrJSUiJHOHXTGiujgOV1KhvikvN4rqwYYfthiDw&oe=68928745&_nc_sid=6ff7c8,Seguir,,0,0,0,,False,Erro inesperado,0,,,False,0,0,0
nick_cruz_lv,,False,https://instagram.fyzd1-2.fna.fbcdn.net/v/t51.2885-19/464760996_1254146839119862_3605321457742435801_n.png?stp=dst-jpg_e0_s150x150_tt6&cb=8577c754-c2464923&efg=eyJ2ZW5jb2RlX3RhZyI6InByb2ZpbGVfcGljLmRqYW5nby4xNTAuYzIifQ&_nc_ht=instagram.fyzd1-2.fna.fbcdn.net&_nc_cat=1&_nc_oc=Q6cZ2QHShROXUpH3Dom0AgmiA4MnHP5mF5MjwJDKTQmitMZ0ka586APxLrSPIN2a2YEZwkpuyPIrbjpnlycQjkKnaafi&_nc_ohc=cmGW-gSOmkoQ7kNvwHXOdXT&_nc_gid=cWATC72AdGjY7V5qA55Psg&edm=AB11_MABAAAA&ccb=7-5&ig_cache_key=YW5vbnltb3VzX3Byb2ZpbGVfcGlj.3-ccb7-5-cb8577c754-c2464923&oh=00_AfTUVvvWI7AyNqmkLluiI0URjSqEbhDzAx4Bm8zJIgbHOA&oe=68928E28&_nc_sid=dc5e7f,Seguir,,0,0,0,,False,Erro de carregamento,0,,,False,0,0,0
mercedesrebelo,,False,https://instagram.fpmw2-1.fna.fbcdn.net/v/t51.2885-19/509095507_18508065955033595_77595522616404562_n.jpg?stp=dst-jpg_s150x150_tt6&efg=eyJ2ZW5jb2RlX3RhZyI6InByb2ZpbGVfcGljLmRqYW5nby44MjguYzIifQ&_nc_ht=instagram.fpmw2-1.fna.fbcdn.net&_nc_cat=111&_nc_oc=Q6cZ2QGb6rk7Rzypaegib_QyZx2vpCRk7utdkCMMVl6oYqXohVOOYfytQT9X3hCEkBEPRJ-1rRqZ1DrDl1W4o-p2A8Fo&_nc_ohc=5yHMF8PpO-4Q7kNvwHY-24A&_nc_gid=QurHafL-RWpWH4vUPX1asA&edm=APQMUHMBAAAA&ccb=7-5&oh=00_AfSrsseVqwlTX-enaidv0OzDerP72_CveJ2s4Q8aCA9YHg&oe=689267D3&_nc_sid=6ff7c8,Seguir,mercedesrebelo Mercedes Rebelo 0 posts 0 1.703 1.703 1.427 1.427 Mãe👩🏽‍🤝‍👨🏼💜🩵 #DOCTOR👩🏽‍⚕️🩺💊MedicinaOcupacional❤️ Longe de ser #perfeita,0,0,0,,False,Pública,0,,,False,0,0,0
leandrafurtimi,,False,https://instagram.fpmw2-1.fna.fbcdn.net/v/t51.2885-19/496946894_17945027927987053_1276163253728568982_n.jpg?stp=dst-jpg_s150x150_tt6&efg=eyJ2ZW5jb2RlX3RhZyI6InByb2ZpbGVfcGljLmRqYW5nby45NjIuYzIifQ&_nc_ht=instagram.fpmw2-1.fna.fbcdn.net&_nc_cat=101&_nc_oc=Q6cZ2QGb6rk7Rzypaegib_QyZx2vpCRk7utdkCMMVl6oYqXohVOOYfytQT9X3hCEkBEPRJ-1rRqZ1DrDl1W4o-p2A8Fo&_nc_ohc=zVoi4_gNstgQ7kNvwESy8_Q&_nc_gid=QurHafL-RWpWH4vUPX1asA&edm=APQMUHMBAAAA&ccb=7-5&oh=00_AfR1xqsBSMecVsoY-9rdye2UaMqNi-YenF-r_AbIE1ULIw&oe=689275BB&_nc_sid=6ff7c8,Seguir,leandrafurtimi Leandra Cristiane Furtimi 117 posts 117 228 228 4.293 4.293,0,0,0,https://www.threads.com/@leandrafurtimi?xmt=AQF01B0bXqTxUz6WRZ0_F7V3TrsFKBCKu4jFgwvLIX9WdA0,False,Pública,0,,,False,0,0,0
hadassacristina40,,False,https://instagram.fpmw2-1.fna.fbcdn.net/v/t51.2885-19/523100640_17855226666473906_6407891377844241425_n.jpg?stp=dst-jpg_s150x150_tt6&efg=eyJ2ZW5jb2RlX3RhZyI6InByb2ZpbGVfcGljLmRqYW5nby4xMDgwLmMyIn0&_nc_ht=instagram.fpmw2-1.fna.fbcdn.net&_nc_cat=102&_nc_oc=Q6cZ2QGb6rk7Rzypaegib_QyZx2vpCRk7utdkCMMVl6oYqXohVOOYfytQT9X3hCEkBEPRJ-1rRqZ1DrDl1W4o-p2A8Fo&_nc_ohc=kWwiN1DVPP4Q7kNvwEGH9Ob&_nc_gid=QurHafL-RWpWH4vUPX1asA&edm=APQMUHMBAAAA&ccb=7-5&oh=00_AfQLST7n0EA8L0muTa28MKbrlmmqB24cWe7mKUbhB2V1BQ&oe=6892951A&_nc_sid=6ff7c8,Seguir,hadassacristina40 HADASSA 😶‍🌫️😶‍🌫️ 0 posts 0 311 311 7.352 7.352 🥀🥀,0,0,0,https://www.threads.com/@hadassacristina40?xmt=AQF0Ir1e8gf8Mb0pRigOJHqPEvVReez0Y6xaWNme4V7S1_s,False,Pública,0,,,False,0,0,0
steffaninervis,,False,https://instagram.fpmw2-1.fna.fbcdn.net/v/t51.2885-19/467409179_1247352602980417_4481215467331643807_n.jpg?stp=dst-jpg_s150x150_tt6&efg=eyJ2ZW5jb2RlX3RhZyI6InByb2ZpbGVfcGljLmRqYW5nby4xMDgwLmMyIn0&_nc_ht=instagram.fpmw2-1.fna.fbcdn.net&_nc_cat=101&_nc_oc=Q6cZ2QGb6rk7Rzypaegib_QyZx2vpCRk7utdkCMMVl6oYqXohVOOYfytQT9X3hCEkBEPRJ-1rRqZ1DrDl1W4o-p2A8Fo&_nc_ohc=iUS4EhiejJ8Q7kNvwEA19zZ&_nc_gid=QurHafL-RWpWH4vUPX1asA&edm=APQMUHMBAAAA&ccb=7-5&oh=00_AfTUR9KK7-7Uw2gTthjHYuetDViFCh4BGvvll16mkHQh6A&oe=689265DA&_nc_sid=6ff7c8,Seguir,,0,0,0,,False,Erro inesperado,0,,,False,0,0,0
lauraxs.laet,,False,https://instagram.fpmw2-1.fna.fbcdn.net/v/t51.2885-19/523141911_17873791350391914_7131571163684571514_n.jpg?stp=dst-jpg_s150x150_tt6&efg=eyJ2ZW5jb2RlX3RhZyI6InByb2ZpbGVfcGljLmRqYW5nby4xMDgwLmMyIn0&_nc_ht=instagram.fpmw2-1.fna.fbcdn.net&_nc_cat=106&_nc_oc=Q6cZ2QGb6rk7Rzypaegib_QyZx2vpCRk7utdkCMMVl6oYqXohVOOYfytQT9X3hCEkBEPRJ-1rRqZ1DrDl1W4o-p2A8Fo&_nc_ohc=o26nz9CLkE8Q7kNvwG1e3S5&_nc_gid=QurHafL-RWpWH4vUPX1asA&edm=APQMUHMBAAAA&ccb=7-5&oh=00_AfSMnJX9v9smOfdcYklGKaa2o8w6eQo0VxKkfqFkU_Ha_w&oe=68927E3B&_nc_sid=6ff7c8,Seguir,,0,0,0,,False,Erro de carregamento,0,,,False,0,0,0
tuliolopezz,,False,https://instagram.fpmw2-1.fna.fbcdn.net/v/t51.2885-19/426985880_257820657261941_5157245881497216101_n.jpg?stp=dst-jpg_s150x150_tt6&efg=eyJ2ZW5jb2RlX3RhZyI6InByb2ZpbGVfcGljLmRqYW5nby4xMDgwLmMyIn0&_nc_ht=instagram.fpmw2-1.fna.fbcdn.net&_nc_cat=105&_nc_oc=Q6cZ2QGb6rk7Rzypaegib_QyZx2vpCRk7utdkCMMVl6oYqXohVOOYfytQT9X3hCEkBEPRJ-1rRqZ1DrDl1W4o-p2A8Fo&_nc_ohc=g9Q6n8gKatEQ7kNvwE0fYwU&_nc_gid=QurHafL-RWpWH4vUPX1asA&edm=APQMUHMBAAAA&ccb=7-5&oh=00_AfR-Xr4bM3bc4A-g2PJLKgQi-5c0IwyW8EbkSaq_QlLUQg&oe=68927D61&_nc_sid=6ff7c8,Seguir,tuliolopezz Túlio Lopes 34 posts 34 1.279 1.279 973 973 Téc. em Agropecuária,0,0,0,,False,Pública,0,,,False,0,0,0
susannesabinodeandrade,,False,https://instagram.fpmw2-1.fna.fbcdn.net/v/t51.2885-19/471377937_574129805241426_4146543428913296568_n.jpg?stp=dst-jpg_s150x150_tt6&efg=eyJ2ZW5jb2RlX3RhZyI6InByb2ZpbGVfcGljLmRqYW5nby4xMDgwLmMyIn0&_nc_ht=instagram.fpmw2-1.fna.fbcdn.net&_nc_cat=106&_nc_oc=Q6cZ2QGb6rk7Rzypaegib_QyZx2vpCRk7utdkCMMVl6oYqXohVOOYfytQT9X3hCEkBEPRJ-1rRqZ1DrDl1W4o-p2A8Fo&_nc_ohc=g86QyRU-cGMQ7kNvwGOwB8A&_nc_gid=QurHafL-RWpWH4vUPX1asA&edm=APQMUHMBAAAA&ccb=7-5&oh=00_AfT-c8Wxnab9kdkJYh2VhF2wfidwa3T2ldD1_7Xxa5UCBg&oe=68926EA9&_nc_sid=6ff7c8,Seguir,susannesabinodeandrade Susanne Sabino de Andrade 124 posts 124 958 958 3.624 3.624,0,0,0,,False,Pública,0,,,False,0,0,0
lauricortez,,False,https://instagram.fpmw2-1.fna.fbcdn.net/v/t51.2885-19/485124886_1541009256585317_296620221135467351_n.jpg?stp=dst-jpg_s150x150_tt6&efg=eyJ2ZW5jb2RlX3RhZyI6InByb2ZpbGVfcGljLmRqYW5nby4xMDgwLmMyIn0&_nc_ht=instagram.fpmw2-1.fna.fbcdn.net&_nc_cat=105&_nc_oc=Q6cZ2QGb6rk7Rzypaegib_QyZx2vpCRk7utdkCMMVl6oYqXohVOOYfytQT9X3hCEkBEPRJ-1rRqZ1DrDl1W4o-p2A8Fo&_nc_ohc=p2gXYGjyoXsQ7kNvwG8MkKu&_nc_gid=QurHafL-RWpWH4vUPX1asA&edm=APQMUHMBAAAA&ccb=7-5&oh=00_AfQLNZ0jc8EqjtjmSHzGcrv2GIYjZd2dfJ94SR3IklrVIA&oe=68928613&_nc_sid=6ff7c8,Seguir,lauricortez Laurianne Cortez da Silva 209 posts 209 1.061 1.061 5.108 5.108,0,0,0,https://www.threads.com/@lauricortez?xmt=AQF08vsyQvKe-LYD8spTQHQ2S5MkbirxeC-V3oevLGgMd9Q,False,Pública,0,,,False,0,0,0
jubim.7,,False,https://instagram.fpmw2-1.fna.fbcdn.net/v/t51.2885-19/523496793_17886676839332933_7915656606203016903_n.jpg?stp=dst-jpg_s150x150_tt6&efg=eyJ2ZW5jb2RlX3RhZyI6InByb2ZpbGVfcGljLmRqYW5nby4xMDgwLmMyIn0&_nc_ht=instagram.fpmw2-1.fna.fbcdn.net&_nc_cat=105&_nc_oc=Q6cZ2QEosMstQcYFy1B7cVjxuJt-OuMaq9EP64TRGIhETsfKh75sLlh8YijUStF2sWaX8eD8-nB4i9x4xL977rNC5atz&_nc_ohc=njv3IYyOskcQ7kNvwEKYPWw&_nc_gid=ujUQOfSa2rw4PVUaPOOz_A&edm=APQMUHMBAAAA&ccb=7-5&oh=00_AfTnnvs3yxwt2krJiuTJSymGsLBhCREb1FN09oTgWhwrSw&oe=6892781C&_nc_sid=6ff7c8,Seguir,,0,0,0,,False,Erro de carregamento,0,,,False,0,0,0
siimone.moura,,False,https://instagram.fpmw2-1.fna.fbcdn.net/v/t51.2885-19/508682738_18511948987006481_4878370811248850386_n.jpg?stp=dst-jpg_s150x150_tt6&efg=eyJ2ZW5jb2RlX3RhZyI6InByb2ZpbGVfcGljLmRqYW5nby4xMDgwLmMyIn0&_nc_ht=instagram.fpmw2-1.fna.fbcdn.net&_nc_cat=105&_nc_oc=Q6cZ2QEosMstQcYFy1B7cVjxuJt-OuMaq9EP64TRGIhETsfKh75sLlh8YijUStF2sWaX8eD8-nB4i9x4xL977rNC5atz&_nc_ohc=WcrVjVdozHUQ7kNvwF4R4mE&_nc_gid=ujUQOfSa2rw4PVUaPOOz_A&edm=APQMUHMBAAAA&ccb=7-5&oh=00_AfS2QHddgbMl0aIzpC01_lgb6bzkZ0yRs7rOMsJZNKjqMg&oe=6892787F&_nc_sid=6ff7c8,Seguir,siimone.moura Simone Moura 25 posts 25 676 676 1.568 1.568 Viva pelo que é eterno.. 🐈🐾❤️ 🖤🤍,0,0,0,https://www.threads.com/@siimone.moura?xmt=AQF0t1Q0ON0d_nrQXHtUqdj3jzzMgBq81I2b0s6Pd-2Pl5k,False,Pública,0,,,False,0,0,0
romelia_tavares,,False,https://instagram.fpmw2-1.fna.fbcdn.net/v/t51.2885-19/449356450_2214613198882355_4164373659710530436_n.jpg?stp=dst-jpg_s150x150_tt6&efg=eyJ2ZW5jb2RlX3RhZyI6InByb2ZpbGVfcGljLmRqYW5nby4xMDgwLmMyIn0&_nc_ht=instagram.fpmw2-1.fna.fbcdn.net&_nc_cat=111&_nc_oc=Q6cZ2QEosMstQcYFy1B7cVjxuJt-OuMaq9EP64TRGIhETsfKh75sLlh8YijUStF2sWaX8eD8-nB4i9x4xL977rNC5atz&_nc_ohc=SWIxmaFtl5oQ7kNvwEJnLPt&_nc_gid=ujUQOfSa2rw4PVUaPOOz_A&edm=APQMUHMBAAAA&ccb=7-5&oh=00_AfSfEmzA93fkrwd-USJVo78sCAI2e2ZUGvLsp0JhNdzRhg&oe=689295EF&_nc_sid=6ff7c8,Seguir,,0,0,0,,False,Erro inesperado,0,,,False,0,0,0
filomenadapaixao,,False,https://instagram.fpmw2-1.fna.fbcdn.net/v/t51.2885-19/485702513_622404460585841_2365869026999971926_n.jpg?stp=dst-jpg_s150x150_tt6&efg=eyJ2ZW5jb2RlX3RhZyI6InByb2ZpbGVfcGljLmRqYW5nby4xMDgwLmMyIn0&_nc_ht=instagram.fpmw2-1.fna.fbcdn.net&_nc_cat=105&_nc_oc=Q6cZ2QFp2LjIMnWp2WbmXckGHx2BfbQtE01GI2nTg6m-TFbGZAF3aXQHN_u2K6BNO3rJwbJv7xoMHmpsP7vosnd5d59Q&_nc_ohc=1mnhkijir3kQ7kNvwEakb8i&_nc_gid=oT7XL8Wmox5-M5EofhD0fg&edm=APQMUHMBAAAA&ccb=7-5&oh=00_AfTkf6puACc6QiYqwhSB5yiL6Q5JDmA8xdLb1b61X3gc8w&oe=68927099&_nc_sid=6ff7c8,Seguir,filomenadapaixao Filomena Da Paixão 5 posts 5 177 177 3.962 3.962,0,0,0,https://www.threads.com/@filomenadapaixao?xmt=AQF032LUnf1T53ENj9n7z2SwlWa7e6tdNSQxPyA-gOk1hDI,False,Pública,0,,,False,0,0,0
anapaula_almeida_79,,False,https://instagram.fpmw2-1.fna.fbcdn.net/v/t51.2885-19/519493554_18395939704143052_3476270184959375794_n.jpg?stp=dst-jpg_s150x150_tt6&efg=eyJ2ZW5jb2RlX3RhZyI6InByb2ZpbGVfcGljLmRqYW5nby4xMDgwLmMyIn0&_nc_ht=instagram.fpmw2-1.fna.fbcdn.net&_nc_cat=104&_nc_oc=Q6cZ2QEosMstQcYFy1B7cVjxuJt-OuMaq9EP64TRGIhETsfKh75sLlh8YijUStF2sWaX8eD8-nB4i9x4xL977rNC5atz&_nc_ohc=aMCNB90wy7AQ7kNvwHsS7M3&_nc_gid=ujUQOfSa2rw4PVUaPOOz_A&edm=APQMUHMBAAAA&ccb=7-5&oh=00_AfRGIdrqg93YuWbgnNS0vZcu4KJYg__lsfdo1Ps4qx9zog&oe=689269E8&_nc_sid=6ff7c8,Seguir,,0,0,0,,False,Erro de carregamento,0,,,False,0,0,0
dorynha.alves,,False,https://instagram.fpmw2-1.fna.fbcdn.net/v/t51.2885-19/517429632_17869050477405990_1944861448260701423_n.jpg?stp=dst-jpg_s150x150_tt6&efg=eyJ2ZW5jb2RlX3RhZyI6InByb2ZpbGVfcGljLmRqYW5nby43NDEuYzIifQ&_nc_ht=instagram.fpmw2-1.fna.fbcdn.net&_nc_cat=106&_nc_oc=Q6cZ2QE4LPruc1Wx5Jt2CI2O318HQIf0_6ArfTsOF0615dXeMLPboDTrzID6DmTsvBAzxF73WVWNrIJT8xPAs1fBT3wL&_nc_ohc=DcyQ5k3B-GcQ7kNvwFalyVH&_nc_gid=AnH9wv06N4psBh2AYa4pJA&edm=APQMUHMBAAAA&ccb=7-5&oh=00_AfQR2JNn31HbQb_0lNVaEsSyHLUU7cnm4nfR_v1GXKxZEg&oe=68927EF0&_nc_sid=6ff7c8,Seguir,dorynha.alves Dorynha Alves 1 post 1 81 81 455 455 Cristã .louvem e engrandeça ao senhor nosso Deus .🫶🏻🦋,0,0,0,https://www.threads.com/@dorynha.alves?xmt=AQF0IJY50H3TkQI9SH_1FJrkVtCUnpeBEjlwPPKhcYpKA_M,False,Pública,0,,,False,0,0,0
puts_eh_a_nah,,False,https://instagram.fpmw2-1.fna.fbcdn.net/v/t51.2885-19/525584096_17918182707131844_2407863788509175199_n.jpg?stp=dst-jpg_s150x150_tt6&efg=eyJ2ZW5jb2RlX3RhZyI6InByb2ZpbGVfcGljLmRqYW5nby4xMDgwLmMyIn0&_nc_ht=instagram.fpmw2-1.fna.fbcdn.net&_nc_cat=100&_nc_oc=Q6cZ2QE4LPruc1Wx5Jt2CI2O318HQIf0_6ArfTsOF0615dXeMLPboDTrzID6DmTsvBAzxF73WVWNrIJT8xPAs1fBT3wL&_nc_ohc=U-nPL3RsyEMQ7kNvwEi5a9i&_nc_gid=AnH9wv06N4psBh2AYa4pJA&edm=APQMUHMBAAAA&ccb=7-5&oh=00_AfST3_ZENaTldBQWmTQ4-pYWv4u5Sna4x1YkHVcDBMMj0A&oe=689275E5&_nc_sid=6ff7c8,Seguir,,0,0,0,,False,Erro de carregamento,0,,,False,0,0,0
intercessorasamigas,,False,https://instagram.fpmw2-1.fna.fbcdn.net/v/t51.2885-19/510962747_17845724175512893_665726587184703533_n.jpg?stp=dst-jpg_s150x150_tt6&efg=eyJ2ZW5jb2RlX3RhZyI6InByb2ZpbGVfcGljLmRqYW5nby43MjAuYzIifQ&_nc_ht=instagram.fpmw2-1.fna.fbcdn.net&_nc_cat=101&_nc_oc=Q6cZ2QFp2LjIMnWp2WbmXckGHx2BfbQtE01GI2nTg6m-TFbGZAF3aXQHN_u2K6BNO3rJwbJv7xoMHmpsP7vosnd5d59Q&_nc_ohc=ucXVbFuZNw8Q7kNvwFNhas_&_nc_gid=oT7XL8Wmox5-M5EofhD0fg&edm=APQMUHMBAAAA&ccb=7-5&oh=00_AfQVfCSna1qyLoA5Z8aQLUAA6VUMesdzLjpLgb6s11nIag&oe=6892823F&_nc_sid=6ff7c8,Seguir,,0,0,0,,False,Erro de carregamento,0,,,False,0,0,0
eugeniadeoliveiraa,,False,https://instagram.fpmw2-1.fna.fbcdn.net/v/t51.2885-19/471651547_1716752765721385_2197262202681770355_n.jpg?stp=dst-jpg_s150x150_tt6&efg=eyJ2ZW5jb2RlX3RhZyI6InByb2ZpbGVfcGljLmRqYW5nby4xMDgwLmMyIn0&_nc_ht=instagram.fpmw2-1.fna.fbcdn.net&_nc_cat=101&_nc_oc=Q6cZ2QEosMstQcYFy1B7cVjxuJt-OuMaq9EP64TRGIhETsfKh75sLlh8YijUStF2sWaX8eD8-nB4i9x4xL977rNC5atz&_nc_ohc=BjrhDVeqDQsQ7kNvwGJPUeJ&_nc_gid=ujUQOfSa2rw4PVUaPOOz_A&edm=APQMUHMBAAAA&ccb=7-5&oh=00_AfRzxA2QeCv3WKxhRH6AC8Iu0534xGo16No0M_bY7KLBBQ&oe=68927BE4&_nc_sid=6ff7c8,Seguir,eugeniadeoliveiraa Eugenia de Oliveira Agostinho 0 posts 0 47 47 492 492,0,0,0,,False,Pública,0,,,False,0,0,0
pvd_lara0016,,False,https://instagram.fpmw2-1.fna.fbcdn.net/v/t51.2885-19/497685454_17902824255174558_3338478107439439711_n.jpg?stp=dst-jpg_s150x150_tt6&efg=eyJ2ZW5jb2RlX3RhZyI6InByb2ZpbGVfcGljLmRqYW5nby4xMDc4LmMyIn0&_nc_ht=instagram.fpmw2-1.fna.fbcdn.net&_nc_cat=106&_nc_oc=Q6cZ2QE4LPruc1Wx5Jt2CI2O318HQIf0_6ArfTsOF0615dXeMLPboDTrzID6DmTsvBAzxF73WVWNrIJT8xPAs1fBT3wL&_nc_ohc=wUsjOsKiNF0Q7kNvwEGCC9A&_nc_gid=AnH9wv06N4psBh2AYa4pJA&edm=APQMUHMBAAAA&ccb=7-5&oh=00_AfQg7OAlWHjRBjsJGYkfw_aPCB7jiMfczvhq3ngiQONEFg&oe=68926C04&_nc_sid=6ff7c8,Seguir,pvd_lara0016 lara🌀🌙 3 posts 3 250 250 3.763 3.763 seja vc mesma em qualquer momento💖✨️🎀 cristã💒,0,0,0,,False,Pública,0,,,False,0,0,0
marcia2137304,,False,https://instagram.fpmw2-1.fna.fbcdn.net/v/t51.2885-19/471434077_910299214504355_4391919470006789686_n.jpg?stp=dst-jpg_s150x150_tt6&efg=eyJ2ZW5jb2RlX3RhZyI6InByb2ZpbGVfcGljLmRqYW5nby4xMDc1LmMyIn0&_nc_ht=instagram.fpmw2-1.fna.fbcdn.net&_nc_cat=111&_nc_oc=Q6cZ2QE4LPruc1Wx5Jt2CI2O318HQIf0_6ArfTsOF0615dXeMLPboDTrzID6DmTsvBAzxF73WVWNrIJT8xPAs1fBT3wL&_nc_ohc=Mxk3l990xxkQ7kNvwHSO2h_&_nc_gid=AnH9wv06N4psBh2AYa4pJA&edm=APQMUHMBAAAA&ccb=7-5&oh=00_AfTIk-cgxp8UVC1xh_HzLaryjpZX8E-UCW9URW4hvN6xFg&oe=6892860B&_nc_sid=6ff7c8,Seguir,marcia2137304 Marcia Paula 63 posts 63 461 461 7.474 7.474 ser feliz e minha meta 🥰,0,0,0,https://www.threads.com/@marcia2137304?xmt=AQF08zCP_OjkGiPooipVEiexsh90Pm5tgDXEclsbRPifNKw,False,Pública,0,,,False,0,0,0
melynamalmeida,,False,https://instagram.fpmw2-1.fna.fbcdn.net/v/t51.2885-19/453532066_3853985458257036_5535799555302092475_n.jpg?stp=dst-jpg_s150x150_tt6&efg=eyJ2ZW5jb2RlX3RhZyI6InByb2ZpbGVfcGljLmRqYW5nby4xMDI0LmMyIn0&_nc_ht=instagram.fpmw2-1.fna.fbcdn.net&_nc_cat=100&_nc_oc=Q6cZ2QE4LPruc1Wx5Jt2CI2O318HQIf0_6ArfTsOF0615dXeMLPboDTrzID6DmTsvBAzxF73WVWNrIJT8xPAs1fBT3wL&_nc_ohc=62oGfAOo5DwQ7kNvwF_Ol3d&_nc_gid=AnH9wv06N4psBh2AYa4pJA&edm=APQMUHMBAAAA&ccb=7-5&oh=00_AfTAq_J179v_woQMAw69cbEB4U2GUXSFoa1XP_QphwvcSg&oe=689283E5&_nc_sid=6ff7c8,Seguir,melynamalmeida Melyna Marques de Almeida 541 posts 541 1.739 1.739 1.930 1.930 ... mais mais dramelynaalmeida.com.br,0,0,0,https://www.threads.com/@melynamalmeida?xmt=AQF0cS1PM9Iz5qRoRlaIdHBORe0tBLlPv-2xkLNZT8G43Cg,False,Pública,0,,,False,0,0,0
gabii.affonso,,False,https://instagram.fpmw2-1.fna.fbcdn.net/v/t51.2885-19/480950302_2098417447278547_8803267753584456636_n.jpg?stp=dst-jpg_s150x150_tt6&efg=eyJ2ZW5jb2RlX3RhZyI6InByb2ZpbGVfcGljLmRqYW5nby4xMDgwLmMyIn0&_nc_ht=instagram.fpmw2-1.fna.fbcdn.net&_nc_cat=107&_nc_oc=Q6cZ2QEosMstQcYFy1B7cVjxuJt-OuMaq9EP64TRGIhETsfKh75sLlh8YijUStF2sWaX8eD8-nB4i9x4xL977rNC5atz&_nc_ohc=F3a-FTZJjywQ7kNvwFmxwHU&_nc_gid=ujUQOfSa2rw4PVUaPOOz_A&edm=APQMUHMBAAAA&ccb=7-5&oh=00_AfRUI6IOp2Ib28uykUwbXfObIRQ3drxv7PDziJBnLgfh4g&oe=6892974A&_nc_sid=6ff7c8,Seguir,gabii.affonso Gabriela Affonso 573 posts 573 3.832 3.832 5.190 5.190 ADVOGADA ⚖ CRISTÃ ❤,0,0,0,,False,Pública,0,,,False,0,0,0
queiroz.bhering,,False,https://instagram.fpmw2-1.fna.fbcdn.net/v/t51.2885-19/511431939_17867244477403738_3768873724048798888_n.jpg?stp=dst-jpg_s150x150_tt6&efg=eyJ2ZW5jb2RlX3RhZyI6InByb2ZpbGVfcGljLmRqYW5nby4xMDgwLmMyIn0&_nc_ht=instagram.fpmw2-1.fna.fbcdn.net&_nc_cat=110&_nc_oc=Q6cZ2QEosMstQcYFy1B7cVjxuJt-OuMaq9EP64TRGIhETsfKh75sLlh8YijUStF2sWaX8eD8-nB4i9x4xL977rNC5atz&_nc_ohc=GamCPyowcJkQ7kNvwHXFcqV&_nc_gid=ujUQOfSa2rw4PVUaPOOz_A&edm=APQMUHMBAAAA&ccb=7-5&oh=00_AfS7XLIZ-yk5u0U-N-DY72eNRNb1RCYMA32xlzBhtcVecw&oe=68927884&_nc_sid=6ff7c8,Seguir,queiroz.bhering •𝕸𝖆𝖑𝖚♡ 1 post 1 262 262 3.116 3.116,0,0,0,,False,Pública,0,,,False,0,0,0
tiago_barba86,,False,https://instagram.fpmw2-1.fna.fbcdn.net/v/t51.2885-19/474796763_637720925425782_6674921999750364233_n.jpg?stp=dst-jpg_s150x150_tt6&efg=eyJ2ZW5jb2RlX3RhZyI6InByb2ZpbGVfcGljLmRqYW5nby4xMDU3LmMyIn0&_nc_ht=instagram.fpmw2-1.fna.fbcdn.net&_nc_cat=106&_nc_oc=Q6cZ2QEosMstQcYFy1B7cVjxuJt-OuMaq9EP64TRGIhETsfKh75sLlh8YijUStF2sWaX8eD8-nB4i9x4xL977rNC5atz&_nc_ohc=Ri1Q5OMH7HMQ7kNvwFV70L7&_nc_gid=ujUQOfSa2rw4PVUaPOOz_A&edm=APQMUHMBAAAA&ccb=7-5&oh=00_AfRcd7sQ111zKGXQlH7DwAPmc6xIlG36e65pj7mBi64MTg&oe=68926E41&_nc_sid=6ff7c8,Seguir,tiago_barba86 Tiago Cabral 6 posts 6 258 258 565 565,0,0,0,,False,Pública,0,,,False,0,0,0
adenilsoreversi,,False,https://instagram.fpmw2-1.fna.fbcdn.net/v/t51.2885-19/485044399_9484773568251229_7703809869405355167_n.jpg?stp=dst-jpg_s150x150_tt6&efg=eyJ2ZW5jb2RlX3RhZyI6InByb2ZpbGVfcGljLmRqYW5nby4xMDgwLmMyIn0&_nc_ht=instagram.fpmw2-1.fna.fbcdn.net&_nc_cat=101&_nc_oc=Q6cZ2QEosMstQcYFy1B7cVjxuJt-OuMaq9EP64TRGIhETsfKh75sLlh8YijUStF2sWaX8eD8-nB4i9x4xL977rNC5atz&_nc_ohc=XexfdHwHvagQ7kNvwHMfCoQ&_nc_gid=ujUQOfSa2rw4PVUaPOOz_A&edm=APQMUHMBAAAA&ccb=7-5&oh=00_AfSZ-KLT8uU40Q9uLvZ7lKLq_SKos65mUw6uh6uVsrihIg&oe=6892811E&_nc_sid=6ff7c8,Seguir,adenilsoreversi Adenilso Reversi 76 posts 76 312 312 738 738,0,0,0,,False,Pública,0,,,False,0,0,0
kakaja0000,,False,https://instagram.fjdo14-1.fna.fbcdn.net/v/t51.2885-19/464760996_1254146839119862_3605321457742435801_n.png?stp=dst-jpg_e0_s150x150_tt6&cb=8577c754-c2464923&efg=eyJ2ZW5jb2RlX3RhZyI6InByb2ZpbGVfcGljLmRqYW5nby4xNTAuYzIifQ&_nc_ht=instagram.fjdo14-1.fna.fbcdn.net&_nc_cat=1&_nc_oc=Q6cZ2QGQs_pTst9_yjCwfzV4c97VKB0i56b3pJYYeqPKw2WCM2hyqdgxCeEHUJeBL4a9SO0&_nc_ohc=cmGW-gSOmkoQ7kNvwECF-JQ&_nc_gid=5cHms11lzcjGnZ3CBxPxKQ&edm=AL4D0a4BAAAA&ccb=7-5&ig_cache_key=YW5vbnltb3VzX3Byb2ZpbGVfcGlj.3-ccb7-5-cb8577c754-c2464923&oh=00_AfTIPnmpIY3YchOPy10D1JuWUrzCf-rw2c1b6RwNJ2SgaA&oe=68928E28&_nc_sid=9e8221,Seguir,0 posts 0 0 5 5,0,0,0,,False,Pública,0,,,False,0,0,0
ivonetinha1026,,False,https://scontent-atl3-2.cdninstagram.com/v/t51.2885-19/464760996_1254146839119862_3605321457742435801_n.png?stp=dst-jpg_e0_s150x150_tt6&cb=8577c754-c2464923&efg=eyJ2ZW5jb2RlX3RhZyI6InByb2ZpbGVfcGljLmRqYW5nby4xNTAuYzIifQ&_nc_ht=scontent-atl3-2.cdninstagram.com&_nc_cat=1&_nc_oc=Q6cZ2QHNvtTJh1cnNqMYLsA436ZqPWXgaGdXCamwYNVDp_p5fikRM4Ap1ufUHrgT9t6tsyxx_YcVPfdauCXHAsbtUQMc&_nc_ohc=cmGW-gSOmkoQ7kNvwFLlaw2&_nc_gid=pibrdafJt1ytLfrtGDOBpA&edm=AA0lj5EBAAAA&ccb=7-5&ig_cache_key=YW5vbnltb3VzX3Byb2ZpbGVfcGlj.3-ccb7-5-cb8577c754-c2464923&oh=00_AfRwpKdXtDUo3mmS5hkGT3igKbdPIq0PwSQyjNinXgSFNA&oe=68928E28&_nc_sid=0a490e,Seguir,,0,0,0,,False,Erro de carregamento,0,,,False,0,0,0
offdudonha,,False,https://instagram.fpmw2-1.fna.fbcdn.net/v/t51.2885-19/509623782_17909605434156805_3050887209199458911_n.jpg?stp=dst-jpg_s150x150_tt6&efg=eyJ2ZW5jb2RlX3RhZyI6InByb2ZpbGVfcGljLmRqYW5nby4xMDgwLmMyIn0&_nc_ht=instagram.fpmw2-1.fna.fbcdn.net&_nc_cat=101&_nc_oc=Q6cZ2QE4LPruc1Wx5Jt2CI2O318HQIf0_6ArfTsOF0615dXeMLPboDTrzID6DmTsvBAzxF73WVWNrIJT8xPAs1fBT3wL&_nc_ohc=wBjSgmwa5_AQ7kNvwEdVWkH&_nc_gid=AnH9wv06N4psBh2AYa4pJA&edm=APQMUHMBAAAA&ccb=7-5&oh=00_AfQIRn8apNWMxjyl0RcjaeeAZoRgoSQeFHLRaVLaCgxeGw&oe=689277D4&_nc_sid=6ff7c8,Seguir,,0,0,0,,False,Erro de carregamento,0,,,False,0,0,0
gabiszczepaniak9,,False,https://instagram.fpmw2-1.fna.fbcdn.net/v/t51.2885-19/508415507_17871401583380482_8012422431247039055_n.jpg?stp=dst-jpg_s150x150_tt6&efg=eyJ2ZW5jb2RlX3RhZyI6InByb2ZpbGVfcGljLmRqYW5nby4xMDgwLmMyIn0&_nc_ht=instagram.fpmw2-1.fna.fbcdn.net&_nc_cat=110&_nc_oc=Q6cZ2QE4LPruc1Wx5Jt2CI2O318HQIf0_6ArfTsOF0615dXeMLPboDTrzID6DmTsvBAzxF73WVWNrIJT8xPAs1fBT3wL&_nc_ohc=0FBnHM2lhGIQ7kNvwFpqdYN&_nc_gid=AnH9wv06N4psBh2AYa4pJA&edm=APQMUHMBAAAA&ccb=7-5&oh=00_AfSvO8KDqU0SBbTeQMtqA2GXR33nDLD1lb8C4eYrxB57XA&oe=68926FD3&_nc_sid=6ff7c8,Seguir,gabiszczepaniak9 Gabriela Szczepaniak 13 posts 13 232 232 4.218 4.218,0,0,0,,False,Pública,0,,,False,0,0,0
victor_hugoficial7,,False,https://instagram.fpmw2-1.fna.fbcdn.net/v/t51.2885-19/491895031_671949355430010_2065897558791507407_n.jpg?stp=dst-jpg_s150x150_tt6&efg=eyJ2ZW5jb2RlX3RhZyI6InByb2ZpbGVfcGljLmRqYW5nby42NDAuYzIifQ&_nc_ht=instagram.fpmw2-1.fna.fbcdn.net&_nc_cat=106&_nc_oc=Q6cZ2QF_qQRKDPvAkaR9GSNeOVKKtsrva9ONm37jBXg_x0aqdeYNj1N9HzRKiVASfQDC_vs&_nc_ohc=ImxE0CyQMB0Q7kNvwF3SyJo&_nc_gid=gfOLl-9jbv_irqUx7mbDcg&edm=APQMUHMBAAAA&ccb=7-5&oh=00_AfTvnY9N8YYgK2opZLkFjgqJ_nJrVNoLh4xfmTd_HtPyMg&oe=689266D1&_nc_sid=6ff7c8,Seguir,victor_hugoficial7 Victor Hugo 17 posts 17 285 285 1.047 1.047 João 2:15 🇧🇷,0,0,0,https://www.threads.com/@victor_hugoficial7?xmt=AQF04VGfYuu4OVq1yCbQxXkZVxBwqBJtzi4MCnFWbIQBMrk,False,Pública,0,,,False,0,0,0
moraesxw5,,False,https://instagram.fpmw2-1.fna.fbcdn.net/v/t51.2885-19/517851412_17885545689328162_4688829694766708677_n.jpg?stp=dst-jpg_s150x150_tt6&efg=eyJ2ZW5jb2RlX3RhZyI6InByb2ZpbGVfcGljLmRqYW5nby4xMDgwLmMyIn0&_nc_ht=instagram.fpmw2-1.fna.fbcdn.net&_nc_cat=110&_nc_oc=Q6cZ2QE4LPruc1Wx5Jt2CI2O318HQIf0_6ArfTsOF0615dXeMLPboDTrzID6DmTsvBAzxF73WVWNrIJT8xPAs1fBT3wL&_nc_ohc=TJRCYolyqPcQ7kNvwGGW2jz&_nc_gid=AnH9wv06N4psBh2AYa4pJA&edm=APQMUHMBAAAA&ccb=7-5&oh=00_AfRuOI5p9pLxaUWrRQSnB-Rebzk6KwE9fbEMG-kt_is1Fw&oe=68928B11&_nc_sid=6ff7c8,Seguir,,0,0,0,,False,Erro de carregamento,0,,,False,0,0,0
marleytainara,,False,https://instagram.fpmw2-1.fna.fbcdn.net/v/t51.2885-19/449534160_1697958880948292_1452579747136929737_n.jpg?stp=dst-jpg_s150x150_tt6&efg=eyJ2ZW5jb2RlX3RhZyI6InByb2ZpbGVfcGljLmRqYW5nby44NjcuYzIifQ&_nc_ht=instagram.fpmw2-1.fna.fbcdn.net&_nc_cat=108&_nc_oc=Q6cZ2QE4LPruc1Wx5Jt2CI2O318HQIf0_6ArfTsOF0615dXeMLPboDTrzID6DmTsvBAzxF73WVWNrIJT8xPAs1fBT3wL&_nc_ohc=-WNBWmmnGTIQ7kNvwHuD3Fz&_nc_gid=AnH9wv06N4psBh2AYa4pJA&edm=APQMUHMBAAAA&ccb=7-5&oh=00_AfQc6YF4FFd8tS_OIZFl15t3Hnsg1uO-I9L3YkKuR9AgLg&oe=689263B4&_nc_sid=6ff7c8,Seguir,marleytainara Tainara Marley 11 posts 11 189 189 144 144,0,0,0,,False,Pública,0,,,False,0,0,0
carolinaduarte1647,,False,https://instagram.fpmw2-1.fna.fbcdn.net/v/t51.2885-19/468125769_1093960572111820_7303129104432551428_n.jpg?stp=dst-jpg_s150x150_tt6&efg=eyJ2ZW5jb2RlX3RhZyI6InByb2ZpbGVfcGljLmRqYW5nby4xMDgwLmMyIn0&_nc_ht=instagram.fpmw2-1.fna.fbcdn.net&_nc_cat=104&_nc_oc=Q6cZ2QEWjMmM8nENmDWcDhATLCxcG7w8sebFoGMUDnRQSbHsLOc61ZToUs2zA9U7ZusG8j0&_nc_ohc=YBF5pF9BOEgQ7kNvwHE8Y9q&_nc_gid=AR-cAhBUYSnERE-YEPUeNw&edm=APQMUHMBAAAA&ccb=7-5&oh=00_AfQqra2IeFmsRbFyq48JXvvSDHcQP505ecxJAYwTBTeKcg&oe=68926CE4&_nc_sid=6ff7c8,Seguir,carolinaduarte1647 Carolina Duarte 20 posts 20 301 301 1.238 1.238 •💍Casada •🌸 Mamãe da Elise •📍 Piracicaba,0,0,0,,False,Pública,0,,,False,0,0,0
lucimara_lu5,,False,https://instagram.fpmw2-1.fna.fbcdn.net/v/t51.2885-19/524330698_18516668053010145_3015991620663074397_n.jpg?stp=dst-jpg_s150x150_tt6&efg=eyJ2ZW5jb2RlX3RhZyI6InByb2ZpbGVfcGljLmRqYW5nby4xMDgwLmMyIn0&_nc_ht=instagram.fpmw2-1.fna.fbcdn.net&_nc_cat=109&_nc_oc=Q6cZ2QEWjMmM8nENmDWcDhATLCxcG7w8sebFoGMUDnRQSbHsLOc61ZToUs2zA9U7ZusG8j0&_nc_ohc=9JG7VmewJYcQ7kNvwHHsmZP&_nc_gid=AR-cAhBUYSnERE-YEPUeNw&edm=APQMUHMBAAAA&ccb=7-5&oh=00_AfTUxvpUNAO6dwWrqyJ9-KA9LNoPUL-EFuNByFAr55Cqvw&oe=68927A85&_nc_sid=6ff7c8,Seguir,lucimara_lu5 Lucimara Ribeiro 110 posts 110 807 807 1.871 1.871 Cultivando amor próprio ❤✨ Na frequência da Gratidão 🙏🏼 Mãe da Ana Vitória 👸🏻💕 e de um anjo 👼,0,0,0,,False,Pública,0,,,False,0,0,0
isadoramendesss,,False,https://instagram.fpmw2-1.fna.fbcdn.net/v/t51.2885-19/272956520_300780092112509_1654758463884809882_n.jpg?stp=dst-jpg_s150x150_tt6&efg=eyJ2ZW5jb2RlX3RhZyI6InByb2ZpbGVfcGljLmRqYW5nby4xMDgwLmMyIn0&_nc_ht=instagram.fpmw2-1.fna.fbcdn.net&_nc_cat=105&_nc_oc=Q6cZ2QEWjMmM8nENmDWcDhATLCxcG7w8sebFoGMUDnRQSbHsLOc61ZToUs2zA9U7ZusG8j0&_nc_ohc=P_GjGknq8EYQ7kNvwHLgmqE&_nc_gid=AR-cAhBUYSnERE-YEPUeNw&edm=APQMUHMBAAAA&ccb=7-5&oh=00_AfTF3h5i7xuJmAs9hTsa4qGhdMUIbfGFQ13PalWzRlJxyQ&oe=689274DB&_nc_sid=6ff7c8,Seguir,isadoramendesss Isadora Mendes 181 posts 181 1.275 1.275 1.301 1.301 Eng. Agrônoma 👩🏼‍🌾🌱 A cruz sagrada seja minha luz 💡🙏🏻🙌🏻,0,0,0,,False,Pública,0,,,False,0,0,0
mariaestelateinha,,False,https://instagram.fpmw2-1.fna.fbcdn.net/v/t51.2885-19/445141627_1117110286227955_2345207257945956768_n.jpg?stp=dst-jpg_s150x150_tt6&efg=eyJ2ZW5jb2RlX3RhZyI6InByb2ZpbGVfcGljLmRqYW5nby43MTQuYzIifQ&_nc_ht=instagram.fpmw2-1.fna.fbcdn.net&_nc_cat=107&_nc_oc=Q6cZ2QEWjMmM8nENmDWcDhATLCxcG7w8sebFoGMUDnRQSbHsLOc61ZToUs2zA9U7ZusG8j0&_nc_ohc=2Qt8FHz4wnAQ7kNvwEgiP8V&_nc_gid=AR-cAhBUYSnERE-YEPUeNw&edm=APQMUHMBAAAA&ccb=7-5&oh=00_AfRCBl-ruY9YdEHtcF76i2cUXDMQVJFWWISaaSawxOh-hQ&oe=68928836&_nc_sid=6ff7c8,Seguir,mariaestelateinha Estela Costa Lopez 14 posts 14 832 832 4.452 4.452 migsssss,0,0,0,https://www.threads.com/@mariaestelateinha?xmt=AQF0DmGFvK3vYcsYmS5HSV4UuxNFNSVjeIL7odUGCNVGxvM,False,Pública,0,,,False,0,0,0
gscmachado,,False,https://instagram.fpmw2-1.fna.fbcdn.net/v/t51.2885-19/465802291_858336816470401_7083754198086591749_n.jpg?stp=dst-jpg_s150x150_tt6&efg=eyJ2ZW5jb2RlX3RhZyI6InByb2ZpbGVfcGljLmRqYW5nby4xMDgwLmMyIn0&_nc_ht=instagram.fpmw2-1.fna.fbcdn.net&_nc_cat=101&_nc_oc=Q6cZ2QEWjMmM8nENmDWcDhATLCxcG7w8sebFoGMUDnRQSbHsLOc61ZToUs2zA9U7ZusG8j0&_nc_ohc=W7jaqlQ8w0YQ7kNvwG6cXx3&_nc_gid=AR-cAhBUYSnERE-YEPUeNw&edm=APQMUHMBAAAA&ccb=7-5&oh=00_AfQoSHxU2OtHfjXtMkNskxW8ytR8bzNqUnxFlFw5eEG9iw&oe=6892754F&_nc_sid=6ff7c8,Seguir,gscmachado Geralda Simone O Cunha Machado 282 posts 282 519 519 2.895 2.895,0,0,0,https://www.threads.com/@gscmachado?xmt=AQF09CuRKqSww8-h04w4jsWMCCKw-zp9zerNS8JpYxvTlRY,False,Pública,0,,,False,0,0,0
claudiaferreira4738,,False,https://instagram.fpmw2-1.fna.fbcdn.net/v/t51.2885-19/44884218_345707102882519_2446069589734326272_n.jpg?stp=dst-jpg_s150x150_tt6&efg=eyJ2ZW5jb2RlX3RhZyI6InByb2ZpbGVfcGljLmRqYW5nby4xNTAuYzIifQ&_nc_ht=instagram.fpmw2-1.fna.fbcdn.net&_nc_cat=1&_nc_oc=Q6cZ2QEWjMmM8nENmDWcDhATLCxcG7w8sebFoGMUDnRQSbHsLOc61ZToUs2zA9U7ZusG8j0&_nc_ohc=3eE6VCHkwwMQ7kNvwGVwMZP&_nc_gid=AR-cAhBUYSnERE-YEPUeNw&edm=APQMUHMBAAAA&ccb=7-5&ig_cache_key=YW5vbnltb3VzX3Byb2ZpbGVfcGlj.3-ccb7-5&oh=00_AfTyvbq1D7alZPIjPaRHYkzZzHVsm2L1TGWE4UHNi2qxrg&oe=6892824F&_nc_sid=6ff7c8,Seguir,claudiaferreira4738 Cláudia Ferreira 75 posts 75 151 151 1.090 1.090,0,0,0,https://www.threads.com/@claudiaferreira4738?xmt=AQF09LYoZVBbEOfbwPySEt8AM7hE3kr0kR4630PLAiPLJqA,False,Pública,0,,,False,0,0,0
rosanne.silva,,False,https://instagram.fpmw2-1.fna.fbcdn.net/v/t51.2885-19/436296789_1165223177949467_6143753549082461303_n.jpg?stp=dst-jpg_s150x150_tt6&efg=eyJ2ZW5jb2RlX3RhZyI6InByb2ZpbGVfcGljLmRqYW5nby43MjAuYzIifQ&_nc_ht=instagram.fpmw2-1.fna.fbcdn.net&_nc_cat=111&_nc_oc=Q6cZ2QEWjMmM8nENmDWcDhATLCxcG7w8sebFoGMUDnRQSbHsLOc61ZToUs2zA9U7ZusG8j0&_nc_ohc=ZjrvmcNUdp0Q7kNvwE4HDif&_nc_gid=AR-cAhBUYSnERE-YEPUeNw&edm=APQMUHMBAAAA&ccb=7-5&oh=00_AfQWLVs-z9mFWUhM6xG103KyE4Dm-ajak3zA33G9CvSBQw&oe=68928919&_nc_sid=6ff7c8,Seguir,rosanne.silva Rosanne Silva 43 posts 43 267 267 666 666,0,0,0,https://www.threads.com/@rosanne.silva?xmt=AQF0aolNvD44IlDmqfaPH6c-adI8BIQW5Q5RonaYeUPM5xw,False,Pública,0,,,False,0,0,0
kellen.emporiorefeicoes,,False,https://instagram.fpmw2-1.fna.fbcdn.net/v/t51.2885-19/487167633_1343924086812742_7591813807346360566_n.jpg?stp=dst-jpg_s150x150_tt6&efg=eyJ2ZW5jb2RlX3RhZyI6InByb2ZpbGVfcGljLmRqYW5nby44MjguYzIifQ&_nc_ht=instagram.fpmw2-1.fna.fbcdn.net&_nc_cat=110&_nc_oc=Q6cZ2QEWjMmM8nENmDWcDhATLCxcG7w8sebFoGMUDnRQSbHsLOc61ZToUs2zA9U7ZusG8j0&_nc_ohc=bHwBDszt9K4Q7kNvwHTEqL6&_nc_gid=AR-cAhBUYSnERE-YEPUeNw&edm=APQMUHMBAAAA&ccb=7-5&oh=00_AfRszzVMbjadPWOqfnhswiCJ1zQHWWbCWtjX20U_spSu2g&oe=68928F1F&_nc_sid=6ff7c8,Seguir,kellen.emporiorefeicoes Kellen 161 posts 161 328 328 3.942 3.942 Proprietária Empório Buffet e Refeições -casada-,0,0,0,https://www.threads.com/@kellen.emporiorefeicoes?xmt=AQF0B9QL_YpnNwYdtBhj9i4X5-FY27qOfSJPAZ19bgtjftY,False,Pública,0,,,False,0,0,0
27manumargarida,,False,https://instagram.fpmw2-1.fna.fbcdn.net/v/t51.2885-19/315458650_1641147149633921_282738056421261218_n.jpg?stp=dst-jpg_s150x150_tt6&efg=eyJ2ZW5jb2RlX3RhZyI6InByb2ZpbGVfcGljLmRqYW5nby4xMDgwLmMyIn0&_nc_ht=instagram.fpmw2-1.fna.fbcdn.net&_nc_cat=105&_nc_oc=Q6cZ2QEWjMmM8nENmDWcDhATLCxcG7w8sebFoGMUDnRQSbHsLOc61ZToUs2zA9U7ZusG8j0&_nc_ohc=US246Shl4ncQ7kNvwESnbr4&_nc_gid=AR-cAhBUYSnERE-YEPUeNw&edm=APQMUHMBAAAA&ccb=7-5&oh=00_AfTkqfZ75RFFXyA1OfIAKjrjcTZ06FrGYEGA8KiVkFd82g&oe=68927E25&_nc_sid=6ff7c8,Seguir,27manumargarida Manuela Margarida Perdigão Guerreiro 544 posts 544 690 690 3.047 3.047 www.conventosaofrancisco.net,0,0,0,https://www.threads.com/@27manumargarida?xmt=AQF0ZcGx-SNDd4c6Ml4KgTzaJWFMj10UZaaH4KXlN5brpTQ,False,Pública,0,,,False,0,0,0
cazari_bs,,False,https://instagram.fpmw2-1.fna.fbcdn.net/v/t51.2885-19/432702478_971489491212576_5760949589454682019_n.jpg?stp=dst-jpg_s150x150_tt6&efg=eyJ2ZW5jb2RlX3RhZyI6InByb2ZpbGVfcGljLmRqYW5nby4xMDgwLmMyIn0&_nc_ht=instagram.fpmw2-1.fna.fbcdn.net&_nc_cat=100&_nc_oc=Q6cZ2QEWjMmM8nENmDWcDhATLCxcG7w8sebFoGMUDnRQSbHsLOc61ZToUs2zA9U7ZusG8j0&_nc_ohc=IflsrHCoDFoQ7kNvwHPXw0i&_nc_gid=AR-cAhBUYSnERE-YEPUeNw&edm=APQMUHMBAAAA&ccb=7-5&oh=00_AfSR9Vdy6xSoiYKXdCRy5KPyk3yktT7sufUqljgEgpYYOg&oe=6892742A&_nc_sid=6ff7c8,Seguir,cazari_bs Beatriz Cazari 44 posts 44 1.671 1.671 1.315 1.315 MT 🇧🇷 Maceió 2023,0,0,0,,False,Pública,0,,,False,0,0,0
raphaschmidal,,False,https://instagram.fpmw2-1.fna.fbcdn.net/v/t51.2885-19/358532977_527312189511238_2462578916069103217_n.jpg?stp=dst-jpg_s150x150_tt6&efg=eyJ2ZW5jb2RlX3RhZyI6InByb2ZpbGVfcGljLmRqYW5nby4xMDgwLmMyIn0&_nc_ht=instagram.fpmw2-1.fna.fbcdn.net&_nc_cat=110&_nc_oc=Q6cZ2QEWjMmM8nENmDWcDhATLCxcG7w8sebFoGMUDnRQSbHsLOc61ZToUs2zA9U7ZusG8j0&_nc_ohc=IyIdksk6rzwQ7kNvwEA9n4K&_nc_gid=AR-cAhBUYSnERE-YEPUeNw&edm=APQMUHMBAAAA&ccb=7-5&oh=00_AfSab2WTgxOaMOjntFzDfV7qZdE756a1b1KUz75XAouXMQ&oe=68929516&_nc_sid=6ff7c8,Seguir,raphaschmidal Raphaela Schmidt 177 posts 177 1.676 1.676 5.212 5.212 ... mais mais,0,0,0,,False,Pública,0,,,False,0,0,0
gosmanmaslay,,False,https://instagram.fpmw2-1.fna.fbcdn.net/v/t51.2885-19/514491845_17864951712420587_4556578624434500526_n.jpg?stp=dst-jpg_s150x150_tt6&efg=eyJ2ZW5jb2RlX3RhZyI6InByb2ZpbGVfcGljLmRqYW5nby4xMDgwLmMyIn0&_nc_ht=instagram.fpmw2-1.fna.fbcdn.net&_nc_cat=111&_nc_oc=Q6cZ2QF_qQRKDPvAkaR9GSNeOVKKtsrva9ONm37jBXg_x0aqdeYNj1N9HzRKiVASfQDC_vs&_nc_ohc=eMSeZxqeYa0Q7kNvwGQPOcw&_nc_gid=gfOLl-9jbv_irqUx7mbDcg&edm=APQMUHMBAAAA&ccb=7-5&oh=00_AfTEOFwCzNGxtFvHu3guwGT4jIcZ2M636-82t5ODky3nVA&oe=6892906B&_nc_sid=6ff7c8,Seguir,,0,0,0,,False,Erro de carregamento,0,,,False,0,0,0
marcianafernandesoliveira,,False,https://instagram.fpmw2-1.fna.fbcdn.net/v/t51.2885-19/10932647_824205497647968_1671290759_a.jpg?stp=dst-jpg_s150x150_tt6&efg=eyJ2ZW5jb2RlX3RhZyI6InByb2ZpbGVfcGljLmRqYW5nby4yMDAuYzIifQ&_nc_ht=instagram.fpmw2-1.fna.fbcdn.net&_nc_cat=100&_nc_oc=Q6cZ2QF_qQRKDPvAkaR9GSNeOVKKtsrva9ONm37jBXg_x0aqdeYNj1N9HzRKiVASfQDC_vs&_nc_ohc=lp9eWjX5fg8Q7kNvwFzSwnd&_nc_gid=gfOLl-9jbv_irqUx7mbDcg&edm=APQMUHMBAAAA&ccb=7-5&oh=00_AfR061-DnpPQdC6R5U0JR6TNY-edH0_RunbMsAVWN0hpww&oe=68926492&_nc_sid=6ff7c8,Seguir,marcianafernandesoliveira Marcianafernandesoliveira 137 posts 137 1.565 1.565 6.153 6.153,0,0,0,https://www.threads.com/@marcianafernandesoliveira?xmt=AQF0AN_KemdwMlXfYHr7K6uZFmMUSY2Tbd0sWyGdGr-mAQU,False,Pública,0,,,False,0,0,0
paulac.mmp,,False,https://instagram.fpmw2-1.fna.fbcdn.net/v/t51.2885-19/491463125_969053135024725_8739534682338829123_n.jpg?stp=dst-jpg_s150x150_tt6&efg=eyJ2ZW5jb2RlX3RhZyI6InByb2ZpbGVfcGljLmRqYW5nby4xMDgwLmMyIn0&_nc_ht=instagram.fpmw2-1.fna.fbcdn.net&_nc_cat=101&_nc_oc=Q6cZ2QHth5yNdrPM4FgzhkZLWiF8ahkbsTbxgOBo817qWP9jFqhm6vKsN5O4mvuStcIx9ZJBPb6r4JV_qL8b4_II_iQT&_nc_ohc=65qTfsutd84Q7kNvwHS2B-B&_nc_gid=t6rq-vrxNnA8ixrbeE2pqg&edm=APQMUHMBAAAA&ccb=7-5&oh=00_AfR88CkU4rjwcd8avSIdsftNVCYg4Y5d0OIfUsJd9BtoQA&oe=689273BD&_nc_sid=6ff7c8,Seguir,paulac.mmp Paula Carvalho 463 posts 463 474 474 4.048 4.048 Casada Seja sua própria inspiração. ✨🙏🏻 💒🤍,0,0,0,,False,Pública,0,,,False,0,0,0
joyce.micaely.misael,,False,https://instagram.fpmw2-1.fna.fbcdn.net/v/t51.2885-19/470973111_1237745614681691_5590497504697344270_n.jpg?stp=dst-jpg_s150x150_tt6&efg=eyJ2ZW5jb2RlX3RhZyI6InByb2ZpbGVfcGljLmRqYW5nby4xMDgwLmMyIn0&_nc_ht=instagram.fpmw2-1.fna.fbcdn.net&_nc_cat=111&_nc_oc=Q6cZ2QHth5yNdrPM4FgzhkZLWiF8ahkbsTbxgOBo817qWP9jFqhm6vKsN5O4mvuStcIx9ZJBPb6r4JV_qL8b4_II_iQT&_nc_ohc=MCJqEMWHKyYQ7kNvwGhMdoN&_nc_gid=t6rq-vrxNnA8ixrbeE2pqg&edm=APQMUHMBAAAA&ccb=7-5&oh=00_AfTKALhB6pOq5dMialWHmqZeiayGDCTNBPx3S-LMfij7Iw&oe=68926105&_nc_sid=6ff7c8,Seguir,joyce.micaely.misael Joyce Maiara Pontes 63 posts 63 318 318 3.826 3.826,0,0,0,https://www.threads.com/@joyce.micaely.misael?xmt=AQF0lJ-dcgIXk5wFPp5I6-Wx0w6W1OvJBC0Wki7_XXuoW6A,False,Pública,0,,,False,0,0,0
laurapimentel330,,False,https://instagram.fpmw2-1.fna.fbcdn.net/v/t51.2885-19/467863557_1057342019409529_2058033317297552663_n.jpg?stp=dst-jpg_s150x150_tt6&efg=eyJ2ZW5jb2RlX3RhZyI6InByb2ZpbGVfcGljLmRqYW5nby4xMDgwLmMyIn0&_nc_ht=instagram.fpmw2-1.fna.fbcdn.net&_nc_cat=101&_nc_oc=Q6cZ2QHth5yNdrPM4FgzhkZLWiF8ahkbsTbxgOBo817qWP9jFqhm6vKsN5O4mvuStcIx9ZJBPb6r4JV_qL8b4_II_iQT&_nc_ohc=NI02tfFofGUQ7kNvwHsBiVU&_nc_gid=t6rq-vrxNnA8ixrbeE2pqg&edm=APQMUHMBAAAA&ccb=7-5&oh=00_AfQyDja0qKlq6IHCMHT7XkdBW4AwJsLWjGVlcq9JPYqztA&oe=68928254&_nc_sid=6ff7c8,Seguir,laurapimentel330 Laura Pimentel 213 posts 213 451 451 3.018 3.018 Cristã ✝️✝️ Apaixonada pela família 👨‍👩‍👦‍👦,0,0,0,,False,Pública,0,,,False,0,0,0
jeanerodriguesv,,False,https://instagram.fpmw2-1.fna.fbcdn.net/v/t51.2885-19/503177538_18344033383084413_5469992571601343290_n.jpg?stp=dst-jpg_s150x150_tt6&efg=eyJ2ZW5jb2RlX3RhZyI6InByb2ZpbGVfcGljLmRqYW5nby4xMDgwLmMyIn0&_nc_ht=instagram.fpmw2-1.fna.fbcdn.net&_nc_cat=109&_nc_oc=Q6cZ2QHth5yNdrPM4FgzhkZLWiF8ahkbsTbxgOBo817qWP9jFqhm6vKsN5O4mvuStcIx9ZJBPb6r4JV_qL8b4_II_iQT&_nc_ohc=Wbf3gxS-fncQ7kNvwFTL0lY&_nc_gid=t6rq-vrxNnA8ixrbeE2pqg&edm=APQMUHMBAAAA&ccb=7-5&oh=00_AfTSj20D0ku5BO5dsQC9qDAUuJxsi01k25LqzxfeoaE9Xw&oe=68927CE4&_nc_sid=6ff7c8,Seguir,"jeanerodriguesv Jeane Rodrigues 0 posts 0 733 733 4.736 4.736 Jesus meu maior tesouro Minha Fé é inabalável,tu és minha força no dia da angústia! Não estou no Instagram em busca de... mais Jesus meu maior tesouro Minha Fé é inabalável,tu és minha força no dia da angústia! Não estou no Instagram em busca de ... mais mais",0,0,0,,False,Pública,0,,,False,0,0,0
mah.cavalcantiii,,False,https://scontent-atl3-1.cdninstagram.com/v/t51.2885-19/464760996_1254146839119862_3605321457742435801_n.png?stp=dst-jpg_e0_s150x150_tt6&cb=8577c754-c2464923&efg=eyJ2ZW5jb2RlX3RhZyI6InByb2ZpbGVfcGljLmRqYW5nby4xNTAuYzIifQ&_nc_ht=scontent-atl3-1.cdninstagram.com&_nc_cat=1&_nc_oc=Q6cZ2QFOqNdnaZXbJQFKbeXunfwuIJCf6oJaYH6R9nYULz6zZeEmtHzsiro96hp1GTokbLI&_nc_ohc=cmGW-gSOmkoQ7kNvwGaZTEW&_nc_gid=kNGHkmo2E1X1jLXhrD_8jg&edm=AL4D0a4BAAAA&ccb=7-5&ig_cache_key=YW5vbnltb3VzX3Byb2ZpbGVfcGlj.3-ccb7-5-cb8577c754-c2464923&oh=00_AfR8YyO3f5PE8OsrdeK499S67QlAqBaa_I9FtYPb61mSfA&oe=68928E28&_nc_sid=9e8221,Seguir,"mah.cavalcantiii 0 posts 0 55 55 772 772 ""Tenho em mim todos os sonhos do mundo."" - Fernando Pessoa |🌙",0,0,0,,False,Pública,0,,,False,0,0,0
anavi.toria863,,False,https://instagram.fpmw2-1.fna.fbcdn.net/v/t51.2885-19/505427397_17843355267509247_4022078860114529397_n.jpg?stp=dst-jpg_s150x150_tt6&efg=eyJ2ZW5jb2RlX3RhZyI6InByb2ZpbGVfcGljLmRqYW5nby44NjQuYzIifQ&_nc_ht=instagram.fpmw2-1.fna.fbcdn.net&_nc_cat=103&_nc_oc=Q6cZ2QHth5yNdrPM4FgzhkZLWiF8ahkbsTbxgOBo817qWP9jFqhm6vKsN5O4mvuStcIx9ZJBPb6r4JV_qL8b4_II_iQT&_nc_ohc=xNZvmHmMnLAQ7kNvwHQ4SLe&_nc_gid=t6rq-vrxNnA8ixrbeE2pqg&edm=APQMUHMBAAAA&ccb=7-5&oh=00_AfSCFyG2kb7OHsihsazaTQpH4NO32E4yVXuGH2SObHxv0g&oe=68928D5C&_nc_sid=6ff7c8,Seguir,anavi.toria863 Ana Vitória 1 post 1 215 215 1.393 1.393 ~CCB🎹 ~15y ~organista ~MT - Roo,0,0,0,,False,Pública,0,,,False,0,0,0
vanessa_kinimayer,,False,https://instagram.fpmw2-1.fna.fbcdn.net/v/t51.2885-19/437182058_1003734531176870_5488790045588801246_n.jpg?stp=dst-jpg_s150x150_tt6&efg=eyJ2ZW5jb2RlX3RhZyI6InByb2ZpbGVfcGljLmRqYW5nby43MjAuYzIifQ&_nc_ht=instagram.fpmw2-1.fna.fbcdn.net&_nc_cat=102&_nc_oc=Q6cZ2QHth5yNdrPM4FgzhkZLWiF8ahkbsTbxgOBo817qWP9jFqhm6vKsN5O4mvuStcIx9ZJBPb6r4JV_qL8b4_II_iQT&_nc_ohc=3X1NUy0rEiMQ7kNvwF8ZBy1&_nc_gid=t6rq-vrxNnA8ixrbeE2pqg&edm=APQMUHMBAAAA&ccb=7-5&oh=00_AfRGYtE0fdgQTVQRfuIU8F4Kzwp6pcDvluCxgAAn1M1O2Q&oe=689282EC&_nc_sid=6ff7c8,Seguir,"vanessa_kinimayer studio Vanessa Kinimayer 185 posts 185 5.646 5.646 3.693 3.693 trabalho com almas , sintonia e amor , cada história uma realidade, como devemos amar, cuidar e dá amor .... ser... mais trabalho com almas , sintonia e amor , cada história uma realidade, como devemos amar, cuidar e dá amor .... ser ... mais mais Destaques 5.13",0,0,0,https://www.threads.com/@vanessa_kinimayer?xmt=AQF0QJLhjgZ5kANoXeSwURwo2ilaaVnytC591Csn-lJj9gU,False,Pública,0,,,False,0,0,0
beneditaabelmaibaze,,False,https://scontent-atl3-1.cdninstagram.com/v/t51.2885-19/464760996_1254146839119862_3605321457742435801_n.png?stp=dst-jpg_e0_s150x150_tt6&cb=8577c754-c2464923&efg=eyJ2ZW5jb2RlX3RhZyI6InByb2ZpbGVfcGljLmRqYW5nby4xNTAuYzIifQ&_nc_ht=scontent-atl3-1.cdninstagram.com&_nc_cat=1&_nc_oc=Q6cZ2QFOqNdnaZXbJQFKbeXunfwuIJCf6oJaYH6R9nYULz6zZeEmtHzsiro96hp1GTokbLI&_nc_ohc=cmGW-gSOmkoQ7kNvwGaZTEW&_nc_gid=kNGHkmo2E1X1jLXhrD_8jg&edm=AL4D0a4BAAAA&ccb=7-5&ig_cache_key=YW5vbnltb3VzX3Byb2ZpbGVfcGlj.3-ccb7-5-cb8577c754-c2464923&oh=00_AfR8YyO3f5PE8OsrdeK499S67QlAqBaa_I9FtYPb61mSfA&oe=68928E28&_nc_sid=9e8221,Seguir,beneditaabelmaibaze Benedita Abel Maibaze 0 posts 0 46 46 1.987 1.987,0,0,0,,False,Pública,0,,,False,0,0,0
claudiafernandes790,,False,https://instagram.fpmw2-1.fna.fbcdn.net/v/t51.2885-19/505708900_18008715278760546_6398438390025594342_n.jpg?stp=dst-jpg_s150x150_tt6&efg=eyJ2ZW5jb2RlX3RhZyI6InByb2ZpbGVfcGljLmRqYW5nby45NjAuYzIifQ&_nc_ht=instagram.fpmw2-1.fna.fbcdn.net&_nc_cat=106&_nc_oc=Q6cZ2QHth5yNdrPM4FgzhkZLWiF8ahkbsTbxgOBo817qWP9jFqhm6vKsN5O4mvuStcIx9ZJBPb6r4JV_qL8b4_II_iQT&_nc_ohc=VNiXK4qyuSoQ7kNvwHLeluQ&_nc_gid=t6rq-vrxNnA8ixrbeE2pqg&edm=APQMUHMBAAAA&ccb=7-5&oh=00_AfQNObhHtLmnhUe1Od0KKIetiT5qTBT3qLxkTvEo5ixv5A&oe=68927290&_nc_sid=6ff7c8,Seguir,claudiafernandes790 Ana Fernandes 23 posts 23 160 160 2.785 2.785 tudo eu posso naquele que me fortalece .,0,0,0,https://www.threads.com/@claudiafernandes790?xmt=AQF0m0j--HEUWHC_bjWws4JdeH1fbGGtd056Z19JPouaqFY,False,Pública,0,,,False,0,0,0
l_y_n_e_o_f_c,,False,https://instagram.fpmw2-1.fna.fbcdn.net/v/t51.2885-19/521924098_17859973284448280_2405712374390380023_n.jpg?stp=dst-jpg_s150x150_tt6&efg=eyJ2ZW5jb2RlX3RhZyI6InByb2ZpbGVfcGljLmRqYW5nby4xMDgwLmMyIn0&_nc_ht=instagram.fpmw2-1.fna.fbcdn.net&_nc_cat=108&_nc_oc=Q6cZ2QHth5yNdrPM4FgzhkZLWiF8ahkbsTbxgOBo817qWP9jFqhm6vKsN5O4mvuStcIx9ZJBPb6r4JV_qL8b4_II_iQT&_nc_ohc=DgsJ71P12gsQ7kNvwGrvFj4&_nc_gid=t6rq-vrxNnA8ixrbeE2pqg&edm=APQMUHMBAAAA&ccb=7-5&oh=00_AfSp8eDf78n686ZTnnYPzyp40ot83wV4RowYFkvTGCXzFg&oe=68927F84&_nc_sid=6ff7c8,Seguir,,0,0,0,,False,Erro de carregamento,0,,,False,0,0,0
lupontes75,,False,https://instagram.fpmw2-1.fna.fbcdn.net/v/t51.2885-19/472356886_605572478683282_6174156366288603932_n.jpg?stp=dst-jpg_s150x150_tt6&efg=eyJ2ZW5jb2RlX3RhZyI6InByb2ZpbGVfcGljLmRqYW5nby4xMDgwLmMyIn0&_nc_ht=instagram.fpmw2-1.fna.fbcdn.net&_nc_cat=110&_nc_oc=Q6cZ2QFNLtq7aWJcOJTowlKsT0iwCh_9zpRGjhZo7Kqi-wwf5Bo1qVidmXqgYpB0nDjI9Soj0MauJC0zs6ifp2Ke0rqW&_nc_ohc=XO9v-V727UoQ7kNvwGaMX0g&_nc_gid=fYwKkTw744ML1cPzfoVbpA&edm=APQMUHMBAAAA&ccb=7-5&oh=00_AfSzdFrUy0LEiEz_5BPfMUf5fu7-fO-U3Rc_s71cg9ZEbQ&oe=68928064&_nc_sid=6ff7c8,Seguir,lupontes75 Lucineide Pontes Martins 13 posts 13 358 358 1.393 1.393,0,0,0,,False,Pública,0,,,False,0,0,0
ericavalleria,,False,https://instagram.fpmw2-1.fna.fbcdn.net/v/t51.2885-19/300797483_468141798227608_6530708183037068602_n.jpg?stp=dst-jpg_s150x150_tt6&efg=eyJ2ZW5jb2RlX3RhZyI6InByb2ZpbGVfcGljLmRqYW5nby43MjAuYzIifQ&_nc_ht=instagram.fpmw2-1.fna.fbcdn.net&_nc_cat=104&_nc_oc=Q6cZ2QFNLtq7aWJcOJTowlKsT0iwCh_9zpRGjhZo7Kqi-wwf5Bo1qVidmXqgYpB0nDjI9Soj0MauJC0zs6ifp2Ke0rqW&_nc_ohc=RTsgSt54r2QQ7kNvwHDhLfU&_nc_gid=fYwKkTw744ML1cPzfoVbpA&edm=APQMUHMBAAAA&ccb=7-5&oh=00_AfRgMgy4EktAx4WB6gSTyiaOpd1ZivQcVJH5BdyqNRjQRg&oe=68927757&_nc_sid=6ff7c8,Seguir,ericavalleria erica valeria 286 posts 286 1.604 1.604 3.348 3.348,0,0,0,,False,Pública,0,,,False,0,0,0
amandaa_konzenn,,False,https://instagram.fpmw2-1.fna.fbcdn.net/v/t51.2885-19/470944579_1228799018417961_5945870574591577687_n.jpg?stp=dst-jpg_s150x150_tt6&efg=eyJ2ZW5jb2RlX3RhZyI6InByb2ZpbGVfcGljLmRqYW5nby4xMDgwLmMyIn0&_nc_ht=instagram.fpmw2-1.fna.fbcdn.net&_nc_cat=109&_nc_oc=Q6cZ2QFNLtq7aWJcOJTowlKsT0iwCh_9zpRGjhZo7Kqi-wwf5Bo1qVidmXqgYpB0nDjI9Soj0MauJC0zs6ifp2Ke0rqW&_nc_ohc=WMI9aIpzF1wQ7kNvwEkIWsA&_nc_gid=fYwKkTw744ML1cPzfoVbpA&edm=APQMUHMBAAAA&ccb=7-5&oh=00_AfRvyEXbkEZQcck9V1hioppwM9YJibs4hraXGo_ycUSm5A&oe=68927066&_nc_sid=6ff7c8,Seguir,amandaa_konzenn Amanda Konzen 0 posts 0 250 250 1.001 1.001 family 🕊️ católica 🌷 27-11-2013 💜 confia no senhor que tudo será possível 🌟,0,0,0,,False,Pública,0,,,False,0,0,0
hypolitoandrea,,False,https://instagram.fpmw2-1.fna.fbcdn.net/v/t51.2885-19/346087030_770699191130342_4793171441460758527_n.jpg?stp=dst-jpg_s150x150_tt6&efg=eyJ2ZW5jb2RlX3RhZyI6InByb2ZpbGVfcGljLmRqYW5nby43MTcuYzIifQ&_nc_ht=instagram.fpmw2-1.fna.fbcdn.net&_nc_cat=102&_nc_oc=Q6cZ2QFNLtq7aWJcOJTowlKsT0iwCh_9zpRGjhZo7Kqi-wwf5Bo1qVidmXqgYpB0nDjI9Soj0MauJC0zs6ifp2Ke0rqW&_nc_ohc=DZFFvZ9ob6YQ7kNvwHrm5Ws&_nc_gid=fYwKkTw744ML1cPzfoVbpA&edm=APQMUHMBAAAA&ccb=7-5&oh=00_AfQGEqIFcW2DdX5jhMSW-8T9Rlvkw7WvgKCIXZ08UuM-bw&oe=68928CF3&_nc_sid=6ff7c8,Seguir,hypolitoandrea Andréa Hypólito 3 posts 3 210 210 5.850 5.850 maktubresinas.lojavirtualnuvem.com.br,0,0,0,,False,Pública,0,,,False,0,0,0
abreunhantumbo,,False,https://instagram.fpmw2-1.fna.fbcdn.net/v/t51.2885-19/59971797_183698139211111_8110027998750572544_n.jpg?stp=dst-jpg_s150x150_tt6&efg=eyJ2ZW5jb2RlX3RhZyI6InByb2ZpbGVfcGljLmRqYW5nby40NzQuYzIifQ&_nc_ht=instagram.fpmw2-1.fna.fbcdn.net&_nc_cat=107&_nc_oc=Q6cZ2QFNLtq7aWJcOJTowlKsT0iwCh_9zpRGjhZo7Kqi-wwf5Bo1qVidmXqgYpB0nDjI9Soj0MauJC0zs6ifp2Ke0rqW&_nc_ohc=Yj5U1DpcbJoQ7kNvwHW6Ohj&_nc_gid=fYwKkTw744ML1cPzfoVbpA&edm=APQMUHMBAAAA&ccb=7-5&oh=00_AfSPLLkK2Dl3LLLzRqQO2JnjRl4UxOrvsgVgaZHfDVFn7g&oe=68927F8E&_nc_sid=6ff7c8,Seguir,abreunhantumbo Clara 10 posts 10 331 331 7.500 7.500 Destaques,0,0,0,https://www.threads.com/@abreunhantumbo?xmt=AQF07asWB_BWzACagOAkGLwVkVboszW0m2rIUBN17ypvXxQ,False,Pública,0,,,False,0,0,0
gaby_euzebio.xavier_,,False,https://instagram.fpmw2-1.fna.fbcdn.net/v/t51.2885-19/465275293_928989979110069_5060535812021556868_n.jpg?stp=dst-jpg_s150x150_tt6&efg=eyJ2ZW5jb2RlX3RhZyI6InByb2ZpbGVfcGljLmRqYW5nby4xMDgwLmMyIn0&_nc_ht=instagram.fpmw2-1.fna.fbcdn.net&_nc_cat=109&_nc_oc=Q6cZ2QFNLtq7aWJcOJTowlKsT0iwCh_9zpRGjhZo7Kqi-wwf5Bo1qVidmXqgYpB0nDjI9Soj0MauJC0zs6ifp2Ke0rqW&_nc_ohc=aQNgvb199Z0Q7kNvwG7jBLU&_nc_gid=fYwKkTw744ML1cPzfoVbpA&edm=APQMUHMBAAAA&ccb=7-5&oh=00_AfTYsWRO0JiIqt-dp5QlQ9tgPBX1B7JtSLb9nAUIL5_FRA&oe=6892901C&_nc_sid=6ff7c8,Seguir,gaby_euzebio.xavier_ Gabriela Xavier 82 posts 82 1.652 1.652 6.684 6.684,0,0,0,https://www.threads.com/@gaby_euzebio.xavier_?xmt=AQF0AZn-QGFtmhjENFv61PNkuyoDGOq9pD9Kh8DRFqoGOJc,False,Pública,0,,,False,0,0,0
mari_oli68,,False,https://instagram.fpmw2-1.fna.fbcdn.net/v/t51.2885-19/491423661_2178486982669844_9065389255758813661_n.jpg?stp=dst-jpg_s150x150_tt6&efg=eyJ2ZW5jb2RlX3RhZyI6InByb2ZpbGVfcGljLmRqYW5nby4xMDE0LmMyIn0&_nc_ht=instagram.fpmw2-1.fna.fbcdn.net&_nc_cat=108&_nc_oc=Q6cZ2QFNLtq7aWJcOJTowlKsT0iwCh_9zpRGjhZo7Kqi-wwf5Bo1qVidmXqgYpB0nDjI9Soj0MauJC0zs6ifp2Ke0rqW&_nc_ohc=sgi0WpBi7tkQ7kNvwECqnan&_nc_gid=fYwKkTw744ML1cPzfoVbpA&edm=APQMUHMBAAAA&ccb=7-5&oh=00_AfQQtKXbjvh3nuR6_CGYGGTN4g-MmGuzGKJuQMIhF-BJaA&oe=689297DF&_nc_sid=6ff7c8,Seguir,mari_oli68 Maria Aparecida 13 posts 13 148 148 4.308 4.308,0,0,0,https://www.threads.com/@mari_oli68?xmt=AQF0cGEZzsumT6TP21Pj4oxvA3P_9DUaWhcKVV5F1G8mrCk,False,Pública,0,,,False,0,0,0
mayaramainsel,,False,https://instagram.fpmw2-1.fna.fbcdn.net/v/t51.2885-19/456559862_2502427346624291_5142623258759096078_n.jpg?stp=dst-jpg_s150x150_tt6&efg=eyJ2ZW5jb2RlX3RhZyI6InByb2ZpbGVfcGljLmRqYW5nby42NzkuYzIifQ&_nc_ht=instagram.fpmw2-1.fna.fbcdn.net&_nc_cat=111&_nc_oc=Q6cZ2QFNLtq7aWJcOJTowlKsT0iwCh_9zpRGjhZo7Kqi-wwf5Bo1qVidmXqgYpB0nDjI9Soj0MauJC0zs6ifp2Ke0rqW&_nc_ohc=YWpI0Pkm7ZAQ7kNvwGHqKqI&_nc_gid=fYwKkTw744ML1cPzfoVbpA&edm=APQMUHMBAAAA&ccb=7-5&oh=00_AfRZL_K-W500zCMI40klVoWg2Msv_B2jexft7y8AV-eriA&oe=68928C4F&_nc_sid=6ff7c8,Seguir,mayaramainsel Maya 2 posts 2 201 201 1.187 1.187,0,0,0,https://www.threads.com/@mayaramainsel?xmt=AQF0ABRb15DXniWnhHm26TPbKEqZ42UGj-lpW6KQZ1sVdhs,False,Pública,0,,,False,0,0,0
maribf81,,False,https://instagram.fpmw2-1.fna.fbcdn.net/v/t51.2885-19/439879247_7911273618894102_5757118643469129503_n.jpg?stp=dst-jpg_s150x150_tt6&efg=eyJ2ZW5jb2RlX3RhZyI6InByb2ZpbGVfcGljLmRqYW5nby45NDEuYzIifQ&_nc_ht=instagram.fpmw2-1.fna.fbcdn.net&_nc_cat=106&_nc_oc=Q6cZ2QFNLtq7aWJcOJTowlKsT0iwCh_9zpRGjhZo7Kqi-wwf5Bo1qVidmXqgYpB0nDjI9Soj0MauJC0zs6ifp2Ke0rqW&_nc_ohc=0OgKswcFsIUQ7kNvwFPQZgT&_nc_gid=fYwKkTw744ML1cPzfoVbpA&edm=APQMUHMBAAAA&ccb=7-5&oh=00_AfR04PmO2GnPWRYvIglMshGsBAdY6vn21hVOH1K7G_8EHg&oe=68929205&_nc_sid=6ff7c8,Seguir,"maribf81 Mariana Borba Freire 957 posts 957 1.498 1.498 6.155 6.155 Mãe de Júlia , Rafaella e Lucas .Psicóloga. Doadora de órgãos! BA➡️PE➡️MS➡️CE",0,0,0,https://www.threads.com/@maribf81?xmt=AQF0jl1qzHAVmc6LOIoE_1h_dCUh8YKnRg_ox-_O2lcJZxg,False,Pública,0,,,False,0,0,0
kate_olange,,False,https://instagram.fpmw2-1.fna.fbcdn.net/v/t51.2885-19/417968719_1327914931200278_5158940723597119978_n.jpg?stp=dst-jpg_s150x150_tt6&efg=eyJ2ZW5jb2RlX3RhZyI6InByb2ZpbGVfcGljLmRqYW5nby43MzYuYzIifQ&_nc_ht=instagram.fpmw2-1.fna.fbcdn.net&_nc_cat=102&_nc_oc=Q6cZ2QFNLtq7aWJcOJTowlKsT0iwCh_9zpRGjhZo7Kqi-wwf5Bo1qVidmXqgYpB0nDjI9Soj0MauJC0zs6ifp2Ke0rqW&_nc_ohc=Ltqq-MsASZkQ7kNvwHWblE7&_nc_gid=fYwKkTw744ML1cPzfoVbpA&edm=APQMUHMBAAAA&ccb=7-5&oh=00_AfTPCIvf1c5ePFTRx72XyaP-kAtSsTf4hkK-7P7tDzaqcw&oe=6892842C&_nc_sid=6ff7c8,Seguir,"kate_olange 𝑲𝒆𝒚 . 𝑫 💋✨️🥴 6 posts 6 37 37 1.877 1.877 My life is my world, so don't surround me without having a prize.",0,0,0,,False,Pública,0,,,False,0,0,0
driteixeirads,,False,https://instagram.fpmw2-1.fna.fbcdn.net/v/t51.2885-19/504119381_18513328618009123_4412805578506355272_n.jpg?stp=dst-jpg_s150x150_tt6&efg=eyJ2ZW5jb2RlX3RhZyI6InByb2ZpbGVfcGljLmRqYW5nby4xMDgwLmMyIn0&_nc_ht=instagram.fpmw2-1.fna.fbcdn.net&_nc_cat=107&_nc_oc=Q6cZ2QH544KKhgrr2qHye1NU1mHoUhs28pmGERdOkQjq2Rfu_AAD6i8hglA6JsHPsU2rPDJgCxq8PgpTwzfkaO3n1f0t&_nc_ohc=8FuyA7SI5aYQ7kNvwG4vLQp&_nc_gid=1kg6XtCGkDQFfonCU2UYhg&edm=APQMUHMBAAAA&ccb=7-5&oh=00_AfSmixnRBrvPZQ3LGIdVrY1bg6y8Ttwsv3FJmROWH_igCw&oe=68928AD9&_nc_sid=6ff7c8,Seguir,"driteixeirads Adriana Teixeira 10 posts 10 768 768 6.900 6.900 👩👲👨👧💓💕💕💕💋mãe de adulto,adolescentes e criança",0,0,0,https://www.threads.com/@driteixeirads?xmt=AQF0Tfzbj3W5C65g9JlbI5vddWM7tfMgLhHNRe0qxxDcIxQ,False,Pública,0,,,False,0,0,0
rozita_cabral,,False,https://instagram.fpmw2-1.fna.fbcdn.net/v/t51.2885-19/491115218_18503001607031257_2538863790607819659_n.jpg?stp=dst-jpg_s150x150_tt6&efg=eyJ2ZW5jb2RlX3RhZyI6InByb2ZpbGVfcGljLmRqYW5nby4xMDgwLmMyIn0&_nc_ht=instagram.fpmw2-1.fna.fbcdn.net&_nc_cat=101&_nc_oc=Q6cZ2QH544KKhgrr2qHye1NU1mHoUhs28pmGERdOkQjq2Rfu_AAD6i8hglA6JsHPsU2rPDJgCxq8PgpTwzfkaO3n1f0t&_nc_ohc=bqsgBBL1GWEQ7kNvwFbC6Ln&_nc_gid=1kg6XtCGkDQFfonCU2UYhg&edm=APQMUHMBAAAA&ccb=7-5&oh=00_AfRS9LuZBui2CiYbFusE9a0XJsddteHQ7ZKcdNpxUjbshQ&oe=689283EF&_nc_sid=6ff7c8,Seguir,rozita_cabral Rozita Cabral 159 posts 159 5.016 5.016 3.852 3.852 📍Redenção-PA Bacharel em direito e pedagogia. 👩🏽‍🎓,0,0,0,https://www.threads.com/@rozita_cabral?xmt=AQF04UgHimDkPM96jp1OU0knCxu-82Mz37IH4JTSK99Dz_E,False,Pública,0,,,False,0,0,0
marciar.r.m,,False,https://instagram.fpmw2-1.fna.fbcdn.net/v/t51.2885-19/504520010_18506847214061632_4307880670865871421_n.jpg?stp=dst-jpg_s150x150_tt6&efg=eyJ2ZW5jb2RlX3RhZyI6InByb2ZpbGVfcGljLmRqYW5nby4xMDgwLmMyIn0&_nc_ht=instagram.fpmw2-1.fna.fbcdn.net&_nc_cat=104&_nc_oc=Q6cZ2QH544KKhgrr2qHye1NU1mHoUhs28pmGERdOkQjq2Rfu_AAD6i8hglA6JsHPsU2rPDJgCxq8PgpTwzfkaO3n1f0t&_nc_ohc=JTHUgd_oGLYQ7kNvwE4LubO&_nc_gid=1kg6XtCGkDQFfonCU2UYhg&edm=APQMUHMBAAAA&ccb=7-5&oh=00_AfRa2XgLSfhFSdVgzfduKQmqTYO7n7QfuBOgpNZPiCfHmw&oe=68928B85&_nc_sid=6ff7c8,Seguir,157 posts 157 205 205 2.007 2.007,0,0,0,,False,Pública,0,,,False,0,0,0
leonara.miguel,,False,https://instagram.fpmw2-1.fna.fbcdn.net/v/t51.2885-19/44884218_345707102882519_2446069589734326272_n.jpg?stp=dst-jpg_s150x150_tt6&efg=eyJ2ZW5jb2RlX3RhZyI6InByb2ZpbGVfcGljLmRqYW5nby4xNTAuYzIifQ&_nc_ht=instagram.fpmw2-1.fna.fbcdn.net&_nc_cat=1&_nc_oc=Q6cZ2QH544KKhgrr2qHye1NU1mHoUhs28pmGERdOkQjq2Rfu_AAD6i8hglA6JsHPsU2rPDJgCxq8PgpTwzfkaO3n1f0t&_nc_ohc=3eE6VCHkwwMQ7kNvwFKScBm&_nc_gid=1kg6XtCGkDQFfonCU2UYhg&edm=APQMUHMBAAAA&ccb=7-5&ig_cache_key=YW5vbnltb3VzX3Byb2ZpbGVfcGlj.3-ccb7-5&oh=00_AfQQ8u4_nHm8xQMoGJ1YCoTIDdvQb0fqNaBxfLKel0eJcQ&oe=6892824F&_nc_sid=6ff7c8,Seguir,leonara.miguel Leonara Miguel 3 posts 3 73 73 1.047 1.047,0,0,0,,False,Pública,0,,,False,0,0,0
val_silva183,,False,https://instagram.fpmw2-1.fna.fbcdn.net/v/t51.2885-19/366610298_1666456307157444_674002846785622670_n.jpg?stp=dst-jpg_s150x150_tt6&efg=eyJ2ZW5jb2RlX3RhZyI6InByb2ZpbGVfcGljLmRqYW5nby4zMTYuYzIifQ&_nc_ht=instagram.fpmw2-1.fna.fbcdn.net&_nc_cat=100&_nc_oc=Q6cZ2QH544KKhgrr2qHye1NU1mHoUhs28pmGERdOkQjq2Rfu_AAD6i8hglA6JsHPsU2rPDJgCxq8PgpTwzfkaO3n1f0t&_nc_ohc=BkLcwWPqjGMQ7kNvwGop1bj&_nc_gid=1kg6XtCGkDQFfonCU2UYhg&edm=APQMUHMBAAAA&ccb=7-5&oh=00_AfQ-gdgYbupGKy3OgoR1gokSTvJA389LgnaXajYgg3qE7w&oe=6892964B&_nc_sid=6ff7c8,Seguir,val_silva183 Valeria Da Silva Santos 0 posts 0 174 174 878 878,0,0,0,,False,Pública,0,,,False,0,0,0
duniadade,,False,https://instagram.fpmw2-1.fna.fbcdn.net/v/t51.2885-19/174335633_542443663827153_7541835395695114681_n.jpg?stp=dst-jpg_s150x150_tt6&efg=eyJ2ZW5jb2RlX3RhZyI6InByb2ZpbGVfcGljLmRqYW5nby4xMDgwLmMyIn0&_nc_ht=instagram.fpmw2-1.fna.fbcdn.net&_nc_cat=109&_nc_oc=Q6cZ2QH544KKhgrr2qHye1NU1mHoUhs28pmGERdOkQjq2Rfu_AAD6i8hglA6JsHPsU2rPDJgCxq8PgpTwzfkaO3n1f0t&_nc_ohc=7fKKl3S9RRMQ7kNvwGU8t1Y&_nc_gid=1kg6XtCGkDQFfonCU2UYhg&edm=APQMUHMBAAAA&ccb=7-5&oh=00_AfSL9ZMIY_4dv9T7wZ5ImdwO74AOMzQStL5XfO9tyU3fZA&oe=689297DB&_nc_sid=6ff7c8,Seguir,duniadade Dúnia Dade 23 posts 23 226 226 2.102 2.102 Genoveva Uilliamo 👭,0,0,0,https://www.threads.com/@duniadade?xmt=AQF0NjTRQb80MO1RLzjBvBbN--1Ht4sUcSwi4TlWbSIrOF8,False,Pública,0,,,False,0,0,0
tany_g_cortez,,False,https://instagram.fpmw2-1.fna.fbcdn.net/v/t51.2885-19/521346433_18507961462035989_7524958019768031218_n.jpg?stp=dst-jpg_s150x150_tt6&efg=eyJ2ZW5jb2RlX3RhZyI6InByb2ZpbGVfcGljLmRqYW5nby4xMDgwLmMyIn0&_nc_ht=instagram.fpmw2-1.fna.fbcdn.net&_nc_cat=105&_nc_oc=Q6cZ2QH544KKhgrr2qHye1NU1mHoUhs28pmGERdOkQjq2Rfu_AAD6i8hglA6JsHPsU2rPDJgCxq8PgpTwzfkaO3n1f0t&_nc_ohc=QYRRgo94eo8Q7kNvwH4lJp-&_nc_gid=1kg6XtCGkDQFfonCU2UYhg&edm=APQMUHMBAAAA&ccb=7-5&oh=00_AfRpTbBUjBdEgU4MuLOvQ-znovXg-wqj2Yspa0sHsk2TEg&oe=689282B5&_nc_sid=6ff7c8,Seguir,"tany_g_cortez Tanya Gonçalves Cortez 158 posts 158 846 846 2.227 2.227 ""A fórmula que agrada a todos eu nunca encontrei, Mas, a que incomoda a muitos, nunca precisei procurar... Então resolvi... mais ""A fórmula que agrada a todos eu nunca encontrei, Mas, a que incomoda a muitos, nunca precisei procurar... Então resolvi ... mais mais",0,0,0,,False,Pública,0,,,False,0,0,0
isa_got,,False,https://instagram.fpmw2-1.fna.fbcdn.net/v/t51.2885-19/500463648_18084666970730713_1411992068122241339_n.jpg?stp=dst-jpg_s150x150_tt6&efg=eyJ2ZW5jb2RlX3RhZyI6InByb2ZpbGVfcGljLmRqYW5nby44NjQuYzIifQ&_nc_ht=instagram.fpmw2-1.fna.fbcdn.net&_nc_cat=101&_nc_oc=Q6cZ2QH544KKhgrr2qHye1NU1mHoUhs28pmGERdOkQjq2Rfu_AAD6i8hglA6JsHPsU2rPDJgCxq8PgpTwzfkaO3n1f0t&_nc_ohc=9jBJBnZOdy4Q7kNvwE788Ku&_nc_gid=1kg6XtCGkDQFfonCU2UYhg&edm=APQMUHMBAAAA&ccb=7-5&oh=00_AfSlp-vqAlf8TA3T_uaqwaLvNk0FN5QOR5y5JTptvm033g&oe=68927AB8&_nc_sid=6ff7c8,Seguir,isa_got Isadora Silva 23 posts 23 208 208 1.319 1.319 Eng. Elétrica Bike Running Books,0,0,0,,False,Pública,0,,,False,0,0,0
elisaemanoel,,False,https://instagram.fpmw2-1.fna.fbcdn.net/v/t51.2885-19/472858618_1881976802210447_9092210131969105199_n.jpg?stp=dst-jpg_s150x150_tt6&efg=eyJ2ZW5jb2RlX3RhZyI6InByb2ZpbGVfcGljLmRqYW5nby4xMDgwLmMyIn0&_nc_ht=instagram.fpmw2-1.fna.fbcdn.net&_nc_cat=111&_nc_oc=Q6cZ2QH544KKhgrr2qHye1NU1mHoUhs28pmGERdOkQjq2Rfu_AAD6i8hglA6JsHPsU2rPDJgCxq8PgpTwzfkaO3n1f0t&_nc_ohc=Ro_QBxvCx98Q7kNvwGpmkbE&_nc_gid=1kg6XtCGkDQFfonCU2UYhg&edm=APQMUHMBAAAA&ccb=7-5&oh=00_AfQLnMvUl-_45FsUnTTbkDQBd_pr5Hc5yi2Z4U-kwGltmA&oe=689293D8&_nc_sid=6ff7c8,Seguir,elisaemanoel Elisângela&Manoel 0 posts 0 715 715 5.076 5.076,0,0,0,https://www.threads.com/@elisaemanoel?xmt=AQF0kWhs3FF3IzWFm4DrxsJZTS6VYTYeVosaqiuEAqyrxvk,False,Pública,0,,,False,0,0,0
